family	granularity	feature	n_rows	n_observed	coverage_pct	zero_pct	mean	median	sd	min	max	iqr	skew	n_unique	low_coverage	near_constant	sparse_count	strongly_skewed	recommended_handling
audio_prosody	participant_task	audio_energy_mean	108	108	100.0	0.0	0.21134877662136006	0.19681328545427973	0.08082076896991888	0.0989477179116672	0.6295450946146791	0.08158397686560781	2.000899218022278	108	False	False	False	True	transform or robust-scale
audio_prosody	participant_task	audio_hnr_mean	108	108	100.0	0.0	3.848485116607183	3.68364762266477	1.3254266405714064	1.528035561243693	6.968106455273098	2.1277470890329115	0.22986376328970246	108	False	False	False	False	eligible for theory review
audio_prosody	participant_task	audio_pitch_mean	108	108	100.0	0.0	27.13890692736829	26.641489266494695	2.0847342257619474	23.683229446411133	32.736706004423255	2.8951863428558973	0.8075099813230403	108	False	False	False	False	eligible for theory review
audio_prosody	participant_task	audio_pitch_sd	108	108	100.0	0.0	0.22572015959971403	0.22664916805095137	0.03382893354737191	0.1399179329829556	0.3175629302859306	0.039484941804295653	0.09035994579659085	108	False	False	False	False	eligible for theory review
bert_semantics	window	bert_umap1	813	813	100.0	0.0	5.053850933675769	-0.33948326	9.742643574564406	-1.8432958	21.552654	22.1782298	1.0533540336473215	813	False	False	False	True	transform or robust-scale
bert_semantics	window	bert_umap10	813	813	100.0	0.0	5.627482106150063	5.8645406	0.7102861979602443	4.3471823	6.689047	1.3924136999999996	-0.4003355142724808	813	False	False	False	False	eligible for theory review
bert_semantics	window	bert_umap2	813	813	100.0	0.0	4.7102537680196805	4.7280846	0.6891206632996548	3.654376	5.7983046	1.3827518999999997	0.04353273219128709	813	False	False	False	False	eligible for theory review
bert_semantics	window	bert_umap3	813	813	100.0	0.0	4.703681879581795	4.805473	0.6246897691926624	3.349466	5.9158072	0.9416346999999998	-0.09883229283204795	813	False	False	False	False	eligible for theory review
bert_semantics	window	bert_umap4	813	813	100.0	0.0	4.187110309225092	3.4531527	1.6562161877497106	1.9224628	7.1390357	3.4343790000000003	0.881911620481308	813	False	False	False	False	eligible for theory review
bert_semantics	window	bert_umap5	813	813	100.0	0.0	6.027081172693727	6.051092	1.3578755770802797	3.9493225	8.004227	2.9691585	-0.09286463494238699	813	False	False	False	False	eligible for theory review
bert_semantics	window	bert_umap6	813	813	100.0	0.0	3.7782415184501845	3.8735058	1.259493088052638	1.6879666	5.5444717	2.5141340000000003	-0.14833920042172022	812	False	False	False	False	eligible for theory review
bert_semantics	window	bert_umap7	813	813	100.0	0.0	3.046222343788438	3.1216788	0.8885028093764443	1.3836545	4.6162543	1.7008785999999998	-0.03904291945016951	813	False	False	False	False	eligible for theory review
bert_semantics	window	bert_umap8	813	813	100.0	0.0	2.4290700826076264	2.0869749	1.3544528096306054	0.10447969	4.672455	2.81855	0.35514030655649875	813	False	False	False	False	eligible for theory review
bert_semantics	window	bert_umap9	813	813	100.0	0.0	5.538341347847478	5.501723	0.3305331740083856	4.882047	6.2842083	0.4589753999999999	0.36239391637194013	813	False	False	False	False	eligible for theory review
bert_semantics	window	word_count	813	813	100.0	26.56826568265683	41.78228782287823	42.0	36.148408943460524	0.0	150.0	71.0	0.34813480499642196	125	False	False	False	False	eligible for theory review
dialogue_acts_keyword	window	da_agreement	597	597	100.0	80.56951423785594	0.0038910008968635335	0.0	0.009884607700982595	0.0	0.0833333333333333	0.0	3.6742711960905168	22	False	False	True	True	review: sparse count
dialogue_acts_keyword	window	da_backchannel	597	597	100.0	24.958123953098827	0.027142322295598233	0.0238095238095238	0.027593405397790198	0.0	0.3333333333333333	0.0357142857142857	3.7211316792065463	55	False	False	False	True	transform or robust-scale
dialogue_acts_keyword	window	da_compromise	597	597	100.0	97.98994974874373	0.00041739588074202243	0.0	0.0031595458499523127	0.0	0.0333333333333333	0.0	8.452177683615256	9	False	False	True	True	review: sparse count
dialogue_acts_keyword	window	da_decision	597	597	100.0	95.97989949748744	0.0005591847509770439	0.0	0.003036417528268201	0.0	0.0277777777777777	0.0	6.1785807921963745	13	False	False	True	True	review: sparse count
dialogue_acts_keyword	window	da_disagreement	597	597	100.0	95.97989949748744	0.0010287548855388046	0.0	0.007636596519074285	0.0	0.1333333333333333	0.0	12.974421249932744	11	False	False	True	True	review: sparse count
dialogue_acts_keyword	window	da_hedge	597	597	100.0	58.291457286432156	0.010857895646658441	0.0	0.01849690738434261	0.0	0.1153846153846153	0.0153846153846153	2.44742867249191	31	False	False	False	True	transform or robust-scale
dialogue_acts_keyword	window	da_n_speakers	597	597	100.0	0.0	2.3266331658291457	2.0	0.9943688199587898	1.0	4.0	1.0	0.19303015955696265	4	False	False	False	False	eligible for theory review
dialogue_acts_keyword	window	da_n_utterances	597	597	100.0	0.0	5.440536013400335	5.0	3.3954022971052247	1.0	23.0	5.0	1.0925026782961882	18	False	False	False	True	transform or robust-scale
dialogue_acts_keyword	window	da_proposal	597	597	100.0	91.79229480737018	0.0019147263493997123	0.0	0.009889052258613215	0.0	0.1666666666666666	0.0	10.430588746630363	16	False	False	True	True	review: sparse count
dialogue_acts_keyword	window	da_question	597	597	100.0	53.60134003350083	0.01658463169254014	0.0	0.025138425246302127	0.0	0.1666666666666666	0.0277777777777777	2.206073286635997	51	False	False	False	True	transform or robust-scale
dialogue_acts_keyword	window	da_statement	597	597	100.0	53.768844221105525	0.017996216703485623	0.0	0.02897490941492789	0.0	0.2222222222222222	0.0277777777777777	2.877860579482434	33	False	False	False	True	transform or robust-scale
dialogue_acts_nli	window	da_agreement	597	597	100.0	0.0	0.046787388089848544	0.0415160860866308	0.024715529689917155	0.0032985380385071	0.2728630118072033	0.020524652646138106	2.938038391067687	585	False	False	False	True	transform or robust-scale
dialogue_acts_nli	window	da_answer	597	597	100.0	0.0	0.01365484635061677	0.0085720365002219	0.01762317308748163	0.001127629133407	0.2133724093437194	0.007416052278131201	5.070989736615326	585	False	False	False	True	transform or robust-scale
dialogue_acts_nli	window	da_backchannel	597	597	100.0	0.0	0.053862330421837884	0.0514980290026869	0.02266203802035673	0.0029030167497694	0.2624954581260681	0.022715449146926407	2.0618336053235375	585	False	False	False	True	transform or robust-scale
dialogue_acts_nli	window	da_compromise	597	597	100.0	0.0	0.07190674045669333	0.0461651803925633	0.07087536733370187	0.0037267820443958	0.4720184174366295	0.04884854497920191	2.599263102296858	585	False	False	False	True	transform or robust-scale
dialogue_acts_nli	window	da_decision	597	597	100.0	0.0	0.06531601500029939	0.0530223455280065	0.05075665770734928	0.0051284446381032	0.7021859288215637	0.029463001604502402	5.890179005676887	585	False	False	False	True	transform or robust-scale
dialogue_acts_nli	window	da_disagreement	597	597	100.0	0.0	0.05035036302137502	0.0491420702310279	0.025202384593420456	0.0019928836263716	0.2521541764338811	0.026608366022507296	1.727919270323263	585	False	False	False	True	transform or robust-scale
dialogue_acts_nli	window	da_hedge	597	597	100.0	0.0	0.4465984622400781	0.4551364779472351	0.1291603878337466	0.0262181926518678	0.8718549609184265	0.1583211234815065	-0.24760511791723924	585	False	False	False	False	eligible for theory review
dialogue_acts_nli	window	da_n_speakers	597	597	100.0	0.0	2.3266331658291457	2.0	0.9943688199587898	1.0	4.0	1.0	0.19303015955696265	4	False	False	False	False	eligible for theory review
dialogue_acts_nli	window	da_n_utterances	597	597	100.0	0.0	5.440536013400335	5.0	3.3954022971052247	1.0	23.0	5.0	1.0925026782961882	18	False	False	False	True	transform or robust-scale
dialogue_acts_nli	window	da_proposal	597	597	100.0	0.0	0.07545417499478463	0.0473921652883291	0.07605409408313084	0.0021890001371502	0.6619875431060791	0.0627238120650873	3.079603877722468	585	False	False	False	True	transform or robust-scale
dialogue_acts_nli	window	da_question	597	597	100.0	0.0	0.029971695423307698	0.0228902321412331	0.027974286824315655	0.0023352880962193	0.3233563601970672	0.016098797088488898	4.958674256079173	585	False	False	False	True	transform or robust-scale
dialogue_acts_nli	window	da_statement	597	597	100.0	0.0	0.11147144068222081	0.0963514330131667	0.06983241760773753	0.0090352650731801	0.6250478029251099	0.07101730249511701	2.1686799229228053	585	False	False	False	True	transform or robust-scale
eye_tracking	window	blink_count_est	8248	8248	100.0	19.73811833171678	7.6722841901066925	6.0	6.81581538895057	0.0	40.0	10.0	1.0176598304920916	41	False	False	False	True	transform or robust-scale
eye_tracking	window	blink_rate_per_min	8248	6672	80.89233753637245	0.7793764988009593	19.011904875501923	16.01366339139423	12.691531934881557	0.0	80.01507750777216	16.020325862661572	1.0959484770610624	3301	False	False	False	True	transform or robust-scale
eye_tracking	window	gaze_dispersion	8248	8184	99.22405431619786	0.0	0.14397126642324629	0.1387441361384405	0.060474802939772906	0.0172856222535544	0.648633505507109	0.08282252920980553	0.785697368720977	8184	False	False	False	False	eligible for theory review
eye_tracking	window	gaze_out_of_bounds_frac	8248	8188	99.2725509214355	27.015144113336593	0.03018771127569974	0.00252207923647115	0.08817509676419276	0.0	1.0	0.017904814223857222	5.669519726577742	4218	False	False	False	True	transform or robust-scale
eye_tracking	window	gaze_velocity_mean	8248	8176	99.1270611057226	0.0	0.9465609802688746	0.5803212798362822	4.226097091022658	0.0428772325246923	186.55380907039495	0.3602619273620882	30.374369537111264	8171	False	False	False	True	transform or robust-scale
eye_tracking	window	gaze_velocity_p95	8248	8176	99.1270611057226	0.0	4.042097141292837	2.7916716468898404	13.689235241015405	0.0749097784240359	490.60569486934514	1.5230490026552075	27.680281837040003	8169	False	False	False	True	transform or robust-scale
eye_tracking	window	gaze_x_mean	8248	8188	99.2725509214355	0.0	0.5029286791632643	0.5043891860835847	0.06441793101469395	0.0682044715447154	0.8700535714285714	0.07239695374952082	-0.1068399208177281	8187	False	False	False	False	eligible for theory review
eye_tracking	window	gaze_x_std	8248	8188	99.2725509214355	0.048851978505129456	0.09915024201580198	0.0949302503335378	0.051262844853600595	0.0	1.203880272527709	0.054502901625069114	4.555177017927811	8185	False	False	False	True	transform or robust-scale
eye_tracking	window	gaze_y_mean	8248	8188	99.2725509214355	0.0	0.590180717049865	0.5765746155494191	0.1387261058514132	0.1044112068965517	1.083344124506008	0.1910095575271299	0.3932904603740462	8187	False	False	False	False	eligible for theory review
eye_tracking	window	gaze_y_std	8248	8188	99.2725509214355	0.048851978505129456	0.13413883924656522	0.1271498176574983	0.06639305042961739	0.0	1.086447648244259	0.08792224423345495	1.7962718205869999	8185	False	False	False	True	transform or robust-scale
eye_tracking	window	pupil_left_mean	8248	8143	98.72696411251212	0.0	3.0111212030790893	2.9948405105342903	0.42453026444691705	1.5961	6.426	0.5402447884080006	0.6116038429999584	8135	False	False	False	False	eligible for theory review
eye_tracking	window	pupil_left_missing_frac	8248	8248	100.0	0.21823472356935014	0.16483181145031173	0.0928523714094856	0.2095758668382382	0.0	1.0	0.1242570016576362	2.5673609975053258	2814	False	False	False	True	transform or robust-scale
eye_tracking	window	pupil_left_std	8248	8143	98.72696411251212	0.15964632199435097	0.243604510100543	0.2162964368675327	0.14891051428843088	0.0	2.1642838376341857	0.13352051898600256	4.091935412115752	8127	False	False	False	True	transform or robust-scale
eye_tracking	window	pupil_lr_diff_mean	8248	8102	98.22987390882638	0.0	0.20587235863668935	0.1751129896643614	0.15419869472395945	0.0199345070422535	3.433666746666667	0.1381936036716581	5.897630345909641	8087	False	False	False	True	transform or robust-scale
eye_tracking	window	pupil_mean	8248	8188	99.2725509214355	0.0	3.0055575279207707	2.9865552026272466	0.3878610331694025	1.4365	4.963326271186441	0.5075245337602636	0.3055621153191015	8187	False	False	False	False	eligible for theory review
eye_tracking	window	pupil_missing_frac	8248	8248	100.0	16.185741998060134	0.09930764242485221	0.0494321977287909	0.18282552280846817	0.0	1.0	0.070808283233133	3.5828269308126544	1178	False	False	False	True	transform or robust-scale
eye_tracking	window	pupil_range	8248	8184	99.22405431619786	0.0	2.9705548011433285	2.6425	1.5065819735962502	0.0009999300000003	10.156	1.78425	1.1194870623470246	5654	False	False	False	True	transform or robust-scale
eye_tracking	window	pupil_right_mean	8248	8184	99.22405431619786	0.0	3.010104859938749	2.985948974919519	0.38454504229359293	1.382	4.298175413371675	0.5093272552071513	0.15053504666689022	8178	False	False	False	False	eligible for theory review
eye_tracking	window	pupil_right_missing_frac	8248	8248	100.0	0.38797284190106696	0.1528733425607	0.0821643286573146	0.2056996943585345	0.0	1.0	0.10821643286573149	2.62963441456504	2771	False	False	False	True	transform or robust-scale
eye_tracking	window	pupil_right_std	8248	8184	99.22405431619786	0.0855327468230694	0.22361402230530228	0.20994621600283642	0.09975444431473218	0.0	1.3592949341214131	0.11637024050836522	1.6238790225030866	8173	False	False	False	True	transform or robust-scale
eye_tracking	window	pupil_slope_per_s	8248	8184	99.22405431619786	0.0	0.00034497598265234526	-9.927191274673182e-06	0.038029991517709374	-0.4856361496084486	3.252424760993365	0.0026628741246015252	76.46243458957458	8184	False	False	False	True	transform or robust-scale
eye_tracking	window	pupil_std	8248	8188	99.2725509214355	0.048851978505129456	0.2358652563350013	0.2188383424464285	0.12024843959548785	0.0	1.99101622057205	0.12518748991882872	3.1764059444225605	8185	False	False	False	True	transform or robust-scale
eye_tracking	window	pupil_velocity_mean	8248	8176	99.1270611057226	0.0	3.1193479004891436	2.14093327081968	8.892153072620832	0.2455620932331952	335.3234454567077	1.8527017152155603	28.129863284158628	8171	False	False	False	True	transform or robust-scale
lexical	window	lex_agreement_count	682	682	100.0	36.65689149560117	1.8768328445747802	1.0	2.2649905131990002	0.0	13.0	3.0	1.6580951904152301	14	False	False	False	True	transform or robust-scale
lexical	window	lex_bigram_entropy	682	513	75.2199413489736	1.364522417153996	5.3935889640391474	5.776000176124752	1.2400350922630372	0.0	6.94144059228396	1.1521409767992576	-2.0504944542439625	367	True	False	False	True	review: low coverage
lexical	window	lex_certainty_count	682	682	100.0	76.83284457478005	0.32111436950146627	0.0	0.6644706339014865	0.0	4.0	0.0	2.3029798811901148	5	False	False	False	True	transform or robust-scale
lexical	window	lex_clause_density	682	513	75.2199413489736	0.0	2.1634559377034437	1.8571428571428568	1.2585398790455908	1.0	14.0	1.3333333333333333	3.4328475818696784	98	True	False	False	True	review: low coverage
lexical	window	lex_concreteness_mean	682	511	74.9266862170088	0.0	2.408706365716906	2.3974528301886795	0.18054430039224484	1.71	3.30764705882353	0.2165230158730158	0.5210654261679583	508	True	False	False	False	review: low coverage
lexical	window	lex_concreteness_std	682	511	74.9266862170088	0.7827788649706457	0.8986351534528848	0.9023620650413514	0.15673677295857563	0.0	1.425	0.1509095141732103	-2.0177847033668375	508	True	False	False	True	review: low coverage
lexical	window	lex_dm_additive	682	682	100.0	46.48093841642228	1.6495601173020529	1.0	2.069726147596069	0.0	10.0	3.0	1.3257564876702457	11	False	False	False	True	transform or robust-scale
lexical	window	lex_dm_causal	682	682	100.0	50.29325513196481	0.8489736070381232	0.0	1.0915805684120132	0.0	6.0	1.0	1.4572658159859473	7	False	False	False	True	transform or robust-scale
lexical	window	lex_dm_contrast	682	682	100.0	65.24926686217009	0.5381231671554252	0.0	0.8917214272127293	0.0	7.0	1.0	2.07812137930143	6	False	False	False	True	transform or robust-scale
lexical	window	lex_dm_elaboration	682	682	100.0	57.478005865102645	1.0850439882697946	0.0	1.801886533282763	0.0	11.0	1.0	2.118479319179399	11	False	False	False	True	transform or robust-scale
lexical	window	lex_dm_temporal	682	682	100.0	73.60703812316716	0.38269794721407624	0.0	0.7401986435938388	0.0	4.0	1.0	2.1948749279826867	5	False	False	False	True	transform or robust-scale
lexical	window	lex_hedging_count	682	682	100.0	37.24340175953079	2.7008797653958942	2.0	3.033096795445941	0.0	13.0	5.0	1.1220081326695386	14	False	False	False	True	transform or robust-scale
lexical	window	lex_i_count	682	682	100.0	37.82991202346041	1.8284457478005864	1.0	2.0229694783333327	0.0	13.0	3.0	1.2308052752333176	12	False	False	False	True	transform or robust-scale
lexical	window	lex_long_word_ratio	682	513	75.2199413489736	5.263157894736842	0.12970658596162998	0.1287128712871287	0.06778258048700005	0.0	0.5454545454545454	0.0870912220309811	0.6351149645247168	309	True	False	False	False	review: low coverage
lexical	window	lex_mean_word_len	682	513	75.2199413489736	0.0	4.0809584728172466	4.081967213114754	0.4405565943259172	2.5	6.545454545454546	0.5109289617486339	0.18475328095243979	448	True	False	False	False	review: low coverage
lexical	window	lex_negative_count	682	682	100.0	92.37536656891496	0.08504398826979472	0.0	0.3091066391421417	0.0	2.0	0.0	3.838660774497094	3	False	False	True	True	review: sparse count
lexical	window	lex_parse_depth_mean	682	513	75.2199413489736	0.0	2.2238967141964205	2.13953488372093	0.936847576465928	0.5	5.918032786885246	1.2091503267973855	0.7838381795432248	450	True	False	False	False	review: low coverage
lexical	window	lex_positive_count	682	682	100.0	48.97360703812317	1.2976539589442815	1.0	1.8000555735972807	0.0	11.0	2.0	1.703559301319038	11	False	False	False	True	transform or robust-scale
lexical	window	lex_question_count	682	682	100.0	66.27565982404691	0.5850439882697948	0.0	1.020759160550519	0.0	7.0	1.0	2.2363702447663125	7	False	False	False	True	transform or robust-scale
lexical	window	lex_sentiment_ratio	682	513	75.2199413489736	34.1130604288499	0.4003991460131811	0.5	0.33751216955499513	-0.5	0.9166666666666666	0.6666666666666666	-0.29811070598486367	19	True	False	False	False	review: low coverage
lexical	window	lex_social_composite	682	513	75.2199413489736	8.187134502923977	0.09042136099607434	0.0666666666666666	0.10721568535776298	0.0	1.0	0.07159090909090901	4.846403751341431	271	True	False	False	True	review: low coverage
lexical	window	lex_subordination_ratio	682	513	75.2199413489736	10.916179337231968	0.428762953099409	0.4615384615384615	0.23604098291285974	0.0	0.9285714285714286	0.375	-0.3329337214504349	98	True	False	False	False	review: low coverage
lexical	window	lex_suggestion_count	682	682	100.0	87.3900293255132	0.15395894428152493	0.0	0.44165339938032805	0.0	3.0	0.0	3.2679561803796413	4	False	False	True	True	review: sparse count
lexical	window	lex_trigram_entropy	682	513	75.2199413489736	2.144249512670565	5.406559850227883	5.814846439192345	1.331378799651955	0.0	7.10134525752084	1.1650592462704994	-2.090929220810263	245	True	False	False	True	review: low coverage
lexical	window	lex_ttr	682	513	75.2199413489736	0.0	0.7639296289246642	0.75	0.11468850371296446	0.4891304347826087	1.0	0.14864864864864868	0.39468957809582944	323	True	False	False	False	review: low coverage
lexical	window	lex_turn_cohesion	682	479	70.23460410557185	14.19624217118998	0.06921378932043892	0.0547785547785547	0.0635340699782224	0.0	0.4	0.0718330857506923	1.5951047319150353	366	True	False	False	True	review: low coverage
lexical	window	lex_unique_words	682	682	100.0	24.780058651026394	31.281524926686217	35.0	24.128569816125125	0.0	90.0	50.0	0.005642811895481201	83	False	False	False	False	eligible for theory review
lexical	window	lex_vader_compound	682	513	75.2199413489736	4.28849902534113	0.6529584795321638	0.7835	0.362210269467667	-0.8327	0.9909	0.39890000000000003	-1.5368807938761329	397	True	False	False	True	review: low coverage
lexical	window	lex_vader_neg	682	513	75.2199413489736	53.80116959064327	0.027169590643274854	0.0	0.04588254037174612	0.0	0.431	0.043	3.6752674053066636	99	True	False	False	True	review: low coverage
lexical	window	lex_vader_neu	682	513	75.2199413489736	0.7797270955165692	0.7784775828460039	0.792	0.1406840847556004	0.0	1.0	0.14800000000000002	-1.9396213048990993	272	True	False	False	True	review: low coverage
lexical	window	lex_vader_pos	682	513	75.2199413489736	5.458089668615984	0.19438206627680313	0.175	0.13831113811892884	0.0	1.0	0.14	2.233948801806923	273	True	False	False	True	review: low coverage
lexical	window	lex_we_count	682	682	100.0	56.451612903225815	0.9384164222873901	0.0	1.4221932400160113	0.0	10.0	1.75	1.982710742588547	10	False	False	False	True	transform or robust-scale
lexical	window	lex_we_i_ratio	682	466	68.32844574780059	36.26609442060086	0.3267196084792651	0.26785714285714285	0.32208276984850837	0.0	1.0	0.5	0.6688491189238857	30	True	False	False	False	review: low coverage
lexical	window	lex_word_count	682	682	100.0	24.780058651026394	43.52052785923754	46.0	35.84892866811977	0.0	150.0	71.0	0.25658405771225806	121	False	False	False	False	eligible for theory review
lexical	window	lex_word_gini	682	513	75.2199413489736	0.0	0.594427291970939	0.61	0.1473667569501331	0.075	0.75	0.24390243902439024	-0.8160360032246934	327	True	False	False	False	review: low coverage
lexical	window	lex_word_hhi	682	513	75.2199413489736	0.0	0.6792836000642312	0.6070415879017014	0.24265814339951336	0.255	1.0	0.5	0.15260846809538647	356	True	False	False	False	review: low coverage
lexical	window	n_speakers	682	682	100.0	24.633431085043988	1.7126099706744868	2.0	1.3038244626655946	0.0	4.0	2.0	0.14903779393052782	5	False	False	False	False	eligible for theory review
lexical	window	n_spk_rows	682	682	100.0	24.633431085043988	3.9589442815249267	3.0	3.589602058262909	0.0	17.0	5.0	0.8668709700241393	17	False	False	False	False	eligible for theory review
participant_traits	participant	age	40	40	100.0	0.0	35.35	34.0	9.20855232365196	23.0	58.0	15.0	0.7147310800525701	23	False	False	False	False	eligible for theory review
participant_traits	participant	bfi44_a	40	40	100.0	0.0	3.9055249999999995	3.889	0.44123399150157305	3.0	4.667	0.6105000000000009	-0.18439869084195204	14	False	False	False	False	eligible for theory review
participant_traits	participant	bfi44_c	40	40	100.0	0.0	3.76385	3.8335	0.4989034411484287	2.667	4.889	0.6669999999999998	-0.08702461862738879	17	False	False	False	False	eligible for theory review
participant_traits	participant	bfi44_e	40	40	100.0	0.0	3.284375	3.25	0.583553644294362	1.875	4.375	0.875	-0.14512272460948356	16	False	False	False	False	eligible for theory review
participant_traits	participant	bfi44_n	40	40	100.0	0.0	2.490625	2.5	0.6369923192186777	1.375	4.0	1.0	0.2991831687645385	19	False	False	False	False	eligible for theory review
participant_traits	participant	bfi44_o	40	40	100.0	0.0	3.595	3.6	0.5118844020144012	2.4	4.6	0.6499999999999999	-0.03233992441889903	17	False	False	False	False	eligible for theory review
physiology	window	accel_dynamic_mean	8588	8588	100.0	13.47228691197019	0.03832632326333399	0.012311455366755951	0.07446470143469361	0.0	0.3643171292695148	0.02579713298458885	2.8584526649692448	7432	False	False	False	True	transform or robust-scale
physiology	window	accel_dynamic_p95	8588	8588	100.0	13.47228691197019	0.1496336436660108	0.04397685970509885	0.280875914148683	0.0	1.0673504678029613	0.10733308021145431	2.53127889481896	7422	False	False	False	True	transform or robust-scale
physiology	window	accel_high_fraction	8588	8588	100.0	83.72147182114578	0.0012544493165607933	0.0	0.004233947309895509	0.0	0.0696378830083565	0.0	6.129825251120603	677	False	False	True	True	review: sparse count
physiology	window	accel_jerk_mean	8588	8588	100.0	13.47228691197019	0.746291871368859	0.15378743480315837	1.789438379575543	0.0	15.4348041508757	0.31406003283816974	3.0966957320421993	7432	False	False	False	True	transform or robust-scale
physiology	window	accel_jerk_p95	8588	8588	100.0	13.483931066604566	2.125190882345576	0.6691210037475319	3.6663024273017415	0.0	26.83601827422792	1.6121296731308883	2.374771479253598	7428	False	False	False	True	transform or robust-scale
physiology	window	accel_motion_max	8588	8588	100.0	5.216581276199348	1.1896679498143918	1.1353814213981137	0.5041944542948729	0.0	8.667574862670643	0.3126403431263276	1.43732591272186	5199	False	False	False	True	transform or robust-scale
physiology	window	accel_motion_mean	8588	8588	100.0	5.216581276199348	0.9089103708985393	0.9963399399768694	0.2683322693343492	0.0	1.0853481254472483	0.07316748145786933	-2.7333489545623406	7445	False	False	False	True	transform or robust-scale
physiology	window	accel_motion_p95	8588	8588	100.0	5.216581276199348	0.9702721636184908	1.0396219279383905	0.2811717546172721	0.0	1.618027811874691	0.07035877347287589	-2.8572286394132815	7271	False	False	False	True	transform or robust-scale
physiology	window	accel_motion_std	8588	8588	100.0	9.140661387983233	0.06963599961110609	0.0256618631461564	0.11970780535809337	0.0	0.6517156286381902	0.05738938465147337	2.511652486589052	7436	False	False	False	True	transform or robust-scale
physiology	window	eda_max	8588	7911	92.11690731252911	0.0	0.37492093949618255	0.101505	1.7117399689040322	0.030001	47.599064	0.2059165	16.581478821780625	4660	False	False	False	True	transform or robust-scale
physiology	window	eda_mean	8588	7911	92.11690731252911	0.0	0.22757917159963742	0.0840737228915662	0.5623745639389629	0.0300002083333333	10.016937634551496	0.15721617612362884	7.077917590496511	7431	False	False	False	True	transform or robust-scale
physiology	window	eda_median	8588	7911	92.11690731252911	0.0	0.22531508940657316	0.083873	0.54118821285894	0.03	7.184869	0.15981499999999998	6.6775435017005575	5484	False	False	False	True	transform or robust-scale
physiology	window	eda_min	8588	7911	92.11690731252911	0.0	0.1538591061612944	0.0482079983	0.3489335520128521	0.029995	6.016965	0.09719150049999999	5.799696736547356	3549	False	False	False	True	transform or robust-scale
physiology	window	eda_p95	8588	7911	92.11690731252911	0.0	0.2879004499323133	0.094879	1.0536770152446058	0.030001	37.738373	0.1839245	19.10136491059554	5613	False	False	False	True	transform or robust-scale
physiology	window	eda_phasic_mean	8588	7911	92.11690731252911	0.012640626975097966	0.00043247389289871434	1.0114237346198932e-14	0.024279565147294728	-0.4821156645882263	1.1963675759185517	0.00021083477798720804	25.444644986767905	7908	False	False	False	True	transform or robust-scale
physiology	window	eda_phasic_rate_hz	8588	7911	92.11690731252911	35.69713057767665	0.1351462973550531	0.1000379677432548	0.15744540394013148	0.0	0.9013216981379002	0.23346014110022295	1.296808962381597	4696	False	False	False	True	transform or robust-scale
physiology	window	eda_phasic_std	8588	7911	92.11690731252911	1.3904689672607762	0.03005078684969867	0.0025805538119188	0.22429493661999644	0.0	7.971780441655111	0.013460066385290863	22.80338358316612	7793	False	False	False	True	transform or robust-scale
physiology	window	eda_scr_amplitude_mean	8588	5087	59.23381462505822	0.0	0.12700812320072868	0.0179399955308424	0.7774890454124662	0.0020001094057838	18.78104070299381	0.050226971619365096	14.61825926215112	5087	True	False	False	True	review: low coverage
physiology	window	eda_scr_amplitude_p95	8588	5087	59.23381462505822	0.0	0.23832237827674596	0.0336606307855346	1.4996135276061657	0.0020001094057838	35.80898358155571	0.0902892279845707	15.39056739359005	5087	True	False	False	True	review: low coverage
physiology	window	eda_scr_count	8588	8588	100.0	40.76618537494178	3.7283418723800654	2.0	4.6552664745950985	0.0	27.0	6.0	1.3955039052047282	28	False	False	False	True	transform or robust-scale
physiology	window	eda_scr_peak_rate_per_min	8588	7911	92.11690731252911	35.69713057767665	8.108777841303187	6.002278064595289	9.446724236407888	0.0	54.07930188827401	14.00760846601338	1.296808962381597	4696	False	False	False	True	transform or robust-scale
physiology	window	eda_scr_rate_hz	8588	7911	92.11690731252911	35.69713057767665	0.1351462973550531	0.1000379677432548	0.15744540394013148	0.0	0.9013216981379002	0.23346014110022295	1.296808962381597	4696	False	False	False	True	transform or robust-scale
physiology	window	eda_slope	8588	7911	92.11690731252911	2.932625458222728	1.4919858812897385e-05	3.4928465290386054e-19	0.003270658775925995	-0.1042847181489576	0.1586491264069831	7.381461626782957e-05	13.399829616712138	7680	False	False	False	True	transform or robust-scale
physiology	window	eda_slope_per_s	8588	7911	92.11690731252911	2.932625458222728	1.4919858812897385e-05	3.4928465290386054e-19	0.003270658775925995	-0.1042847181489576	0.1586491264069831	7.381461626782957e-05	13.399829616712138	7680	False	False	False	True	transform or robust-scale
physiology	window	eda_std	8588	7911	92.11690731252911	2.932625458222728	0.03838846722314172	0.0040164133247944	0.2616261454297927	0.0	8.78318803104851	0.018669591980155	22.9654275707569	7426	False	False	False	True	transform or robust-scale
physiology	window	eda_tonic_mean	8588	7911	92.11690731252911	0.0	0.2271252258867553	0.0841738243955963	0.559370901276502	0.0291720645750066	10.464285903215018	0.15736121651873086	7.0817294665479364	7832	False	False	False	True	transform or robust-scale
physiology	window	eda_tonic_median	8588	7911	92.11690731252911	0.0	0.22684120035769784	0.0839635039917345	0.5585091301515325	0.0292546191510733	10.27307923954848	0.15831123871533032	7.103465595840588	7831	False	False	False	True	transform or robust-scale
physiology	window	eda_tonic_slope	8588	7911	92.11690731252911	0.48034382505372264	3.759320904985187e-05	2.313907811826348e-16	0.0027883176638208275	-0.0985916298368639	0.099194310333007	6.990164459380075e-05	2.465391748181045	7874	False	False	False	True	transform or robust-scale
physiology	window	eda_tonic_std	8588	7911	92.11690731252911	0.48034382505372264	0.018358372467889753	0.0019396689034434	0.110417297223458	0.0	3.675143660839802	0.009294492244988644	20.270847054152732	7796	False	False	False	True	transform or robust-scale
physiology	window	gyro_dynamic_mean	8588	8588	100.0	13.542151839776432	8.560689416957237	4.7489511513037685	10.817866447717758	0.0	105.38945566890094	11.526234003289318	2.2131570015438995	7425	False	False	False	True	transform or robust-scale
physiology	window	gyro_dynamic_p95	8588	8588	100.0	13.542151839776432	40.47206137395334	21.108796297650528	50.10615151421324	0.0	459.4482796281418	57.109233922857925	1.8118403856580783	7400	False	False	False	True	transform or robust-scale
physiology	window	gyro_jerk_mean	8588	8588	100.0	13.542151839776432	61.74628422110234	35.10486615625797	79.806789474145	0.0	830.5844118745223	76.19835447503755	2.709670869375079	7425	False	False	False	True	transform or robust-scale
physiology	window	gyro_jerk_p95	8588	8588	100.0	13.553795994410805	308.490726357652	144.95534087774226	436.45424780566873	0.0	4285.984227440899	375.486040706303	2.8454280700681225	7420	False	False	False	True	transform or robust-scale
physiology	window	gyro_motion_max	8588	8588	100.0	5.286446204005589	148.86595169826444	108.54723473992375	151.0261374141348	0.0	822.9599110977399	220.03142795830723	1.2273075421993431	5227	False	False	False	True	transform or robust-scale
physiology	window	gyro_motion_mean	8588	8588	100.0	5.286446204005589	13.96903562675752	6.423122278781655	24.339964368029616	0.0	137.89112872480234	13.4526362080125	3.852957274593047	7441	False	False	False	True	transform or robust-scale
physiology	window	gyro_motion_p95	8588	8588	100.0	5.286446204005589	47.75021892146694	26.708167878865034	55.726057804293255	0.0	509.5101247100003	66.28629449772126	1.673122444992682	7171	False	False	False	True	transform or robust-scale
physiology	window	gyro_motion_std	8588	8588	100.0	7.1727992547741035	18.747039717447013	11.722363765681266	20.563119145735033	0.0	152.7682431436558	28.569477589221172	1.382627033522397	7437	False	False	False	True	transform or robust-scale
physiology	window	hr_mean_bpm	8588	7914	92.15183977643223	0.0	71.98298627280131	69.20199501253177	25.240454789602545	36.02040619587985	209.69773299767184	24.532847693800157	2.291566780319553	7534	False	False	False	True	transform or robust-scale
physiology	window	hr_sd_bpm	8588	6743	78.51653469958082	3.514756043304167	12.899374065061624	11.54527768809216	7.496197562276065	0.0	66.23311619580497	8.149631966069716	1.3412374105387384	6493	True	False	False	True	review: low coverage
physiology	window	hrv_pnn50_pct	8588	5159	60.072193758733114	0.8528784648187633	66.15437889693516	68.0	17.094598393657567	0.0	100.0	22.226833087693436	-0.7294529572054602	467	True	False	False	False	review: low coverage
physiology	window	hrv_quality_score	8588	8588	100.0	13.495575221238937	0.612935714875118	0.6813825829866342	0.2644698320269526	0.0	0.9634146552382584	0.18579046712350133	-1.4732037695765445	7428	False	False	False	True	transform or robust-scale
physiology	window	hrv_rmssd_ms	8588	5159	60.072193758733114	0.42643923240938164	148.62352648363975	149.8664986417347	46.781488212811	0.0	299.6270383903517	66.23785095771217	-0.03547176245160636	5110	True	False	False	False	review: low coverage
physiology	window	hrv_sdnn_ms	8588	5159	60.072193758733114	0.42643923240938164	111.99788316974572	113.05703517963944	32.4770506184944	0.0	246.5765601185348	45.52869929150896	-0.15695316727844266	5134	True	False	False	False	review: low coverage
physiology	window	mag_dynamic_mean	8588	8588	100.0	13.50721937587331	3.760617843733077	1.6043537090922169	5.071295309779124	0.0	53.07503132773967	4.520648992570946	2.3382452836400125	7428	False	False	False	True	transform or robust-scale
physiology	window	mag_dynamic_p95	8588	8588	100.0	13.50721937587331	12.083419499284641	4.790407452487212	16.51926968426722	0.0	119.1174985274496	15.36204972320649	2.3001467008675194	7118	False	False	False	True	transform or robust-scale
physiology	window	mag_jerk_mean	8588	8588	100.0	13.50721937587331	34.216183744376785	7.840362537936452	95.8358266441917	0.0	734.3320202475344	2.949688770381732	3.9604451733989494	7428	False	False	False	True	transform or robust-scale
physiology	window	mag_jerk_p95	8588	8588	100.0	13.518863530507685	94.55977810314373	35.67040023228398	208.820732395342	0.0	1578.606016109202	12.081200987668748	3.590223166708933	7344	False	False	False	True	transform or robust-scale
physiology	window	mag_motion_max	8588	8588	100.0	2.689799720540289	52.06915485424405	53.55371054213927	19.600758168754535	0.0	185.1431878303925	23.187226143524853	0.10985027824877827	2938	False	False	False	False	eligible for theory review
physiology	window	mag_motion_mean	8588	8588	100.0	2.689799720540289	42.69904450223837	41.0	17.71559810322206	0.0	138.45210102048804	23.51842750686658	0.17791277319265147	7441	False	False	False	False	eligible for theory review
physiology	window	mag_motion_p95	8588	8588	100.0	2.689799720540289	49.33786912547487	49.889878733065686	18.99393437299541	0.0	167.80731864064364	23.443034977935127	0.021749452667457408	4379	False	False	False	False	eligible for theory review
physiology	window	mag_motion_std	8588	8588	100.0	10.491383325570563	5.342176340065421	2.397832300135092	7.133308735614275	0.0	54.37377528145961	6.662578765827654	2.348312967992228	7433	False	False	False	True	transform or robust-scale
physiology	window	motion_high_fraction	8588	8588	100.0	83.72147182114578	0.0012544493165607933	0.0	0.004233947309895509	0.0	0.0696378830083565	0.0	6.129825251120603	677	False	False	True	True	review: sparse count
physiology	window	motion_mean	8588	8588	100.0	5.216581276199348	0.9089103708985393	0.9963399399768694	0.2683322693343492	0.0	1.0853481254472483	0.07316748145786933	-2.7333489545623406	7445	False	False	False	True	transform or robust-scale
physiology	window	ppg_clean_ibi_count	8588	8588	100.0	13.495575221238937	19.946902654867255	20.0	13.327226818955866	0.0	63.0	21.0	0.10534286199359082	62	False	False	False	False	eligible for theory review
physiology	window	ppg_clean_ibi_fraction	8588	8588	100.0	13.495575221238937	0.6860196406148846	0.7647058823529411	0.3052608263674201	0.0	1.0	0.2908653846153846	-1.3161483045018516	384	False	False	False	True	transform or robust-scale
physiology	window	ppg_green_max	8588	7915	92.16348393106661	0.0	9965.891219204042	10727.0	4212.869313854315	490.0	41430.0	5777.0	-0.34905843919990825	4320	False	False	False	False	eligible for theory review
physiology	window	ppg_green_mean	8588	7915	92.16348393106661	0.0	8593.39335840904	9327.443113772457	3687.4806082209375	490.0	21792.03672316384	5102.333530698613	-0.4736663270397463	7435	False	False	False	False	eligible for theory review
physiology	window	ppg_green_median	8588	7915	92.16348393106661	0.0	8554.298483891345	9256.0	3709.4666543098447	490.0	21794.0	5151.0	-0.4473690934879524	5697	False	False	False	False	eligible for theory review
physiology	window	ppg_green_min	8588	7915	92.16348393106661	0.0	7796.393809222995	8138.0	3620.4570485326826	3.0	21549.0	4966.0	-0.258382747766913	4251	False	False	False	False	eligible for theory review
physiology	window	ppg_green_p95	8588	7915	92.16348393106661	0.0	9316.998780795957	10124.0	3900.8323764114384	490.0	21959.0	5563.4	-0.5782324252292562	6157	False	False	False	False	eligible for theory review
physiology	window	ppg_green_slope	8588	7915	92.16348393106661	6.1023373341756155	0.029791365189998305	0.0	11.522064456685607	-233.31670970436076	178.14868103942595	5.223806112495492	-0.19686792525687866	7433	False	False	False	False	eligible for theory review
physiology	window	ppg_green_std	8588	7915	92.16348393106661	6.1023373341756155	445.35408979237775	262.4780849357701	541.5869307314748	0.0	9857.09679855718	473.8832063734147	3.351899639726596	7433	False	False	False	True	transform or robust-scale
physiology	window	ppg_hr_agreement_bpm	8588	7429	86.50442477876106	0.013460761879122358	9.180658830220754	5.05019027057935	16.177712438179853	0.0	163.17783094113724	8.24196950548796	5.169936291890888	7397	False	False	False	True	transform or robust-scale
physiology	window	ppg_ir_max	8588	7915	92.16348393106661	0.0	164360.0445988629	176157.0	39741.17218574014	1720.0	261998.0	26927.5	-2.727286479629483	5125	False	False	False	True	transform or robust-scale
physiology	window	ppg_ir_mean	8588	7915	92.16348393106661	0.0	157717.00460578094	170672.04814305363	38092.307987788976	1592.8406015037594	215825.4721030043	28422.59336015678	-2.779319490632282	7435	False	False	False	True	transform or robust-scale
physiology	window	ppg_ir_median	8588	7915	92.16348393106661	0.0	157765.53689197724	170562.0	38222.58614181859	1615.0	216308.0	28135.0	-2.780478632106848	6985	False	False	False	True	transform or robust-scale
physiology	window	ppg_ir_min	8588	7915	92.16348393106661	0.0	149773.31509791536	163527.0	39944.72752845468	541.0	212029.0	33748.5	-2.266673585909421	5182	False	False	False	True	transform or robust-scale
physiology	window	ppg_ir_p95	8588	7915	92.16348393106661	0.0	161553.38121288692	174181.6	38682.00185071801	1720.0	216885.0	26997.92499999999	-2.8387508864192297	6812	False	False	False	True	transform or robust-scale
physiology	window	ppg_ir_slope	8588	7915	92.16348393106661	6.1023373341756155	1.4931306801018482	0.0	93.43756363031729	-1719.656882137563	2010.3388651179016	26.732388030832162	4.649282697862828	7433	False	False	False	True	transform or robust-scale
physiology	window	ppg_ir_std	8588	7915	92.16348393106661	6.1023373341756155	2742.372207296657	1265.0370198744245	4913.69656540163	0.0	85826.49774278548	2845.723155167298	7.199374098722777	7433	False	False	False	True	transform or robust-scale
physiology	window	ppg_mean	8588	7915	92.16348393106661	0.0	8593.39335840904	9327.443113772457	3687.4806082209375	490.0	21792.03672316384	5102.333530698613	-0.4736663270397463	7435	False	False	False	False	eligible for theory review
physiology	window	ppg_peak_count	8588	8588	100.0	13.495575221238937	25.024452724732186	29.0	14.187841576503246	0.0	67.0	20.0	-0.38801752814468016	65	False	False	False	False	eligible for theory review
physiology	window	ppg_pnn50_pct	8588	5159	60.072193758733114	0.8528784648187633	66.15437889693516	68.0	17.094598393657567	0.0	100.0	22.226833087693436	-0.7294529572054602	467	True	False	False	False	review: low coverage
physiology	window	ppg_rate_proxy_bpm	8588	7429	86.50442477876106	0.0	71.6789842916179	69.83288987403387	16.8143291041399	31.022862554421152	150.00000000013642	20.817221629087	1.0612309100717945	6031	False	False	False	True	transform or robust-scale
physiology	window	ppg_red_max	8588	7915	92.16348393106661	0.0	121957.18357548957	133899.0	40110.47858049772	2066.0	262143.0	45308.0	-1.3194229025158244	5272	False	False	False	True	transform or robust-scale
physiology	window	ppg_red_mean	8588	7915	92.16348393106661	0.0	114450.54948560151	126153.47310344828	37578.803926585926	2025.848120300752	173850.66666666666	45007.625131938505	-1.3913764031131757	7435	False	False	False	True	transform or robust-scale
physiology	window	ppg_red_median	8588	7915	92.16348393106661	0.0	114265.08654453569	125613.0	37695.220824192176	1991.0	174269.0	45349.75	-1.3789625715400202	7123	False	False	False	True	transform or robust-scale
physiology	window	ppg_red_min	8588	7915	92.16348393106661	0.0	109665.09210360076	120235.0	37986.3660569655	667.0	169088.0	49481.0	-1.2252234285871573	5300	False	False	False	True	transform or robust-scale
physiology	window	ppg_red_p95	8588	7915	92.16348393106661	0.0	117979.97508528111	129913.0	38393.68614222747	2066.0	193562.0	45137.274999999994	-1.4243397258763555	6896	False	False	False	True	transform or robust-scale
physiology	window	ppg_red_slope	8588	7915	92.16348393106661	6.1023373341756155	1.0207160729320826	0.0	77.44913333899025	-1293.0937803553834	1685.903174272713	18.994644373092946	3.255149161654001	7433	False	False	False	True	transform or robust-scale
physiology	window	ppg_red_std	8588	7915	92.16348393106661	6.1023373341756155	2290.03952289583	843.6255998421141	4198.143078886829	0.0	73193.66818348983	2065.006190623716	5.713396668919832	7433	False	False	False	True	transform or robust-scale
physiology	window	ppg_rmssd_ms	8588	5159	60.072193758733114	0.42643923240938164	148.62352648363975	149.8664986417347	46.781488212811	0.0	299.6270383903517	66.23785095771217	-0.03547176245160636	5110	True	False	False	False	review: low coverage
physiology	window	ppg_sdnn_ms	8588	5159	60.072193758733114	0.42643923240938164	111.99788316974572	113.05703517963944	32.4770506184944	0.0	246.5765601185348	45.52869929150896	-0.15695316727844266	5134	True	False	False	False	review: low coverage
physiology	window	ppg_std	8588	7915	92.16348393106661	6.1023373341756155	445.35408979237775	262.4780849357701	541.5869307314748	0.0	9857.09679855718	473.8832063734147	3.351899639726596	7433	False	False	False	True	transform or robust-scale
physiology	window	scr_count	8588	8588	100.0	40.76618537494178	3.7283418723800654	2.0	4.6552664745950985	0.0	27.0	6.0	1.3955039052047282	28	False	False	False	True	transform or robust-scale
physiology	window	scr_rate_hz	8588	7911	92.11690731252911	35.69713057767665	0.1351462973550531	0.1000379677432548	0.15744540394013148	0.0	0.9013216981379002	0.23346014110022295	1.296808962381597	4696	False	False	False	True	transform or robust-scale
physiology	window	temp_aux_max	8588	7864	91.56963204471356	0.0	33.955483332133774	34.147	2.291584660256738	24.813	39.355	2.067	-1.5510324572059413	3808	False	False	False	True	transform or robust-scale
physiology	window	temp_aux_mean	8588	7864	91.56963204471356	0.0	33.76631424360819	33.982928309682855	2.285532386887936	24.148037593984963	39.22534863701578	2.161963628521036	-1.4673868919890007	7389	False	False	False	True	transform or robust-scale
physiology	window	temp_aux_median	8588	7864	91.56963204471356	0.0	33.768100392872576	33.98475	2.285770235360379	24.08	39.222	2.163500000000006	-1.4652761506518643	4523	False	False	False	True	transform or robust-scale
physiology	window	temp_aux_min	8588	7864	91.56963204471356	0.0	33.57026042325789	33.832	2.3118593771411593	21.834	39.047	2.2859986500000034	-1.4427455135381597	3808	False	False	False	True	transform or robust-scale
physiology	window	temp_aux_p95	8588	7864	91.56963204471356	0.0	33.893907525574136	34.085	2.288733702762618	24.514	39.317	2.105375000000002	-1.5229895125411608	4997	False	False	False	True	transform or robust-scale
physiology	window	temp_aux_slope	8588	7864	91.56963204471356	2.0218718209562563	0.000121397560159264	6.729823507325624e-05	0.003010202370597756	-0.0978246366492514	0.0766005655624872	0.0009371901359195749	1.1824867886065862	7706	False	False	False	True	transform or robust-scale
physiology	window	temp_aux_std	8588	7864	91.56963204471356	2.0218718209562563	0.0840296110283135	0.05115570010435275	0.12753855548061227	0.0	4.2048236178076985	0.03609624770591082	13.130559841599156	7384	False	False	False	True	transform or robust-scale
physiology	window	temp_mean	8588	7990	93.03679552864462	0.0	36.17813417247478	35.97887126660363	1.3417511229561807	29.06488950276244	40.00211587982832	1.860026943564634	-0.09792471644800439	7296	False	False	False	False	eligible for theory review
physiology	window	temp_skin_max	8588	7990	93.03679552864462	0.0	36.33101891111389	36.075	1.3429649508173318	29.284	40.163	1.8514999999999944	-0.0770922435590368	3417	False	False	False	False	eligible for theory review
physiology	window	temp_skin_mean	8588	7990	93.03679552864462	0.0	36.17813417247478	35.97887126660363	1.3417511229561807	29.06488950276244	40.00211587982832	1.860026943564634	-0.09792471644800439	7296	False	False	False	False	eligible for theory review
physiology	window	temp_skin_median	8588	7990	93.03679552864462	0.0	36.178763343485606	35.979249949999996	1.3418629144942673	29.073	40.005	1.8597499999999982	-0.09868557764371629	4368	False	False	False	False	eligible for theory review
physiology	window	temp_skin_min	8588	7990	93.03679552864462	0.0	36.010487367559456	35.816	1.4159985398254948	15.734	39.878	1.8717499999999987	-1.5203852379376792	3435	False	False	False	True	transform or robust-scale
physiology	window	temp_skin_p95	8588	7990	93.03679552864462	0.0	36.27297131280225	36.075	1.3416486029831485	29.206	40.109	1.8557499999999933	-0.08114689329153883	5108	False	False	False	False	eligible for theory review
physiology	window	temp_skin_slope	8588	7989	93.02515137401025	0.5757917136062085	9.140459253654198e-05	1.3400875704045746e-05	0.0008729444623005246	-0.0331444570895049	0.0148005742568697	0.0006005091745235	-5.965801267360104	7944	False	False	False	True	transform or robust-scale
physiology	window	temp_skin_std	8588	7990	93.03679552864462	0.5882352941176471	0.059540546128703575	0.059296340916131854	0.07095050127149573	0.0	3.9226554333402017	0.013334072879651056	43.883121305385906	7287	False	False	False	True	transform or robust-scale
physiology	window	temp_slope	8588	7989	93.02515137401025	0.5757917136062085	9.140459253654198e-05	1.3400875704045746e-05	0.0008729444623005246	-0.0331444570895049	0.0148005742568697	0.0006005091745235	-5.965801267360104	7944	False	False	False	True	transform or robust-scale
physiology	window	temp_slope_per_s	8588	7989	93.02515137401025	0.5757917136062085	9.140459253654198e-05	1.3400875704045746e-05	0.0008729444623005246	-0.0331444570895049	0.0148005742568697	0.0006005091745235	-5.965801267360104	7944	False	False	False	True	transform or robust-scale
physiology	window	temp_std	8588	7990	93.03679552864462	0.5882352941176471	0.059540546128703575	0.059296340916131854	0.07095050127149573	0.0	3.9226554333402017	0.013334072879651056	43.883121305385906	7287	False	False	False	True	transform or robust-scale
physiology	window	thermopile_max	8588	7879	91.74429436422916	12.958497271227312	29.383158550894798	30.1585	23.27215030375474	0.0	99.992	40.92900015	0.41262065786616425	5412	False	False	False	False	eligible for theory review
physiology	window	thermopile_mean	8588	7879	91.74429436422916	12.958497271227312	23.84532730974417	22.75815710382513	20.186342512779405	0.0	99.66515555555556	35.863890329091156	0.5819073017228316	6852	False	False	False	False	eligible for theory review
physiology	window	thermopile_median	8588	7879	91.74429436422916	13.339256250793246	23.750492113535902	22.6206	20.286041142412554	0.0	99.5924	35.997749999999996	0.5984208418814636	6668	False	False	False	False	eligible for theory review
physiology	window	thermopile_min	8588	7879	91.74429436422916	13.758091128315774	18.836943847740706	15.952	17.413984237804577	0.0	99.5924	30.719199985	0.7953989646578572	5326	False	False	False	False	eligible for theory review
physiology	window	thermopile_p95	8588	7879	91.74429436422916	12.996573169183906	28.428866025549453	28.7762	22.740107622211216	0.0	99.92213	39.85331286150001	0.44750911757682504	5952	False	False	False	False	eligible for theory review
physiology	window	thermopile_slope	8588	7879	91.74429436422916	13.0346490671405	-0.00018381856395280224	0.0	0.09257252670207894	-0.6611704680469155	0.678390444188523	0.07872262283049705	0.5697010653816451	6853	False	False	False	False	eligible for theory review
physiology	window	thermopile_std	8588	7879	91.74429436422916	13.0346490671405	2.8442693642225763	2.5268590416035304	2.50169154494169	0.0	23.60515494855734	3.05516328385929	1.558951035942393	6850	False	False	False	True	transform or robust-scale
self_report_targets	group_task	cooperative_mean	30	10	33.333333333333336	0.0	3.7	3.75	0.6213783960769083	2.5	4.5	0.8125	-0.7467732703745061	7	True	False	False	False	review: low coverage
self_report_targets	group_task	engagement_mean	30	30	100.0	0.0	5.4028	5.375	0.7162123264449755	3.667	6.667	0.9375	-0.5437593983942274	12	False	False	False	False	eligible for theory review
self_report_targets	group_task	equality_of_contribution_mean	30	10	33.333333333333336	0.0	5.05	5.5	0.83166499665831	3.75	6.0	1.375	-0.5351074318025774	7	True	False	False	False	review: low coverage
self_report_targets	group_task	fairness_mean	30	10	33.333333333333336	0.0	6.2	6.25	0.3872983346207417	5.75	6.75	0.625	0.18827002377397	5	True	False	False	False	review: low coverage
self_report_targets	group_task	info_sharing_mean	30	10	33.333333333333336	0.0	5.4	5.375	0.6687467549246293	4.5	6.5	0.9375	0.10100472765440659	7	True	False	False	False	review: low coverage
self_report_targets	group_task	mental_demand_mean	30	30	100.0	0.0	3.8222333333333336	3.875	0.9566078605419123	2.25	5.75	1.5	0.07134714849622516	14	False	False	False	False	eligible for theory review
self_report_targets	group_task	perceived_control_mean	30	20	66.66666666666667	0.0	4.8957999999999995	5.0	0.7049496137276315	3.25	6.333	0.5625	-0.45396740695719245	11	True	False	False	False	review: low coverage
self_report_targets	group_task	perceived_dominance_P1	30	30	100.0	0.0	4.3501666666666665	4.3335	1.181290150445787	2.333	6.667	1.5827500000000008	0.1878439694993426	12	False	False	False	False	eligible for theory review
self_report_targets	group_task	perceived_dominance_P2	30	30	100.0	0.0	4.6667000000000005	4.667	0.6892830933358374	3.0	5.667	0.6669999999999998	-0.40070385240236966	8	False	False	False	False	eligible for theory review
self_report_targets	group_task	perceived_dominance_P3	30	30	100.0	0.0	4.8444666666666665	4.667	0.9498105340407174	2.333	6.333	1.2504999999999997	-0.3635714819183141	11	False	False	False	False	eligible for theory review
self_report_targets	group_task	perceived_dominance_P4	30	30	100.0	0.0	4.655566666666667	4.667	1.1158364632165767	1.667	6.667	1.3330000000000002	-0.6423587006278694	13	False	False	False	False	eligible for theory review
self_report_targets	group_task	psych_safety_mean	30	10	33.333333333333336	0.0	6.35	6.375	0.31622776601683794	5.75	6.75	0.25	-0.5435164728414361	5	True	False	False	False	review: low coverage
self_report_targets	group_task	satisfaction_mean	30	20	66.66666666666667	0.0	5.58335	5.5	0.746851093098991	4.0	7.0	0.8125	-0.11981656025268103	12	True	False	False	False	review: low coverage
self_report_targets	group_task	team_coordination_mean	30	20	66.66666666666667	0.0	5.75	5.75	0.6488856845230502	4.5	6.75	1.0625	-0.08026580733032519	10	True	False	False	False	review: low coverage
self_report_targets	group_task	trust_angle_mean	30	10	33.333333333333336	0.0	4.525	4.625	0.6395527951449964	3.5	5.5	0.9375	-0.038824348672332795	7	True	False	False	False	review: low coverage
self_report_targets	group_task	trust_front_mean	30	10	33.333333333333336	0.0	5.8	6.0	0.5627314338711378	4.5	6.25	0.5625	-1.625062381746982	5	True	False	False	True	review: low coverage
self_report_targets	group_task	trust_next_mean	30	10	33.333333333333336	0.0	4.625	4.5	0.6373774391990981	3.5	5.75	0.75	0.10057237699394055	6	True	False	False	False	review: low coverage
self_report_targets	group_task	vad_arousal_mean	30	30	100.0	0.0	6.4244666666666665	6.5835	0.9209183098045848	4.375	8.083	1.1560000000000006	-0.4806224189860805	25	False	False	False	False	eligible for theory review
self_report_targets	group_task	vad_arousal_std	30	30	100.0	0.0	1.4865666666666664	1.3025	0.6820347692286527	0.5	3.215	0.849	0.9213031824967146	29	False	False	False	False	eligible for theory review
self_report_targets	group_task	vad_dominance_mean	30	30	100.0	0.0	5.819433333333333	5.7915	0.8445466314204789	4.083	7.375	0.7562500000000005	-0.1926937518675822	26	False	False	False	False	eligible for theory review
self_report_targets	group_task	vad_dominance_std	30	30	100.0	0.0	1.4760999999999997	1.498	0.5809066842979765	0.509	3.0	0.7887500000000001	0.41220572440571795	29	False	False	False	False	eligible for theory review
self_report_targets	group_task	vad_valence_mean	30	30	100.0	0.0	6.6716999999999995	6.75	0.9519648700414861	4.583	8.25	0.9792500000000004	-0.6384751509586811	24	False	False	False	False	eligible for theory review
self_report_targets	group_task	vad_valence_std	30	30	100.0	0.0	1.1366000000000003	1.08	0.5726342998627574	0.096	2.303	0.6055	0.452291431727878	25	False	False	False	False	eligible for theory review
self_report_targets	group_task	voice_inclusion_mean	30	30	100.0	0.0	5.5	5.5	0.7823483658302364	4.0	6.75	0.75	-0.3978310281227167	11	False	False	False	False	eligible for theory review
semantic_biomarkers	window	accel_dynamic_mean	16836	8588	51.00974103112378	13.47228691197019	0.03832632326333399	0.012311455366755951	0.07446470143469361	0.0	0.3643171292695148	0.02579713298458885	2.8584526649692448	7432	True	False	False	True	review: low coverage
semantic_biomarkers	window	accel_dynamic_p95	16836	8588	51.00974103112378	13.47228691197019	0.1496336436660108	0.04397685970509885	0.280875914148683	0.0	1.0673504678029613	0.10733308021145431	2.53127889481896	7422	True	False	False	True	review: low coverage
semantic_biomarkers	window	accel_high_fraction	16836	8588	51.00974103112378	83.72147182114578	0.0012544493165607933	0.0	0.004233947309895509	0.0	0.0696378830083565	0.0	6.129825251120603	677	True	False	True	True	review: low coverage
semantic_biomarkers	window	accel_jerk_mean	16836	8588	51.00974103112378	13.47228691197019	0.746291871368859	0.15378743480315837	1.789438379575543	0.0	15.4348041508757	0.31406003283816974	3.0966957320421993	7432	True	False	False	True	review: low coverage
semantic_biomarkers	window	accel_jerk_p95	16836	8588	51.00974103112378	13.483931066604566	2.125190882345576	0.6691210037475319	3.6663024273017415	0.0	26.83601827422792	1.6121296731308883	2.374771479253598	7428	True	False	False	True	review: low coverage
semantic_biomarkers	window	accel_motion_max	16836	8588	51.00974103112378	5.216581276199348	1.1896679498143918	1.1353814213981137	0.5041944542948729	0.0	8.667574862670643	0.3126403431263276	1.43732591272186	5199	True	False	False	True	review: low coverage
semantic_biomarkers	window	accel_motion_mean	16836	8588	51.00974103112378	5.216581276199348	0.9089103708985393	0.9963399399768694	0.2683322693343492	0.0	1.0853481254472483	0.07316748145786933	-2.7333489545623406	7445	True	False	False	True	review: low coverage
semantic_biomarkers	window	accel_motion_p95	16836	8588	51.00974103112378	5.216581276199348	0.9702721636184908	1.0396219279383905	0.2811717546172721	0.0	1.618027811874691	0.07035877347287589	-2.8572286394132815	7271	True	False	False	True	review: low coverage
semantic_biomarkers	window	accel_motion_std	16836	8588	51.00974103112378	9.140661387983233	0.06963599961110609	0.0256618631461564	0.11970780535809337	0.0	0.6517156286381902	0.05738938465147337	2.511652486589052	7436	True	False	False	True	review: low coverage
semantic_biomarkers	window	biomarker_arousal_stress	16836	16103	95.64623425991923	2.9497609141153824	-0.00010866413495471876	-0.0390423911508906	0.8450272795391567	-4.0624435803215455	5.647312695477838	1.0276015431588794	0.4258797397897303	15493	False	False	False	False	eligible for theory review
semantic_biomarkers	window	biomarker_attention	16836	8248	48.99025896887622	0.0	-0.0065535370689582895	0.0959150241626373	0.8131038770083706	-5.997341741900996	2.3643557965427107	0.8585303839252978	-1.1253887525806148	8206	True	False	False	True	review: low coverage
semantic_biomarkers	window	biomarker_cognitive_load	16836	16101	95.63435495367071	0.0	-0.0019014699567373664	0.006629388659246	0.9038797126021646	-4.502883427484337	5.405378319998618	1.178076477490686	0.09368378756915861	15638	False	False	False	False	eligible for theory review
semantic_biomarkers	window	biomarker_decision_pressure	16836	16103	95.64623425991923	0.0	4.153115478284842e-05	-0.045203306265351	0.8289965808868553	-4.0624435803215455	5.647312695477838	0.9919126582432294	0.430650902129218	15640	False	False	False	False	eligible for theory review
semantic_biomarkers	window	eda_max	16836	7911	46.988595866001425	0.0	0.37492093949618255	0.101505	1.7117399689040322	0.030001	47.599064	0.2059165	16.581478821780625	4660	True	False	False	True	review: low coverage
semantic_biomarkers	window	eda_mean	16836	7911	46.988595866001425	0.0	0.22757917159963742	0.0840737228915662	0.5623745639389629	0.0300002083333333	10.016937634551496	0.15721617612362884	7.077917590496511	7431	True	False	False	True	review: low coverage
semantic_biomarkers	window	eda_median	16836	7911	46.988595866001425	0.0	0.22531508940657316	0.083873	0.54118821285894	0.03	7.184869	0.15981499999999998	6.6775435017005575	5484	True	False	False	True	review: low coverage
semantic_biomarkers	window	eda_min	16836	7911	46.988595866001425	0.0	0.1538591061612944	0.0482079983	0.3489335520128521	0.029995	6.016965	0.09719150049999999	5.799696736547356	3549	True	False	False	True	review: low coverage
semantic_biomarkers	window	eda_p95	16836	7911	46.988595866001425	0.0	0.2879004499323133	0.094879	1.0536770152446058	0.030001	37.738373	0.1839245	19.10136491059554	5613	True	False	False	True	review: low coverage
semantic_biomarkers	window	eda_phasic_mean	16836	7911	46.988595866001425	0.012640626975097966	0.00043247389289877895	1.1164253595129096e-14	0.02427956514729437	-0.4821156645882263	1.1963675759185524	0.00021083477798720804	25.444644986771017	7906	True	False	False	True	review: low coverage
semantic_biomarkers	window	eda_phasic_rate_hz	16836	7911	46.988595866001425	35.69713057767665	0.1351462973550531	0.1000379677432548	0.15744540394013148	0.0	0.9013216981379002	0.23346014110022295	1.296808962381597	4696	True	False	False	True	review: low coverage
semantic_biomarkers	window	eda_phasic_std	16836	7911	46.988595866001425	1.3778283402856781	0.030050786849698682	0.0025805538119188	0.22429493661999642	0.0	7.971780441655132	0.013460066385290884	22.803383583166077	7794	True	False	False	True	review: low coverage
semantic_biomarkers	window	eda_scr_amplitude_mean	16836	5087	30.215015443098125	0.0	0.12700812320072857	0.0179399955308424	0.7774890454124663	0.0020001094057839	18.781040702993824	0.0502269716193642	14.61825926215113	5087	True	False	False	True	review: low coverage
semantic_biomarkers	window	eda_scr_amplitude_p95	16836	5087	30.215015443098125	0.0	0.23832237827674596	0.0336606307855346	1.4996135276061662	0.0020001094057839	35.80898358155571	0.0902892279845706	15.390567393590052	5087	True	False	False	True	review: low coverage
semantic_biomarkers	window	eda_scr_count	16836	8588	51.00974103112378	40.76618537494178	3.7283418723800654	2.0	4.6552664745950985	0.0	27.0	6.0	1.3955039052047282	28	True	False	False	True	review: low coverage
semantic_biomarkers	window	eda_scr_peak_rate_per_min	16836	7911	46.988595866001425	35.69713057767665	8.108777841303187	6.002278064595289	9.446724236407888	0.0	54.07930188827401	14.00760846601338	1.2968089623815973	4696	True	False	False	True	review: low coverage
semantic_biomarkers	window	eda_scr_rate_hz	16836	7911	46.988595866001425	35.69713057767665	0.1351462973550531	0.1000379677432548	0.15744540394013148	0.0	0.9013216981379002	0.23346014110022295	1.296808962381597	4696	True	False	False	True	review: low coverage
semantic_biomarkers	window	eda_slope	16836	7911	46.988595866001425	2.932625458222728	1.4919858812897385e-05	3.4928465290386054e-19	0.003270658775925995	-0.1042847181489576	0.1586491264069831	7.381461626782957e-05	13.399829616712138	7680	True	False	False	True	review: low coverage
semantic_biomarkers	window	eda_slope_per_s	16836	7911	46.988595866001425	2.932625458222728	1.4919858812897385e-05	3.4928465290386054e-19	0.003270658775925995	-0.1042847181489576	0.1586491264069831	7.381461626782957e-05	13.399829616712138	7680	True	False	False	True	review: low coverage
semantic_biomarkers	window	eda_std	16836	7911	46.988595866001425	2.932625458222728	0.03838846722314172	0.0040164133247944	0.2616261454297927	0.0	8.78318803104851	0.018669591980155	22.9654275707569	7426	True	False	False	True	review: low coverage
semantic_biomarkers	window	eda_tonic_mean	16836	7911	46.988595866001425	0.0	0.2271252258867552	0.0841738243955963	0.5593709012765017	0.0291720645750057	10.464285903215018	0.15736121651873025	7.081729466547914	7832	True	False	False	True	review: low coverage
semantic_biomarkers	window	eda_tonic_median	16836	7911	46.988595866001425	0.0	0.22684120035769767	0.0839635039917317	0.558509130151532	0.0292546191510733	10.27307923954848	0.15831123871533104	7.103465595840567	7832	True	False	False	True	review: low coverage
semantic_biomarkers	window	eda_tonic_slope	16836	7911	46.988595866001425	0.5435469599292124	3.7593209049852086e-05	2.2231782393563083e-16	0.002788317663820843	-0.0985916298368614	0.0991943103330096	6.990164459365575e-05	2.465391748181794	7869	True	False	False	True	review: low coverage
semantic_biomarkers	window	eda_tonic_std	16836	7911	46.988595866001425	0.5435469599292124	0.01835837246788981	0.001939668903443	0.11041729722345839	0.0	3.675143660839936	0.009294492244988158	20.270847054152746	7797	True	False	False	True	review: low coverage
semantic_biomarkers	window	gyro_dynamic_mean	16836	8588	51.00974103112378	13.542151839776432	8.560689416957237	4.7489511513037685	10.817866447717758	0.0	105.38945566890094	11.526234003289318	2.2131570015438995	7425	True	False	False	True	review: low coverage
semantic_biomarkers	window	gyro_dynamic_p95	16836	8588	51.00974103112378	13.542151839776432	40.47206137395334	21.108796297650528	50.10615151421324	0.0	459.4482796281418	57.109233922857925	1.8118403856580783	7400	True	False	False	True	review: low coverage
semantic_biomarkers	window	gyro_jerk_mean	16836	8588	51.00974103112378	13.542151839776432	61.74628422110234	35.10486615625797	79.806789474145	0.0	830.5844118745223	76.19835447503755	2.709670869375079	7425	True	False	False	True	review: low coverage
semantic_biomarkers	window	gyro_jerk_p95	16836	8588	51.00974103112378	13.553795994410805	308.490726357652	144.95534087774226	436.45424780566873	0.0	4285.984227440899	375.486040706303	2.8454280700681225	7420	True	False	False	True	review: low coverage
semantic_biomarkers	window	gyro_motion_max	16836	8588	51.00974103112378	5.286446204005589	148.86595169826444	108.54723473992375	151.0261374141348	0.0	822.9599110977399	220.03142795830723	1.2273075421993431	5227	True	False	False	True	review: low coverage
semantic_biomarkers	window	gyro_motion_mean	16836	8588	51.00974103112378	5.286446204005589	13.96903562675752	6.423122278781655	24.339964368029616	0.0	137.89112872480234	13.4526362080125	3.852957274593047	7441	True	False	False	True	review: low coverage
semantic_biomarkers	window	gyro_motion_p95	16836	8588	51.00974103112378	5.286446204005589	47.75021892146694	26.708167878865034	55.726057804293255	0.0	509.5101247100003	66.28629449772126	1.673122444992682	7171	True	False	False	True	review: low coverage
semantic_biomarkers	window	gyro_motion_std	16836	8588	51.00974103112378	7.1727992547741035	18.747039717447013	11.722363765681266	20.563119145735033	0.0	152.7682431436558	28.569477589221172	1.382627033522397	7437	True	False	False	True	review: low coverage
semantic_biomarkers	window	hr_mean_bpm	16836	7914	47.0064148253742	0.0	71.98298627280131	69.20199501253177	25.240454789602545	36.02040619587985	209.69773299767184	24.532847693800157	2.291566780319553	7534	True	False	False	True	review: low coverage
semantic_biomarkers	window	hr_sd_bpm	16836	6743	40.051081016868615	3.514756043304167	12.899374065061624	11.54527768809216	7.496197562276065	0.0	66.23311619580497	8.149631966069716	1.3412374105387384	6493	True	False	False	True	review: low coverage
semantic_biomarkers	window	hrv_pnn50_pct	16836	5159	30.642670468044667	0.8528784648187633	66.15437889693516	68.0	17.094598393657567	0.0	100.0	22.226833087693436	-0.7294529572054602	467	True	False	False	False	review: low coverage
semantic_biomarkers	window	hrv_quality_score	16836	8588	51.00974103112378	13.495575221238937	0.612935714875118	0.6813825829866342	0.2644698320269526	0.0	0.9634146552382584	0.18579046712350133	-1.4732037695765445	7428	True	False	False	True	review: low coverage
semantic_biomarkers	window	hrv_rmssd_ms	16836	5159	30.642670468044667	0.42643923240938164	148.62352648363975	149.8664986417347	46.781488212811	0.0	299.6270383903517	66.23785095771217	-0.03547176245160633	5110	True	False	False	False	review: low coverage
semantic_biomarkers	window	hrv_sdnn_ms	16836	5159	30.642670468044667	0.42643923240938164	111.99788316974572	113.05703517963944	32.4770506184944	0.0	246.5765601185348	45.52869929150896	-0.15695316727844266	5134	True	False	False	False	review: low coverage
semantic_biomarkers	window	mag_dynamic_mean	16836	8588	51.00974103112378	13.50721937587331	3.760617843733077	1.6043537090922169	5.071295309779124	0.0	53.07503132773967	4.520648992570946	2.338245283640013	7428	True	False	False	True	review: low coverage
semantic_biomarkers	window	mag_dynamic_p95	16836	8588	51.00974103112378	13.50721937587331	12.083419499284641	4.790407452487212	16.51926968426722	0.0	119.1174985274496	15.36204972320649	2.3001467008675194	7118	True	False	False	True	review: low coverage
semantic_biomarkers	window	mag_jerk_mean	16836	8588	51.00974103112378	13.50721937587331	34.216183744376785	7.840362537936452	95.8358266441917	0.0	734.3320202475344	2.949688770381732	3.9604451733989494	7428	True	False	False	True	review: low coverage
semantic_biomarkers	window	mag_jerk_p95	16836	8588	51.00974103112378	13.518863530507685	94.55977810314373	35.67040023228398	208.820732395342	0.0	1578.606016109202	12.081200987668748	3.590223166708933	7344	True	False	False	True	review: low coverage
semantic_biomarkers	window	mag_motion_max	16836	8588	51.00974103112378	2.689799720540289	52.06915485424405	53.55371054213927	19.600758168754535	0.0	185.1431878303925	23.187226143524853	0.10985027824877827	2938	True	False	False	False	review: low coverage
semantic_biomarkers	window	mag_motion_mean	16836	8588	51.00974103112378	2.689799720540289	42.69904450223837	41.0	17.71559810322206	0.0	138.45210102048804	23.51842750686658	0.17791277319265153	7441	True	False	False	False	review: low coverage
semantic_biomarkers	window	mag_motion_p95	16836	8588	51.00974103112378	2.689799720540289	49.33786912547487	49.889878733065686	18.99393437299541	0.0	167.80731864064364	23.443034977935127	0.021749452667457408	4379	True	False	False	False	review: low coverage
semantic_biomarkers	window	mag_motion_std	16836	8588	51.00974103112378	10.491383325570563	5.342176340065421	2.397832300135092	7.133308735614275	0.0	54.37377528145961	6.662578765827654	2.348312967992228	7433	True	False	False	True	review: low coverage
semantic_biomarkers	window	motion_high_fraction	16836	8588	51.00974103112378	83.72147182114578	0.0012544493165607933	0.0	0.004233947309895509	0.0	0.0696378830083565	0.0	6.129825251120603	677	True	False	True	True	review: low coverage
semantic_biomarkers	window	motion_mean	16836	8588	51.00974103112378	5.216581276199348	0.9089103708985393	0.9963399399768694	0.2683322693343492	0.0	1.0853481254472483	0.07316748145786933	-2.7333489545623406	7445	True	False	False	True	review: low coverage
semantic_biomarkers	window	ppg_clean_ibi_count	16836	8588	51.00974103112378	13.495575221238937	19.946902654867255	20.0	13.327226818955866	0.0	63.0	21.0	0.10534286199359082	62	True	False	False	False	review: low coverage
semantic_biomarkers	window	ppg_clean_ibi_fraction	16836	8588	51.00974103112378	13.495575221238937	0.6860196406148846	0.7647058823529411	0.3052608263674201	0.0	1.0	0.2908653846153846	-1.3161483045018516	384	True	False	False	True	review: low coverage
semantic_biomarkers	window	ppg_green_max	16836	7915	47.01235447849846	0.0	9965.891219204042	10727.0	4212.869313854315	490.0	41430.0	5777.0	-0.34905843919990825	4320	True	False	False	False	review: low coverage
semantic_biomarkers	window	ppg_green_mean	16836	7915	47.01235447849846	0.0	8593.39335840904	9327.443113772457	3687.4806082209375	490.0	21792.03672316384	5102.333530698613	-0.4736663270397463	7435	True	False	False	False	review: low coverage
semantic_biomarkers	window	ppg_green_median	16836	7915	47.01235447849846	0.0	8554.298483891345	9256.0	3709.4666543098447	490.0	21794.0	5151.0	-0.4473690934879524	5697	True	False	False	False	review: low coverage
semantic_biomarkers	window	ppg_green_min	16836	7915	47.01235447849846	0.0	7796.393809222995	8138.0	3620.4570485326826	3.0	21549.0	4966.0	-0.258382747766913	4251	True	False	False	False	review: low coverage
semantic_biomarkers	window	ppg_green_p95	16836	7915	47.01235447849846	0.0	9316.998780795957	10124.0	3900.8323764114384	490.0	21959.0	5563.4	-0.5782324252292562	6157	True	False	False	False	review: low coverage
semantic_biomarkers	window	ppg_green_slope	16836	7915	47.01235447849846	6.1023373341756155	0.029791365189998295	0.0	11.522064456685609	-233.3167097043608	178.14868103942595	5.223806112495492	-0.19686792525687918	7433	True	False	False	False	review: low coverage
semantic_biomarkers	window	ppg_green_std	16836	7915	47.01235447849846	6.1023373341756155	445.35408979237775	262.4780849357701	541.5869307314748	0.0	9857.09679855718	473.8832063734147	3.351899639726596	7433	True	False	False	True	review: low coverage
semantic_biomarkers	window	ppg_hr_agreement_bpm	16836	7429	44.12568306010929	0.013460761879122358	9.180658830220754	5.05019027057935	16.177712438179853	0.0	163.17783094113724	8.24196950548796	5.169936291890888	7397	True	False	False	True	review: low coverage
semantic_biomarkers	window	ppg_ir_max	16836	7915	47.01235447849846	0.0	164360.0445988629	176157.0	39741.17218574014	1720.0	261998.0	26927.5	-2.727286479629483	5125	True	False	False	True	review: low coverage
semantic_biomarkers	window	ppg_ir_mean	16836	7915	47.01235447849846	0.0	157717.00460578094	170672.04814305363	38092.307987788976	1592.8406015037594	215825.4721030043	28422.59336015678	-2.779319490632282	7435	True	False	False	True	review: low coverage
semantic_biomarkers	window	ppg_ir_median	16836	7915	47.01235447849846	0.0	157765.53689197724	170562.0	38222.58614181859	1615.0	216308.0	28135.0	-2.780478632106848	6985	True	False	False	True	review: low coverage
semantic_biomarkers	window	ppg_ir_min	16836	7915	47.01235447849846	0.0	149773.31509791536	163527.0	39944.72752845468	541.0	212029.0	33748.5	-2.266673585909421	5182	True	False	False	True	review: low coverage
semantic_biomarkers	window	ppg_ir_p95	16836	7915	47.01235447849846	0.0	161553.38121288692	174181.6	38682.00185071801	1720.0	216885.0	26997.92499999999	-2.8387508864192297	6812	True	False	False	True	review: low coverage
semantic_biomarkers	window	ppg_ir_slope	16836	7915	47.01235447849846	6.1023373341756155	1.4931306801018482	0.0	93.43756363031729	-1719.656882137563	2010.3388651179016	26.732388030832162	4.649282697862828	7433	True	False	False	True	review: low coverage
semantic_biomarkers	window	ppg_ir_std	16836	7915	47.01235447849846	6.1023373341756155	2742.372207296657	1265.0370198744245	4913.69656540163	0.0	85826.49774278548	2845.723155167298	7.199374098722777	7433	True	False	False	True	review: low coverage
semantic_biomarkers	window	ppg_mean	16836	7915	47.01235447849846	0.0	8593.39335840904	9327.443113772457	3687.4806082209375	490.0	21792.03672316384	5102.333530698613	-0.4736663270397463	7435	True	False	False	False	review: low coverage
semantic_biomarkers	window	ppg_peak_count	16836	8588	51.00974103112378	13.495575221238937	25.024452724732186	29.0	14.187841576503246	0.0	67.0	20.0	-0.38801752814468016	65	True	False	False	False	review: low coverage
semantic_biomarkers	window	ppg_pnn50_pct	16836	5159	30.642670468044667	0.8528784648187633	66.15437889693516	68.0	17.094598393657567	0.0	100.0	22.226833087693436	-0.7294529572054602	467	True	False	False	False	review: low coverage
semantic_biomarkers	window	ppg_rate_proxy_bpm	16836	7429	44.12568306010929	0.0	71.6789842916179	69.83288987403387	16.8143291041399	31.022862554421152	150.00000000013642	20.817221629087	1.0612309100717945	6031	True	False	False	True	review: low coverage
semantic_biomarkers	window	ppg_red_max	16836	7915	47.01235447849846	0.0	121957.18357548957	133899.0	40110.47858049772	2066.0	262143.0	45308.0	-1.3194229025158244	5272	True	False	False	True	review: low coverage
semantic_biomarkers	window	ppg_red_mean	16836	7915	47.01235447849846	0.0	114450.54948560151	126153.47310344828	37578.803926585926	2025.848120300752	173850.66666666666	45007.625131938505	-1.3913764031131757	7435	True	False	False	True	review: low coverage
semantic_biomarkers	window	ppg_red_median	16836	7915	47.01235447849846	0.0	114265.08654453569	125613.0	37695.220824192176	1991.0	174269.0	45349.75	-1.3789625715400202	7123	True	False	False	True	review: low coverage
semantic_biomarkers	window	ppg_red_min	16836	7915	47.01235447849846	0.0	109665.09210360076	120235.0	37986.3660569655	667.0	169088.0	49481.0	-1.2252234285871573	5300	True	False	False	True	review: low coverage
semantic_biomarkers	window	ppg_red_p95	16836	7915	47.01235447849846	0.0	117979.97508528111	129913.0	38393.68614222747	2066.0	193562.0	45137.274999999994	-1.4243397258763555	6896	True	False	False	True	review: low coverage
semantic_biomarkers	window	ppg_red_slope	16836	7915	47.01235447849846	6.1023373341756155	1.0207160729320826	0.0	77.44913333899025	-1293.0937803553834	1685.903174272713	18.994644373092946	3.255149161654001	7433	True	False	False	True	review: low coverage
semantic_biomarkers	window	ppg_red_std	16836	7915	47.01235447849846	6.1023373341756155	2290.03952289583	843.6255998421141	4198.143078886829	0.0	73193.66818348983	2065.006190623716	5.713396668919832	7433	True	False	False	True	review: low coverage
semantic_biomarkers	window	ppg_rmssd_ms	16836	5159	30.642670468044667	0.42643923240938164	148.62352648363975	149.8664986417347	46.781488212811	0.0	299.6270383903517	66.23785095771217	-0.03547176245160633	5110	True	False	False	False	review: low coverage
semantic_biomarkers	window	ppg_sdnn_ms	16836	5159	30.642670468044667	0.42643923240938164	111.99788316974572	113.05703517963944	32.4770506184944	0.0	246.5765601185348	45.52869929150896	-0.15695316727844266	5134	True	False	False	False	review: low coverage
semantic_biomarkers	window	ppg_std	16836	7915	47.01235447849846	6.1023373341756155	445.35408979237775	262.4780849357701	541.5869307314748	0.0	9857.09679855718	473.8832063734147	3.351899639726596	7433	True	False	False	True	review: low coverage
semantic_biomarkers	window	pupil_left_mean	16836	8143	48.366595390829175	0.0	3.0111212030790893	2.9948405105342903	0.42453026444691705	1.5961	6.426	0.5402447884080006	0.6116038429999584	8135	True	False	False	False	review: low coverage
semantic_biomarkers	window	pupil_mean	16836	8188	48.63387978142077	0.0	3.0055575279207707	2.9865552026272466	0.3878610331694025	1.4365	4.963326271186441	0.5075245337602636	0.3055621153191015	8187	True	False	False	False	review: low coverage
semantic_biomarkers	window	pupil_missing_frac	16836	8248	48.99025896887622	16.185741998060134	0.09930764242485221	0.0494321977287909	0.18282552280846817	0.0	1.0	0.070808283233133	3.5828269308126544	1178	True	False	False	True	review: low coverage
semantic_biomarkers	window	pupil_right_mean	16836	8184	48.61012116892373	0.0	3.010104859938749	2.985948974919519	0.38454504229359293	1.382	4.298175413371675	0.5093272552071517	0.15053504666689022	8178	True	False	False	False	review: low coverage
semantic_biomarkers	window	pupil_slope_per_s	16836	8184	48.61012116892373	0.0	0.00034497598265234526	-9.927191274673182e-06	0.038029991517709374	-0.4856361496084486	3.252424760993365	0.0026628741246015252	76.46243458957458	8184	True	False	False	True	review: low coverage
semantic_biomarkers	window	pupil_std	16836	8188	48.63387978142077	0.048851978505129456	0.2358652563350013	0.2188383424464285	0.12024843959548785	0.0	1.99101622057205	0.12518748991882872	3.1764059444225605	8185	True	False	False	True	review: low coverage
semantic_biomarkers	window	scr_count	16836	8588	51.00974103112378	40.76618537494178	3.7283418723800654	2.0	4.6552664745950985	0.0	27.0	6.0	1.3955039052047282	28	True	False	False	True	review: low coverage
semantic_biomarkers	window	scr_rate_hz	16836	7911	46.988595866001425	35.69713057767665	0.1351462973550531	0.1000379677432548	0.15744540394013148	0.0	0.9013216981379002	0.23346014110022295	1.296808962381597	4696	True	False	False	True	review: low coverage
semantic_biomarkers	window	temp_aux_max	16836	7864	46.70943216916132	0.0	33.955483332133774	34.147	2.291584660256738	24.813	39.355	2.067	-1.5510324572059413	3808	True	False	False	True	review: low coverage
semantic_biomarkers	window	temp_aux_mean	16836	7864	46.70943216916132	0.0	33.76631424360819	33.982928309682855	2.285532386887936	24.148037593984963	39.22534863701578	2.161963628521036	-1.4673868919890007	7387	True	False	False	True	review: low coverage
semantic_biomarkers	window	temp_aux_median	16836	7864	46.70943216916132	0.0	33.768100392872576	33.98475	2.285770235360379	24.08	39.222	2.163500000000006	-1.4652761506518643	4523	True	False	False	True	review: low coverage
semantic_biomarkers	window	temp_aux_min	16836	7864	46.70943216916132	0.0	33.57026042325789	33.832	2.3118593771411593	21.834	39.047	2.2859986500000034	-1.4427455135381597	3808	True	False	False	True	review: low coverage
semantic_biomarkers	window	temp_aux_p95	16836	7864	46.70943216916132	0.0	33.893907525574136	34.085	2.288733702762618	24.514	39.317	2.105375000000002	-1.5229895125411608	4997	True	False	False	True	review: low coverage
semantic_biomarkers	window	temp_aux_slope	16836	7864	46.70943216916132	2.0218718209562563	0.000121397560159264	6.729823507325624e-05	0.003010202370597756	-0.0978246366492514	0.0766005655624872	0.0009371901359195749	1.1824867886065862	7706	True	False	False	True	review: low coverage
semantic_biomarkers	window	temp_aux_std	16836	7864	46.70943216916132	2.0218718209562563	0.0840296110283135	0.05115570010435275	0.12753855548061227	0.0	4.2048236178076985	0.03609624770591082	13.130559841599156	7384	True	False	False	True	review: low coverage
semantic_biomarkers	window	temp_mean	16836	7990	47.45782846281777	0.0	36.17813417247478	35.97887126660363	1.3417511229561807	29.06488950276244	40.00211587982832	1.860026943564634	-0.09792471644800449	7296	True	False	False	False	review: low coverage
semantic_biomarkers	window	temp_skin_max	16836	7990	47.45782846281777	0.0	36.33101891111389	36.075	1.3429649508173318	29.284	40.163	1.8514999999999944	-0.0770922435590368	3417	True	False	False	False	review: low coverage
semantic_biomarkers	window	temp_skin_mean	16836	7990	47.45782846281777	0.0	36.17813417247478	35.97887126660363	1.3417511229561807	29.06488950276244	40.00211587982832	1.860026943564634	-0.09792471644800449	7296	True	False	False	False	review: low coverage
semantic_biomarkers	window	temp_skin_median	16836	7990	47.45782846281777	0.0	36.178763343485606	35.979249949999996	1.3418629144942673	29.073	40.005	1.8597499999999982	-0.09868557764371629	4368	True	False	False	False	review: low coverage
semantic_biomarkers	window	temp_skin_min	16836	7990	47.45782846281777	0.0	36.010487367559456	35.816	1.4159985398254948	15.734	39.878	1.8717499999999987	-1.5203852379376792	3435	True	False	False	True	review: low coverage
semantic_biomarkers	window	temp_skin_p95	16836	7990	47.45782846281777	0.0	36.27297131280225	36.075	1.3416486029831485	29.206	40.109	1.8557499999999933	-0.08114689329153883	5108	True	False	False	False	review: low coverage
semantic_biomarkers	window	temp_skin_slope	16836	7989	47.451888809693514	0.5757917136062085	9.140459253654198e-05	1.3400875704045746e-05	0.0008729444623005246	-0.0331444570895049	0.0148005742568697	0.0006005091745235	-5.965801267360104	7944	True	False	False	True	review: low coverage
semantic_biomarkers	window	temp_skin_std	16836	7990	47.45782846281777	0.5882352941176471	0.059540546128703575	0.059296340916131854	0.07095050127149573	0.0	3.9226554333402017	0.013334072879651056	43.883121305385906	7287	True	False	False	True	review: low coverage
semantic_biomarkers	window	temp_slope	16836	7989	47.451888809693514	0.5757917136062085	9.140459253654198e-05	1.3400875704045746e-05	0.0008729444623005246	-0.0331444570895049	0.0148005742568697	0.0006005091745235	-5.965801267360104	7944	True	False	False	True	review: low coverage
semantic_biomarkers	window	temp_slope_per_s	16836	7989	47.451888809693514	0.5757917136062085	9.140459253654198e-05	1.3400875704045746e-05	0.0008729444623005246	-0.0331444570895049	0.0148005742568697	0.0006005091745235	-5.965801267360104	7944	True	False	False	True	review: low coverage
semantic_biomarkers	window	temp_std	16836	7990	47.45782846281777	0.5882352941176471	0.059540546128703575	0.059296340916131854	0.07095050127149573	0.0	3.9226554333402017	0.013334072879651056	43.883121305385906	7287	True	False	False	True	review: low coverage
semantic_biomarkers	window	thermopile_max	16836	7879	46.798526966025186	12.958497271227312	29.383158550894798	30.1585	23.27215030375474	0.0	99.992	40.92900015	0.41262065786616425	5412	True	False	False	False	review: low coverage
semantic_biomarkers	window	thermopile_mean	16836	7879	46.798526966025186	12.958497271227312	23.84532730974417	22.75815710382513	20.186342512779405	0.0	99.66515555555556	35.863890329091156	0.5819073017228316	6852	True	False	False	False	review: low coverage
semantic_biomarkers	window	thermopile_median	16836	7879	46.798526966025186	13.339256250793246	23.750492113535902	22.6206	20.286041142412554	0.0	99.5924	35.997749999999996	0.5984208418814636	6668	True	False	False	False	review: low coverage
semantic_biomarkers	window	thermopile_min	16836	7879	46.798526966025186	13.758091128315774	18.836943847740706	15.952	17.413984237804577	0.0	99.5924	30.719199985	0.7953989646578572	5326	True	False	False	False	review: low coverage
semantic_biomarkers	window	thermopile_p95	16836	7879	46.798526966025186	12.996573169183906	28.428866025549453	28.7762	22.740107622211216	0.0	99.92213	39.85331286150001	0.44750911757682504	5952	True	False	False	False	review: low coverage
semantic_biomarkers	window	thermopile_slope	16836	7879	46.798526966025186	13.0346490671405	-0.00018381856395280224	0.0	0.09257252670207894	-0.6611704680469155	0.678390444188523	0.07872262283049705	0.5697010653816451	6853	True	False	False	False	review: low coverage
semantic_biomarkers	window	thermopile_std	16836	7879	46.798526966025186	13.0346490671405	2.8442693642225763	2.5268590416035304	2.50169154494169	0.0	23.60515494855734	3.05516328385929	1.558951035942393	6850	True	False	False	True	review: low coverage
semantic_continuity	window	tr_cross_speaker_similarity	514	382	74.31906614785993	0.0	0.21434859728908034	0.2003444280406391	0.09109650835281224	-0.0293599218130111	0.7226351499557495	0.10357051433529707	1.140358388723685	382	True	False	False	True	review: low coverage
semantic_continuity	window	tr_semantic_continuity	514	382	74.31906614785993	0.0	0.22929506997065421	0.20706816160430508	0.1263307584224013	-0.0478267818689346	0.7226351499557495	0.1500733029097319	1.1475179883740902	382	True	False	False	True	review: low coverage
turn_taking	group_task	backchannel_ovl_count	37	1	2.7027027027027026	100.0	0.0	0.0		0.0	0.0	0.0		1	True	True	True	False	exclude: near constant
turn_taking	group_task	collaborative_overlap_count	37	1	2.7027027027027026	100.0	0.0	0.0		0.0	0.0	0.0		1	True	True	True	False	exclude: near constant
turn_taking	group_task	competitive_overlap_count	37	1	2.7027027027027026	0.0	1.0	1.0		1.0	1.0	0.0		1	True	True	False	False	exclude: near constant
turn_taking	group_task	conflict_overlap_ratio	37	1	2.7027027027027026	0.0	1.0	1.0		1.0	1.0	0.0		1	True	True	False	False	exclude: near constant
turn_taking	group_task	cooperative_overlap_count	37	1	2.7027027027027026	100.0	0.0	0.0		0.0	0.0	0.0		1	True	True	True	False	exclude: near constant
turn_taking	group_task	engagement_density_per_min	37	37	100.0	0.0	17.93502702702703	16.58	5.916597513616939	8.874	34.711	7.041	1.0206221867881926	37	False	False	False	True	transform or robust-scale
turn_taking	group_task	gini_speaking_time	37	37	100.0	0.0	0.20284324324324324	0.1728	0.09643015474811156	0.0624	0.4611	0.10700000000000001	1.1023878882045817	37	False	False	False	True	transform or robust-scale
turn_taking	group_task	laughter_count	37	37	100.0	62.16216216216216	2.1621621621621623	0.0	3.9265019314164893	0.0	17.0	3.0	2.360318343632951	10	False	False	False	True	transform or robust-scale
turn_taking	group_task	laughter_time_s	37	37	100.0	62.16216216216216	5.724837837837837	0.0	11.35198181306172	0.0	57.68	7.869	3.1208535764679612	14	False	False	False	True	transform or robust-scale
turn_taking	group_task	n_active_speakers	37	37	100.0	0.0	4.0	4.0	0.0	4.0	4.0	0.0		1	False	True	False	False	exclude: near constant
turn_taking	group_task	needs_review_overlap_count	37	1	2.7027027027027026	100.0	0.0	0.0		0.0	0.0	0.0		1	True	True	True	False	exclude: near constant
turn_taking	group_task	overlap_event_count	37	37	100.0	97.2972972972973	0.02702702702702703	0.0	0.1643989873053573	0.0	1.0	0.0	6.082762530298218	2	False	True	True	True	exclude: near constant
turn_taking	group_task	sil_event_count	37	37	100.0	5.405405405405405	60.21621621621622	59.0	30.395664105204155	0.0	128.0	43.0	0.14019705187941067	31	False	False	False	False	eligible for theory review
turn_taking	group_task	sil_fraction	37	37	100.0	5.405405405405405	0.3158135135135135	0.292	0.17375318728037792	0.0	0.6204	0.2863	0.052134579339323896	36	False	False	False	False	eligible for theory review
turn_taking	group_task	sil_time_s	37	37	100.0	5.405405405405405	179.56718918918918	172.081	128.8054457503076	0.0	591.652	140.24200000000002	1.155745678322837	36	False	False	False	True	transform or robust-scale
turn_taking	group_task	simultaneous_overlap_count	37	1	2.7027027027027026	100.0	0.0	0.0		0.0	0.0	0.0		1	True	True	True	False	exclude: near constant
turn_taking	group_task	total_turns	37	37	100.0	0.0	87.78378378378379	88.0	32.068620119930266	32.0	155.0	56.0	0.16550492419583657	32	False	False	False	False	eligible for theory review
turn_taking	group_task	transition_entropy_bits	37	37	100.0	0.0	3.2872675675675675	3.3141	0.19613991187422827	2.6887	3.5443	0.2481	-1.071536970007033	37	False	False	False	True	transform or robust-scale
