group_id	task_id	window_index	window_start_s	group_hr_mean_bpm_mean	group_eda_phasic_rate_hz_mean	group_temp_mean_mean	group_et_pupil_mean_mean	tr_silence_duration_s	tr_backchannel_count	tr_laughter_count	tr_n_active_speakers	tr_ovl_count	tr_ovl_contested	tr_ovl_time_s	tr_ovl_collaboration_index	lex_word_count	lex_unique_words	lex_ttr	lex_bigram_entropy	lex_trigram_entropy	lex_agreement_count	lex_hedging_count	lex_certainty_count	lex_positive_count	lex_negative_count	lex_question_count	lex_suggestion_count	lex_sentiment_ratio	lex_social_composite
grp-07	T1	0	0.0	61.0829	0.2002	36.0375	2.8745	0.0	1.0	0.0	2.0	5.0	4.0	28.978	0.2	0.0	0.0	0.0	0.0	0.0	0.0	0.0	0.0	0.0	0.0	0.0	0.0	0.0	0.0
grp-07	T1	1	30.0	61.7098	0.1753	36.0427	2.7528	1.917	0.0	0.0	1.0	4.0	4.0	30.429	0.0	0.0	0.0	0.0	0.0	0.0	0.0	0.0	0.0	0.0	0.0	0.0	0.0	0.0	0.0
grp-07	T1	2	60.0	61.7187	0.1668	36.0457	2.821	2.208	0.0	0.0	3.0	1.0	1.0	0.53	1.0	0.0	0.0	0.0	0.0	0.0	0.0	0.0	0.0	0.0	0.0	0.0	0.0	0.0	0.0
grp-07	T1	3	90.0	64.4445	0.1751	36.0486	2.726	2.189	1.0	0.0	2.0	3.0	2.0	6.77	0.6666666666666666	0.0	0.0	0.0	0.0	0.0	0.0	0.0	0.0	0.0	0.0	0.0	0.0	0.0	0.0
grp-07	T1	4	120.0	70.7754	0.1588	36.0611	2.6987	10.855	0.0	0.0	2.0	1.0	0.0	0.24	0.0	0.0	0.0	0.0	0.0	0.0	0.0	0.0	0.0	0.0	0.0	0.0	0.0	0.0	0.0
grp-07	T1	5	150.0	74.7513	0.0918	36.0759	2.8252	11.678	2.0	0.0	2.0	0.0	0.0	0.0	0.0	20.0	19.0	0.95	4.247927513443583	4.169925001442312	2.0	0.0	0.0	0.0	0.0	1.0	0.0	0.0	0.1
grp-07	T1	6	180.0	74.5149	0.1585	36.0864	2.7724	2.209	1.0	0.0	1.0	0.0	0.0	0.0	0.0	46.0	39.0	0.8478260869565217	5.447408651885229	5.459431618637296	2.0	3.0	0.0	0.0	0.0	2.0	0.0	0.0	0.0434782608695652
grp-07	T1	7	210.0	78.7198	0.2336	36.0951	2.6179	7.006	1.0	0.0	3.0	0.0	0.0	0.0	0.0	52.0	40.0	0.7692307692307693	5.6724253419715005	5.643856189774728	0.0	2.0	0.0	1.0	0.0	0.0	0.0	0.5	0.0192307692307692
grp-07	T1	8	240.0	81.1034	0.1669	36.0961	2.7498	10.305	0.0	0.0	1.0	0.0	0.0	0.0	0.0	95.0	66.0	0.6947368421052632	6.533312255932943	6.539158811108037	3.0	10.0	3.0	6.0	0.0	0.0	0.0	0.8571428571428571	0.0947368421052631
grp-07	T2	0	0.0	66.8163	0.2002	36.2629	2.8596	2.264	1.0	0.0	2.0	2.0	0.0	1.443	0.0	0.0	0.0	0.0	0.0	0.0	0.0	0.0	0.0	0.0	0.0	0.0	0.0	0.0	0.0
grp-07	T2	1	30.0	70.9129	0.2088	36.2694	2.8076	2.04	1.0	0.0	2.0	0.0	0.0	0.0	0.0	0.0	0.0	0.0	0.0	0.0	0.0	0.0	0.0	0.0	0.0	0.0	0.0	0.0	0.0
grp-07	T2	2	60.0	72.3307	0.2002	36.2806	2.8211	5.322	0.0	0.0	1.0	1.0	0.0	0.278	1.0	0.0	0.0	0.0	0.0	0.0	0.0	0.0	0.0	0.0	0.0	0.0	0.0	0.0	0.0
grp-07	T2	3	90.0	74.8013	0.2086	36.2923	2.7869	0.0	0.0	0.0	1.0	3.0	3.0	3.84	0.3333333333333333	18.0	15.0	0.8333333333333334	4.08746284125034	4.0	0.0	2.0	0.0	0.0	0.0	1.0	1.0	0.0	0.0
grp-07	T2	4	120.0	79.9781	0.1168	36.3016	2.6601	5.741	0.0	0.0	3.0	4.0	3.0	12.442	0.5	55.0	40.0	0.7272727272727273	5.606739354015319	5.690184605506592	1.0	0.0	0.0	0.0	0.0	1.0	0.0	0.0	0.0181818181818181
grp-07	T2	5	150.0	71.1956	0.1334	36.3023	2.7442	2.198	0.0	0.0	3.0	4.0	3.0	12.352	0.25	84.0	59.0	0.7023809523809523	6.293655244573878	6.357552004618087	2.0	7.0	0.0	2.0	0.0	0.0	1.0	0.6666666666666666	0.0476190476190476
grp-07	T2	6	180.0	65.5389	0.2838	36.3063	2.9545	10.244	1.0	0.0	2.0	1.0	0.0	0.365	0.0	59.0	44.0	0.7457627118644068	5.789015477886191	5.832890014164736	5.0	2.0	0.0	2.0	0.0	1.0	0.0	0.6666666666666666	0.1186440677966101
grp-07	T2	7	210.0	65.8167	0.3507	36.3156	3.1356	3.618	0.0	0.0	3.0	0.0	0.0	0.0	0.0	27.0	22.0	0.8148148148148148	4.700439718141092	4.643856189774723	0.0	2.0	0.0	1.0	0.0	0.0	1.0	0.5	0.037037037037037
grp-07	T2	8	240.0	62.652	0.2169	36.3259	3.322	2.322	0.0	0.0	3.0	7.0	5.0	27.782	0.2857142857142857	73.0	51.0	0.6986301369863014	5.982289237493331	6.093409091335663	6.0	6.0	0.0	2.0	0.0	2.0	3.0	0.6666666666666666	0.1095890410958904
grp-07	T2	9	270.0	67.0716	0.1919	36.3231	2.9671	5.658	0.0	0.0	3.0	1.0	1.0	4.26	1.0	92.0	44.0	0.4782608695652174	6.033495085707161	6.3195222629482535	6.0	5.0	0.0	3.0	0.0	4.0	1.0	0.75	0.0978260869565217
grp-07	T2	10	300.0	72.5429	0.1837	36.329	2.9916	1.756	5.0	0.0	2.0	9.0	8.0	36.393	0.2222222222222222	89.0	61.0	0.6853932584269663	6.41397707318276	6.442943495848723	1.0	6.0	0.0	1.0	0.0	0.0	0.0	0.5	0.0224719101123595
grp-07	T2	11	330.0	74.3345	0.2255	36.3404	2.8598	4.351	0.0	0.0	1.0	6.0	4.0	12.088	0.0	60.0	46.0	0.7666666666666667	5.814846439192345	5.823498236506881	1.0	3.0	0.0	1.0	1.0	0.0	0.0	0.0	0.0333333333333333
grp-07	T2	12	360.0	75.277	0.1919	36.3509	2.8491	0.78	0.0	0.0	1.0	3.0	2.0	2.206	0.0	46.0	38.0	0.8260869565217391	5.44740865188523	5.459431618637296	3.0	4.0	1.0	4.0	0.0	2.0	0.0	0.8	0.1521739130434782
grp-07	T2	13	390.0	77.2885	0.3337	36.3635	2.8078	0.6	1.0	0.0	1.0	2.0	0.0	0.542	0.0	72.0	46.0	0.6388888888888888	6.093409091335662	6.129283016944973	4.0	0.0	0.0	1.0	0.0	4.0	0.0	0.5	0.0694444444444444
grp-07	T2	14	420.0	78.6473	0.4089	36.3688	2.8186	8.516	0.0	0.0	2.0	0.0	0.0	0.0	0.0	39.0	31.0	0.7948717948717948	5.247927513443589	5.209453365628954	6.0	2.0	0.0	3.0	0.0	1.0	0.0	0.75	0.2307692307692307
grp-07	T2	15	450.0	76.3682	0.3335	36.3771	2.967	3.121	0.0	1.0	2.0	0.0	0.0	0.0	0.0	85.0	61.0	0.7176470588235294	6.288092571562528	6.375039431346932	1.0	8.0	0.0	4.0	0.0	0.0	0.0	0.8	0.0588235294117647
grp-07	T2	16	480.0	76.8535	0.2837	36.3761	3.0826	0.0	0.0	0.0	2.0	0.0	0.0	0.0	0.0	79.0	62.0	0.7848101265822784	6.259761193221231	6.266786540694905	1.0	3.0	0.0	1.0	0.0	0.0	1.0	0.5	0.0253164556962025
grp-07	T2	17	510.0	73.4641	0.2338	36.3765	3.0322	10.878	1.0	0.0	2.0	0.0	0.0	0.0	0.0	49.0	34.0	0.6938775510204082	5.4599625007211605	5.55458885167764	1.0	3.0	1.0	2.0	0.0	1.0	0.0	0.6666666666666666	0.0612244897959183
grp-07	T2	18	540.0	75.4395	0.1669	36.3799	2.9647	7.736	1.0	0.0	2.0	0.0	0.0	0.0	0.0	67.0	51.0	0.7611940298507462	6.044394119358462	6.022367813028458	1.0	10.0	0.0	4.0	0.0	1.0	1.0	0.8	0.0746268656716417
grp-07	T2	19	570.0	77.5998	0.1501	36.3678	2.9535	0.519	2.0	0.0	2.0	0.0	0.0	0.0	0.0	86.0	55.0	0.6395348837209303	6.226922994910331	6.344698375159712	1.0	8.0	1.0	2.0	0.0	0.0	0.0	0.6666666666666666	0.0348837209302325
grp-07	T2	20	600.0	71.3528	0.2585	36.3606	2.9311	6.502	0.0	0.0	3.0	0.0	0.0	0.0	0.0	62.0	40.0	0.6451612903225806	5.656067050642172	5.740223928941851	1.0	4.0	0.0	2.0	0.0	0.0	0.0	0.6666666666666666	0.0483870967741935
grp-07	T2	21	630.0	69.3134	0.3175	36.3449	2.9664	6.778	0.0	0.0	2.0	0.0	0.0	0.0	0.0	95.0	66.0	0.6947368421052632	6.48272834633546	6.539158811108037	3.0	6.0	1.0	1.0	0.0	0.0	0.0	0.5	0.0421052631578947
grp-07	T2	22	660.0	66.1978	0.2503	36.3176	3.0387	1.327	0.0	0.0	1.0	0.0	0.0	0.0	0.0	72.0	53.0	0.7361111111111112	6.12157810542017	6.129283016944973	1.0	4.0	1.0	0.0	0.0	1.0	0.0	0.0	0.0138888888888888
grp-07	T2	23	690.0	64.2477	0.1834	36.3048	3.0436	2.853	1.0	1.0	3.0	0.0	0.0	0.0	0.0	84.0	59.0	0.7023809523809523	6.326846660262595	6.357552004618087	4.0	5.0	0.0	0.0	0.0	1.0	1.0	0.0	0.0476190476190476
grp-07	T2	24	720.0	68.2797	0.2088	36.2975	3.1061	11.346	0.0	1.0	3.0	0.0	0.0	0.0	0.0	59.0	41.0	0.6949152542372882	5.776000176124752	5.832890014164736	1.0	5.0	0.0	2.0	0.0	0.0	0.0	0.6666666666666666	0.0508474576271186
grp-07	T2	25	750.0	70.2315	0.2673	36.2994	3.1616	21.53	0.0	0.0	3.0	0.0	0.0	0.0	0.0	75.0	60.0	0.8	6.155399311574901	6.162427298606055	1.0	3.0	2.0	0.0	0.0	1.0	0.0	0.0	0.0133333333333333
grp-07	T2	26	780.0	72.5979	0.2671	36.3033	3.0266	2.088	0.0	1.0	2.0	0.0	0.0	0.0	0.0	58.0	48.0	0.8275862068965517	5.832890014164736	5.807354922057609	2.0	6.0	0.0	4.0	0.0	0.0	0.0	0.8	0.1034482758620689
grp-07	T3	0	0.0	70.1284	0.1918	36.0799	2.9847	14.622	0.0	0.0	2.0	9.0	5.0	6.263	0.5555555555555556	0.0	0.0	0.0	0.0	0.0	0.0	0.0	0.0	0.0	0.0	0.0	0.0	0.0	0.0
grp-07	T3	1	30.0	79.9584	0.217	36.0757	3.1056	4.922	4.0	1.0	3.0	12.0	8.0	16.987	0.3333333333333333	0.0	0.0	0.0	0.0	0.0	0.0	0.0	0.0	0.0	0.0	0.0	0.0	0.0	0.0
grp-07	T3	2	60.0	84.7966	0.2586	36.0912	3.0231	14.531	2.0	0.0	3.0	14.0	10.0	18.212	0.5	0.0	0.0	0.0	0.0	0.0	0.0	0.0	0.0	0.0	0.0	0.0	0.0	0.0	0.0
grp-07	T3	3	90.0	75.0433	0.3087	36.096	2.9515	15.439	2.0	1.0	3.0	7.0	4.0	9.322	0.0	0.0	0.0	0.0	0.0	0.0	0.0	0.0	0.0	0.0	0.0	0.0	0.0	0.0	0.0
grp-07	T3	4	120.0	68.7733	0.2422	36.0931	2.9165	3.785	2.0	0.0	2.0	2.0	1.0	1.516	0.0	0.0	0.0	0.0	0.0	0.0	0.0	0.0	0.0	0.0	0.0	0.0	0.0	0.0	0.0
grp-07	T3	5	150.0	64.6851	0.3507	36.0988	2.9111	3.3	1.0	0.0	3.0	15.0	11.0	63.78	0.3333333333333333	0.0	0.0	0.0	0.0	0.0	0.0	0.0	0.0	0.0	0.0	0.0	0.0	0.0	0.0
grp-07	T3	6	180.0	64.2122	0.3669	36.104	2.9126	9.913	4.0	0.0	4.0	2.0	2.0	2.224	0.0	0.0	0.0	0.0	0.0	0.0	0.0	0.0	0.0	0.0	0.0	0.0	0.0	0.0	0.0
grp-07	T3	7	210.0	69.636	0.3002	36.1086	3.061	2.744	3.0	0.0	2.0	0.0	0.0	0.0	0.0	0.0	0.0	0.0	0.0	0.0	0.0	0.0	0.0	0.0	0.0	0.0	0.0	0.0	0.0
grp-07	T3	8	240.0	71.203	0.3175	36.117	3.2036	17.852	0.0	0.0	2.0	0.0	0.0	0.0	0.0	0.0	0.0	0.0	0.0	0.0	0.0	0.0	0.0	0.0	0.0	0.0	0.0	0.0	0.0
grp-07	T3	9	270.0	73.9765	0.3255	36.1386	2.8095	2.074	2.0	0.0	3.0	0.0	0.0	0.0	0.0	0.0	0.0	0.0	0.0	0.0	0.0	0.0	0.0	0.0	0.0	0.0	0.0	0.0	0.0
grp-07	T3	10	300.0	72.7958	0.3253	36.1538	2.4634	7.853	1.0	1.0	4.0	0.0	0.0	0.0	0.0	37.0	32.0	0.8648648648648649	5.114369445886754	5.129283016944964	0.0	3.0	0.0	0.0	0.0	2.0	0.0	0.0	0.0
grp-07	T3	11	330.0	68.0865	0.2503	36.1566	2.575	1.081	0.0	1.0	2.0	0.0	0.0	0.0	0.0	101.0	68.0	0.6732673267326733	6.52875843973147	6.62935662007962	12.0	6.0	0.0	2.0	0.0	4.0	1.0	0.6666666666666666	0.1386138613861386
grp-07	T3	12	360.0	61.1828	0.2421	36.1539	2.7049	1.107	2.0	1.0	2.0	0.0	0.0	0.0	0.0	59.0	45.0	0.7627118644067796	5.7415174175040615	5.797802294866491	7.0	5.0	0.0	2.0	1.0	2.0	0.0	0.25	0.1525423728813559
grp-08	T1	0	0.0	55.8618	0.0835	36.4406	2.7473	10.987	0.0	0.0	2.0	3.0	3.0	3.352	0.3333333333333333	7.0	6.0	0.8571428571428571	2.584962500721156	2.321928094887362	0.0	0.0	0.0	0.0	0.0	3.0	0.0	0.0	0.0
grp-08	T1	1	30.0	58.0224	0.0501	36.4571	2.7319	3.296	0.0	0.0	0.0	1.0	0.0	0.315	0.0	0.0	0.0	0.0	0.0	0.0	0.0	0.0	0.0	0.0	0.0	0.0	0.0	0.0	0.0
grp-08	T1	2	60.0	59.0808	0.025	36.4674	2.7373	7.067	0.0	0.0	0.0	0.0	0.0	0.0	0.0	0.0	0.0	0.0	0.0	0.0	0.0	0.0	0.0	0.0	0.0	0.0	0.0	0.0	0.0
grp-08	T1	3	90.0	62.8582	0.0	36.4723	2.7227	79.919	1.0	0.0	2.0	0.0	0.0	0.0	0.0	2.0	2.0	1.0	0.0	0.0	1.0	0.0	0.0	0.0	0.0	0.0	0.0	0.0	0.5
grp-08	T1	5	150.0	57.9605	0.05	36.4781	2.58	0.0	0.0	0.0	0.0	0.0	0.0	0.0	0.0	0.0	0.0	0.0	0.0	0.0	0.0	0.0	0.0	0.0	0.0	0.0	0.0	0.0	0.0
grp-08	T1	6	180.0	53.9251	0.025	36.4722	2.4814	4.666	0.0	0.0	1.0	1.0	1.0	0.678	0.0	58.0	42.0	0.7241379310344828	5.797802294866491	5.807354922057609	0.0	4.0	0.0	1.0	0.0	0.0	0.0	0.5	0.0172413793103448
grp-08	T1	7	210.0	58.908	0.0418	36.4741	2.4894	1.421	0.0	0.0	1.0	4.0	1.0	1.897	0.25	53.0	40.0	0.7547169811320755	5.623516641218019	5.6724253419715005	1.0	1.0	0.0	1.0	0.0	0.0	0.0	0.5	0.0377358490566037
grp-08	T1	8	240.0	62.5473	0.0417	36.484	2.5188	3.322	0.0	0.0	1.0	2.0	0.0	0.703	0.5	49.0	38.0	0.7755102040816326	5.5432958340544936	5.55458885167764	2.0	2.0	1.0	0.0	0.0	0.0	0.0	0.0	0.0408163265306122
grp-08	T1	9	270.0	61.2109	0.0834	36.4911	2.5927	6.562	0.0	0.0	2.0	5.0	2.0	2.203	0.4	133.0	86.0	0.6466165413533834	6.93261466858448	7.002888650392412	3.0	3.0	0.0	1.0	0.0	0.0	0.0	0.5	0.0300751879699248
grp-08	T1	10	300.0	56.6509	0.1086	36.4909	2.7719	1.4	4.0	1.0	1.0	0.0	0.0	0.0	0.0	31.0	28.0	0.9032258064516128	4.906890595608519	4.857980995127571	3.0	1.0	0.0	2.0	0.0	0.0	0.0	0.6666666666666666	0.1612903225806451
grp-08	T1	11	330.0	54.9905	0.1335	36.4811	2.9431	7.09	0.0	0.0	2.0	0.0	0.0	0.0	0.0	23.0	22.0	0.9565217391304348	4.459431618637295	4.39231742277876	1.0	1.0	0.0	0.0	0.0	0.0	0.0	0.0	0.0434782608695652
grp-08	T1	12	360.0	58.1877	0.1417	36.4752	2.9912	9.526	0.0	0.0	1.0	2.0	0.0	0.733	0.0	106.0	76.0	0.7169811320754716	6.676150279570875	6.700439718141103	5.0	6.0	2.0	3.0	0.0	0.0	0.0	0.75	0.0754716981132075
grp-08	T1	13	390.0	60.5814	0.2002	36.4763	2.9711	5.038	0.0	0.0	1.0	4.0	1.0	1.441	0.25	22.0	21.0	0.9545454545454546	4.39231742277876	4.321928094887363	0.0	1.0	1.0	0.0	0.0	1.0	0.0	0.0	0.0
grp-08	T1	14	420.0	60.2499	0.1503	36.4548	2.9953	8.531	0.0	0.0	3.0	0.0	0.0	0.0	0.0	68.0	44.0	0.6470588235294118	5.94668620538314	6.014091089055431	4.0	3.0	2.0	0.0	0.0	1.0	0.0	0.0	0.0588235294117647
grp-08	T1	15	450.0	62.7455	0.0584	36.4469	2.9963	7.665	1.0	0.0	2.0	0.0	0.0	0.0	0.0	76.0	57.0	0.75	6.202152023829224	6.2094533656289554	4.0	6.0	0.0	1.0	0.0	0.0	0.0	0.5	0.0657894736842105
grp-08	T1	16	480.0	65.4953	0.075	36.4475	2.9313	15.988	0.0	0.0	2.0	0.0	0.0	0.0	0.0	31.0	28.0	0.9032258064516128	4.906890595608519	4.857980995127571	1.0	3.0	0.0	2.0	0.0	0.0	0.0	0.6666666666666666	0.0967741935483871
grp-08	T1	17	510.0	61.5801	0.0668	36.4528	2.9172	18.239	1.0	2.0	4.0	0.0	0.0	0.0	0.0	24.0	21.0	0.875	4.523561956057013	4.459431618637295	4.0	2.0	0.0	1.0	0.0	2.0	1.0	0.5	0.2083333333333333
grp-08	T1	18	540.0	59.8332	0.0668	36.4581	2.9675	23.491	0.0	0.0	2.0	0.0	0.0	0.0	0.0	10.0	8.0	0.8	3.169925001442312	3.0	3.0	0.0	0.0	0.0	0.0	1.0	0.0	0.0	0.3
grp-08	T1	19	570.0	58.385	0.0917	36.4515	2.9804	117.575	0.0	1.0	4.0	0.0	0.0	0.0	0.0	18.0	15.0	0.8333333333333334	4.08746284125034	4.0	4.0	1.0	0.0	0.0	0.0	1.0	0.0	0.0	0.2222222222222222
grp-08	T1	23	690.0	70.248	0.1169	36.4994	2.879	8.353	0.0	0.0	2.0	0.0	0.0	0.0	0.0	14.0	13.0	0.9285714285714286	3.7004397181410926	3.584962500721156	2.0	0.0	0.0	0.0	0.0	1.0	0.0	0.0	0.1428571428571428
grp-08	T1	24	720.0	66.6971	0.1168	36.5191	2.9058	21.316	0.0	0.0	2.0	0.0	0.0	0.0	0.0	9.0	9.0	1.0	3.0	2.807354922057604	1.0	0.0	0.0	0.0	0.0	0.0	0.0	0.0	0.1111111111111111
grp-08	T1	25	750.0	66.6107	0.1001	36.5171	2.8373	10.929	0.0	0.0	0.0	0.0	0.0	0.0	0.0	40.0	31.0	0.775	5.182838116298145	5.247927513443589	1.0	0.0	0.0	0.0	0.0	0.0	0.0	0.0	0.025
grp-08	T1	26	780.0	67.4336	0.0501	36.5044	2.8315	16.971	0.0	0.0	0.0	0.0	0.0	0.0	0.0	21.0	15.0	0.7142857142857143	4.221928094887362	4.247927513443583	1.0	0.0	1.0	0.0	0.0	1.0	0.0	0.0	0.0476190476190476
grp-08	T1	27	810.0	67.4746	0.0835	36.4919	2.8644	6.88	0.0	0.0	0.0	0.0	0.0	0.0	0.0	31.0	24.0	0.7741935483870968	4.773557262275186	4.857980995127571	5.0	0.0	0.0	0.0	0.0	0.0	0.0	0.0	0.1612903225806451
grp-08	T1	28	840.0	66.063	0.1085	36.4851	2.8992	0.0	0.0	0.0	0.0	0.0	0.0	0.0	0.0	3.0	3.0	1.0	1.0	0.0	1.0	0.0	0.0	0.0	0.0	0.0	0.0	0.0	0.3333333333333333
grp-08	T2	0	0.0	60.4782	0.0584	36.2636	2.7657	7.05	0.0	0.0	1.0	4.0	2.0	1.813	0.0	7.0	5.0	0.7142857142857143	2.584962500721156	2.321928094887362	0.0	0.0	0.0	0.0	0.0	2.0	0.0	0.0	0.0
grp-08	T2	1	30.0	56.9803	0.0835	36.2555	2.7702	4.664	0.0	0.0	0.0	1.0	0.0	0.154	0.0	0.0	0.0	0.0	0.0	0.0	0.0	0.0	0.0	0.0	0.0	0.0	0.0	0.0	0.0
grp-08	T2	2	60.0	53.083	0.0835	36.2607	2.8318	17.185	1.0	0.0	1.0	0.0	0.0	0.0	0.0	1.0	1.0	1.0	0.0	0.0	1.0	0.0	0.0	0.0	0.0	0.0	0.0	0.0	1.0
grp-08	T2	3	90.0	49.9217	0.1251	36.0655	2.8292	9.413	0.0	0.0	1.0	1.0	0.0	4.722	0.0	15.0	14.0	0.9333333333333332	3.8073549220576055	3.7004397181410926	0.0	1.0	0.0	0.0	0.0	1.0	0.0	0.0	0.0
grp-08	T2	4	120.0	47.8572	0.1	36.0851	2.6927	23.924	2.0	1.0	1.0	0.0	0.0	0.0	0.0	12.0	12.0	1.0	3.459431618637298	3.321928094887362	0.0	1.0	0.0	0.0	0.0	2.0	0.0	0.0	0.0
grp-08	T2	5	150.0	45.4077	0.1084	36.3004	2.58	7.425	1.0	0.0	1.0	6.0	3.0	4.569	0.0	56.0	37.0	0.6607142857142857	5.708632440797383	5.7548875021634665	0.0	1.0	0.0	0.0	0.0	0.0	0.0	0.0	0.0
grp-08	T2	6	180.0	49.716	0.1086	36.3063	2.6321	4.896	1.0	0.0	2.0	2.0	0.0	0.491	0.5	71.0	45.0	0.6338028169014085	5.986425874087828	6.079538949531787	4.0	6.0	2.0	3.0	1.0	0.0	0.0	0.4	0.0985915492957746
grp-08	T2	7	210.0	54.1677	0.1085	36.3179	2.7569	2.527	0.0	0.0	1.0	2.0	1.0	1.002	0.0	96.0	53.0	0.5520833333333334	6.464592450436211	6.554588851677623	1.0	8.0	2.0	2.0	0.0	0.0	1.0	0.6666666666666666	0.03125
grp-08	T2	8	240.0	56.1712	0.0918	36.3218	2.8732	2.99	0.0	0.0	1.0	1.0	1.0	0.501	1.0	0.0	0.0	0.0	0.0	0.0	0.0	0.0	0.0	0.0	0.0	0.0	0.0	0.0	0.0
grp-08	T2	9	270.0	62.4456	0.0751	36.3265	2.9598	43.619	0.0	0.0	0.0	9.0	4.0	6.71	0.4444444444444444	0.0	0.0	0.0	0.0	0.0	0.0	0.0	0.0	0.0	0.0	0.0	0.0	0.0	0.0
grp-08	T2	10	300.0	63.4941	0.0501	36.3296	2.97	0.0	0.0	0.0	1.0	2.0	0.0	0.562	0.0	40.0	28.0	0.7	5.182838116298145	5.247927513443589	0.0	4.0	0.0	0.0	0.0	0.0	1.0	0.0	0.0
grp-08	T2	11	330.0	64.306	0.0751	36.3428	2.9421	10.485	1.0	0.0	4.0	12.0	4.0	6.882	0.3333333333333333	53.0	38.0	0.7169811320754716	5.623516641218018	5.6724253419715005	4.0	3.0	1.0	0.0	0.0	3.0	0.0	0.0	0.0754716981132075
grp-08	T2	12	360.0	65.7965	0.0834	36.3593	2.9596	6.863	0.0	2.0	4.0	2.0	1.0	1.48	0.5	102.0	64.0	0.6274509803921569	6.571529428274914	6.64385618977474	8.0	4.0	1.0	5.0	0.0	0.0	2.0	0.8333333333333334	0.1274509803921568
grp-08	T2	13	390.0	65.6986	0.0668	36.3479	2.9589	3.383	2.0	0.0	1.0	0.0	0.0	0.0	0.0	46.0	35.0	0.7608695652173914	5.35851976299634	5.413977073182751	1.0	1.0	0.0	0.0	0.0	0.0	0.0	0.0	0.0217391304347826
grp-08	T2	14	420.0	70.0455	0.0667	36.3311	2.952	4.02	3.0	0.0	4.0	0.0	0.0	0.0	0.0	107.0	65.0	0.6074766355140186	6.499008544124598	6.58558099381538	6.0	5.0	0.0	2.0	1.0	1.0	0.0	0.25	0.0747663551401869
grp-08	T2	15	450.0	68.4043	0.0835	36.3285	2.9257	6.369	1.0	2.0	3.0	10.0	3.0	5.165	0.2	79.0	52.0	0.6582278481012658	6.208479141939178	6.266786540694905	5.0	5.0	1.0	2.0	3.0	1.0	0.0	-0.1666666666666666	0.0886075949367088
grp-08	T2	16	480.0	65.2228	0.1003	36.3298	2.8534	1.391	0.0	0.0	1.0	3.0	1.0	0.96	0.3333333333333333	52.0	42.0	0.8076923076923077	5.593993969422479	5.603856189774727	1.0	1.0	0.0	1.0	0.0	0.0	1.0	0.5	0.0384615384615384
grp-08	T2	17	510.0	60.9072	0.1417	36.3253	2.8769	4.319	2.0	0.0	2.0	0.0	0.0	0.0	0.0	79.0	58.0	0.7341772151898734	6.147519045757596	6.240812514720878	0.0	3.0	0.0	0.0	0.0	0.0	1.0	0.0	0.0
grp-08	T2	18	540.0	63.0858	0.1502	36.3076	2.9796	18.413	1.0	0.0	4.0	0.0	0.0	0.0	0.0	39.0	27.0	0.6923076923076923	5.090032776601483	5.1553993115749	10.0	0.0	2.0	0.0	0.0	2.0	0.0	0.0	0.2564102564102564
grp-08	T2	19	570.0	68.3737	0.1336	36.2931	2.9905	4.053	0.0	0.0	4.0	0.0	0.0	0.0	0.0	111.0	74.0	0.6666666666666666	6.665406190777727	6.749835700923704	8.0	6.0	1.0	1.0	1.0	1.0	0.0	0.0	0.081081081081081
grp-08	T2	20	600.0	70.2467	0.1084	36.2828	2.9498	4.358	0.0	0.0	2.0	0.0	0.0	0.0	0.0	70.0	48.0	0.6857142857142857	6.021567935039034	6.087462841250345	1.0	6.0	0.0	0.0	0.0	0.0	0.0	0.0	0.0142857142857142
grp-08	T2	21	630.0	69.3084	0.1418	36.2784	2.9306	2.804	1.0	0.0	2.0	0.0	0.0	0.0	0.0	94.0	60.0	0.6382978723404256	6.496148058419865	6.523561956057027	0.0	5.0	1.0	1.0	0.0	0.0	0.0	0.5	0.0106382978723404
grp-08	T2	22	660.0	62.0842	0.1419	36.2774	2.9633	2.529	3.0	0.0	4.0	0.0	0.0	0.0	0.0	66.0	53.0	0.803030303030303	5.991598582259227	6.0	0.0	2.0	1.0	1.0	0.0	0.0	0.0	0.5	0.0151515151515151
grp-08	T2	23	690.0	60.1246	0.1002	36.2692	2.9665	15.103	3.0	0.0	4.0	0.0	0.0	0.0	0.0	81.0	47.0	0.5802469135802469	6.246928094887356	6.303780748177105	13.0	5.0	0.0	2.0	0.0	3.0	0.0	0.6666666666666666	0.1851851851851851
grp-08	T2	24	720.0	62.8675	0.1085	36.2589	2.9374	42.483	0.0	0.0	1.0	0.0	0.0	0.0	0.0	15.0	15.0	1.0	3.8073549220576055	3.7004397181410926	1.0	1.0	0.0	0.0	0.0	1.0	0.0	0.0	0.0666666666666666
grp-08	T2	25	750.0	65.2967	0.1335	36.2536	3.0116	10.66	0.0	0.0	2.0	0.0	0.0	0.0	0.0	18.0	15.0	0.8333333333333334	4.08746284125034	4.0	2.0	0.0	1.0	0.0	0.0	1.0	0.0	0.0	0.1111111111111111
grp-08	T2	26	780.0	65.8758	0.1252	36.2581	3.1065	23.336	0.0	0.0	1.0	0.0	0.0	0.0	0.0	15.0	14.0	0.9333333333333332	3.8073549220576055	3.7004397181410926	0.0	0.0	1.0	0.0	0.0	0.0	0.0	0.0	0.0
grp-08	T2	27	810.0	64.4592	0.1169	36.2644	3.0861	52.499	0.0	0.0	1.0	0.0	0.0	0.0	0.0	4.0	4.0	1.0	1.584962500721156	1.0	0.0	0.0	0.0	0.0	0.0	0.0	0.0	0.0	0.0
grp-08	T2	28	840.0	61.6913	0.0917	36.2742	2.9955	2.201	0.0	0.0	1.0	0.0	0.0	0.0	0.0	8.0	8.0	1.0	2.807354922057604	2.584962500721156	1.0	0.0	0.0	0.0	0.0	1.0	0.0	0.0	0.125
grp-08	T2	29	870.0	60.7713	0.1336	36.2916	2.9552	23.809	0.0	0.0	2.0	0.0	0.0	0.0	0.0	17.0	16.0	0.9411764705882352	4.0	3.906890595608518	1.0	0.0	0.0	0.0	1.0	0.0	0.0	-0.5	0.0588235294117647
grp-08	T2	30	900.0	62.2237	0.1668	36.2854	3.0076	22.516	0.0	0.0	0.0	0.0	0.0	0.0	0.0	32.0	21.0	0.65625	4.760647923290102	4.906890595608519	3.0	3.0	0.0	1.0	0.0	1.0	0.0	0.5	0.125
grp-08	T2	31	930.0	60.8551	0.0751	36.2602	3.0896	15.144	0.0	0.0	0.0	0.0	0.0	0.0	0.0	29.0	22.0	0.7586206896551724	4.807354922057606	4.754887502163471	3.0	2.0	0.0	0.0	0.0	2.0	0.0	0.0	0.1034482758620689
grp-08	T2	32	960.0	66.2001	0.0667	36.2529	3.1607	31.238	0.0	0.0	0.0	0.0	0.0	0.0	0.0	5.0	4.0	0.8	2.0	1.584962500721156	4.0	0.0	0.0	0.0	0.0	0.0	0.0	0.0	0.8
grp-08	T2	33	990.0	66.6487	0.0584	36.2533	3.1438	0.0	0.0	0.0	0.0	0.0	0.0	0.0	0.0	1.0	1.0	1.0	0.0	0.0	1.0	0.0	0.0	0.0	0.0	0.0	0.0	0.0	1.0
grp-08	T3	0	0.0	59.8904	0.1417	35.903	2.7705	13.493	0.0	0.0	0.0	0.0	0.0	0.0	0.0	0.0	0.0	0.0	0.0	0.0	0.0	0.0	0.0	0.0	0.0	0.0	0.0	0.0	0.0
grp-08	T3	1	30.0	59.2352	0.0751	35.8598	2.7557	4.904	0.0	0.0	0.0	6.0	4.0	4.789	0.1666666666666666	0.0	0.0	0.0	0.0	0.0	0.0	0.0	0.0	0.0	0.0	0.0	0.0	0.0	0.0
grp-08	T3	2	60.0	62.853	0.1252	35.85	2.8232	12.293	1.0	1.0	4.0	0.0	0.0	0.0	0.0	42.0	32.0	0.7619047619047619	5.357552004618081	5.321928094887364	3.0	3.0	0.0	4.0	0.0	2.0	0.0	0.8	0.1666666666666666
grp-08	T3	3	90.0	70.0422	0.1336	35.8542	2.9236	44.626	2.0	1.0	3.0	0.0	0.0	0.0	0.0	21.0	18.0	0.8571428571428571	4.321928094887363	4.247927513443583	3.0	1.0	0.0	0.0	0.0	1.0	0.0	0.0	0.1428571428571428
grp-08	T3	5	150.0	63.5531	0.0834	35.7975	2.8637	182.6	0.0	0.0	1.0	1.0	1.0	0.537	1.0	1.0	1.0	1.0	0.0	0.0	0.0	0.0	0.0	0.0	0.0	0.0	0.0	0.0	0.0
grp-08	T3	6	180.0	61.4245	0.1001	35.7821	2.7704	0.0	1.0	0.0	0.0	1.0	1.0	0.567	1.0	0.0	0.0	0.0	0.0	0.0	0.0	0.0	0.0	0.0	0.0	0.0	0.0	0.0	0.0
grp-08	T3	11	330.0	67.6346	0.0751	35.9013	2.6625	35.087	0.0	0.0	1.0	5.0	2.0	6.826	0.2	17.0	17.0	1.0	4.0	3.906890595608518	2.0	1.0	0.0	0.0	0.0	0.0	0.0	0.0	0.1176470588235294
grp-08	T3	12	360.0	67.0971	0.1167	35.9102	2.7103	14.43	0.0	0.0	1.0	8.0	5.0	5.704	0.375	2.0	2.0	1.0	0.0	0.0	1.0	0.0	0.0	0.0	0.0	0.0	0.0	0.0	0.5
grp-08	T3	13	390.0	67.9186	0.1169	35.9385	2.742	17.239	0.0	0.0	4.0	3.0	0.0	0.751	0.6666666666666666	37.0	29.0	0.7837837837837838	5.003258334775643	5.072140159802107	3.0	3.0	2.0	0.0	0.0	0.0	2.0	0.0	0.081081081081081
grp-08	T3	14	420.0	71.9606	0.1002	35.9777	2.7256	24.467	3.0	0.0	4.0	1.0	1.0	0.832	0.0	21.0	18.0	0.8571428571428571	4.321928094887363	4.247927513443583	4.0	0.0	0.0	1.0	0.0	1.0	0.0	0.5	0.238095238095238
grp-08	T3	15	450.0	70.908	0.1168	36.0161	2.7579	0.7	0.0	0.0	1.0	1.0	0.0	0.078	0.0	76.0	51.0	0.6710526315789473	6.202152023829224	6.2094533656289554	0.0	2.0	2.0	1.0	1.0	0.0	0.0	0.0	0.0131578947368421
grp-08	T3	16	480.0	75.3881	0.192	36.0487	2.7865	1.942	0.0	2.0	1.0	0.0	0.0	0.0	0.0	122.0	72.0	0.5901639344262295	6.852747534795263	6.890223928941869	0.0	8.0	0.0	1.0	1.0	0.0	0.0	0.0	0.0081967213114754
grp-08	T3	17	510.0	78.2777	0.1587	36.0783	2.7504	23.896	0.0	0.0	2.0	0.0	0.0	0.0	0.0	93.0	60.0	0.6451612903225806	6.480083695187461	6.507794640198703	0.0	2.0	0.0	1.0	0.0	0.0	0.0	0.5	0.010752688172043
grp-08	T3	18	540.0	74.2713	0.0836	36.0971	2.7162	7.494	0.0	0.0	3.0	0.0	0.0	0.0	0.0	63.0	47.0	0.746031746031746	5.889680181354615	5.897950452316981	3.0	1.0	3.0	2.0	0.0	0.0	0.0	0.6666666666666666	0.0793650793650793
grp-08	T3	19	570.0	68.7038	0.0834	36.1123	2.8006	20.066	1.0	0.0	3.0	0.0	0.0	0.0	0.0	52.0	34.0	0.6538461538461539	5.461545194870255	5.603856189774728	5.0	2.0	1.0	0.0	0.0	1.0	0.0	0.0	0.0961538461538461
grp-08	T3	20	600.0	60.1618	0.1751	36.1179	2.8762	8.471	1.0	0.0	3.0	0.0	0.0	0.0	0.0	41.0	31.0	0.7560975609756098	5.271928094887364	5.285402218862247	1.0	4.0	0.0	1.0	0.0	0.0	0.0	0.5	0.048780487804878
grp-08	T3	21	630.0	57.8365	0.1753	36.1115	2.8194	10.344	3.0	1.0	4.0	0.0	0.0	0.0	0.0	70.0	50.0	0.7142857142857143	5.981642029210578	6.087462841250345	11.0	2.0	0.0	1.0	0.0	3.0	0.0	0.5	0.1714285714285714
grp-08	T3	22	660.0	59.4143	0.0918	36.1127	2.7965	4.911	1.0	0.0	4.0	0.0	0.0	0.0	0.0	130.0	79.0	0.6076923076923076	6.819328902693288	6.931602441389348	5.0	3.0	2.0	2.0	1.0	3.0	0.0	0.25	0.0538461538461538
grp-08	T3	23	690.0	63.4105	0.0668	36.1303	2.8488	15.41	2.0	0.0	2.0	0.0	0.0	0.0	0.0	52.0	36.0	0.6923076923076923	5.55477828314797	5.603856189774728	1.0	0.0	0.0	0.0	0.0	0.0	0.0	0.0	0.0192307692307692
grp-08	T3	24	720.0	59.9743	0.0667	36.1457	2.8626	20.084	2.0	0.0	4.0	0.0	0.0	0.0	0.0	118.0	80.0	0.6779661016949152	6.870364719583384	6.857980995127556	10.0	5.0	2.0	3.0	0.0	0.0	0.0	0.75	0.1101694915254237
grp-08	T3	25	750.0	61.7698	0.1084	36.1328	2.8508	8.382	4.0	0.0	3.0	0.0	0.0	0.0	0.0	55.0	39.0	0.7090909090909091	5.717850465126429	5.727920454563195	6.0	0.0	1.0	0.0	0.0	0.0	0.0	0.0	0.109090909090909
grp-08	T3	26	780.0	65.6817	0.1251	36.1176	2.9018	13.22	2.0	0.0	3.0	0.0	0.0	0.0	0.0	32.0	26.0	0.8125	4.954196310386877	4.906890595608519	2.0	4.0	1.0	2.0	0.0	0.0	1.0	0.6666666666666666	0.125
grp-08	T3	27	810.0	61.0858	0.1085	36.1116	2.9029	8.478	0.0	0.0	3.0	0.0	0.0	0.0	0.0	56.0	39.0	0.6964285714285714	5.585816304394411	5.680813428089394	5.0	2.0	0.0	0.0	1.0	2.0	0.0	-0.5	0.0892857142857142
grp-08	T3	28	840.0	58.5115	0.0835	36.1096	2.8906	98.574	2.0	0.0	3.0	0.0	0.0	0.0	0.0	34.0	28.0	0.8235294117647058	4.923181998146335	5.0	2.0	2.0	0.0	0.0	0.0	1.0	0.0	0.0	0.0588235294117647
grp-08	T3	31	930.0	57.5136	0.0417	36.1026	2.8966	0.541	1.0	0.0	2.0	0.0	0.0	0.0	0.0	2.0	2.0	1.0	0.0	0.0	2.0	0.0	0.0	0.0	0.0	0.0	0.0	0.0	1.0
grp-09	T2	0	0.0	70.6138	0.2503	35.9296	3.4307	6.544	1.0	0.0	0.0	0.0	0.0	0.0	0.0	0.0	0.0	0.0	0.0	0.0	0.0	0.0	0.0	0.0	0.0	0.0	0.0	0.0	0.0
grp-09	T2	1	30.0	68.7843	0.167	35.9363	3.4584	1.18	0.0	0.0	0.0	0.0	0.0	0.0	0.0	0.0	0.0	0.0	0.0	0.0	0.0	0.0	0.0	0.0	0.0	0.0	0.0	0.0	0.0
grp-09	T2	2	60.0	67.0863	0.2002	35.9876	3.2576	28.985	0.0	0.0	0.0	0.0	0.0	0.0	0.0	0.0	0.0	0.0	0.0	0.0	0.0	0.0	0.0	0.0	0.0	0.0	0.0	0.0	0.0
grp-09	T2	3	90.0	57.5213	0.0835	36.0775	3.0498	32.046	0.0	0.0	1.0	0.0	0.0	0.0	0.0	10.0	10.0	1.0	3.169925001442312	3.0	0.0	0.0	0.0	0.0	0.0	0.0	0.0	0.0	0.0
grp-09	T2	4	120.0	51.7273	0.1168	36.1476	3.1529	27.462	0.0	0.0	0.0	0.0	0.0	0.0	0.0	0.0	0.0	0.0	0.0	0.0	0.0	0.0	0.0	0.0	0.0	0.0	0.0	0.0	0.0
grp-09	T2	5	150.0	53.1787	0.1336	36.1767	3.2855	2.877	0.0	0.0	2.0	0.0	0.0	0.0	0.0	76.0	57.0	0.75	6.14881869049589	6.2094533656289554	2.0	4.0	0.0	1.0	0.0	0.0	2.0	0.5	0.0394736842105263
grp-09	T2	6	180.0	53.3617	0.1003	36.1987	3.3133	5.496	0.0	0.0	2.0	1.0	0.0	0.38	1.0	31.0	28.0	0.9032258064516128	4.906890595608519	4.857980995127571	1.0	2.0	1.0	0.0	0.0	0.0	1.0	0.0	0.032258064516129
grp-09	T2	7	210.0	51.0902	0.1668	36.1749	3.3127	3.276	2.0	0.0	2.0	0.0	0.0	0.0	0.0	72.0	49.0	0.6805555555555556	6.121578105420169	6.129283016944973	1.0	7.0	1.0	3.0	0.0	0.0	1.0	0.75	0.0555555555555555
grp-09	T2	8	240.0	57.4513	0.2168	36.09	3.3128	1.731	0.0	0.0	1.0	3.0	2.0	4.05	0.6666666666666666	92.0	61.0	0.6630434782608695	6.433565107207895	6.491853096329662	0.0	7.0	0.0	1.0	0.0	0.0	1.0	0.5	0.0108695652173913
grp-09	T2	9	270.0	65.9997	0.1336	36.1024	3.4332	0.361	0.0	0.0	1.0	4.0	3.0	2.679	0.0	67.0	58.0	0.8656716417910447	5.983788058752401	6.022367813028458	0.0	5.0	0.0	1.0	1.0	0.0	2.0	0.0	0.0149253731343283
grp-09	T2	10	300.0	59.3556	0.0835	36.195	3.4473	0.783	0.0	0.0	1.0	0.0	0.0	0.0	0.0	95.0	57.0	0.6	6.440175154846098	6.496148058419866	0.0	9.0	0.0	4.0	0.0	0.0	0.0	0.8	0.0421052631578947
grp-09	T2	11	330.0	62.6356	0.1504	36.2348	3.3975	4.216	1.0	0.0	2.0	0.0	0.0	0.0	0.0	87.0	65.0	0.7471264367816092	6.379753126795122	6.385861524373001	1.0	8.0	1.0	4.0	1.0	0.0	0.0	0.5	0.057471264367816
grp-09	T2	12	360.0	64.5789	0.1168	36.2476	3.496	11.421	2.0	1.0	3.0	0.0	0.0	0.0	0.0	54.0	46.0	0.8518518518518519	5.727920454563195	5.700439718141095	1.0	5.0	1.0	3.0	0.0	0.0	0.0	0.75	0.074074074074074
grp-09	T2	13	390.0	61.5775	0.0667	36.2662	3.5762	1.434	1.0	0.0	1.0	0.0	0.0	0.0	0.0	65.0	46.0	0.7076923076923077	5.90625	5.945533891753889	1.0	6.0	0.0	4.0	0.0	0.0	0.0	0.8	0.0769230769230769
grp-09	T2	14	420.0	59.191	0.1169	36.272	3.5529	4.631	0.0	0.0	1.0	0.0	0.0	0.0	0.0	90.0	60.0	0.6666666666666666	6.430789610741691	6.436704345910033	1.0	9.0	0.0	1.0	2.0	0.0	0.0	-0.25	0.0222222222222222
grp-09	T2	15	450.0	63.461	0.1836	36.16	3.59	3.104	1.0	0.0	2.0	0.0	0.0	0.0	0.0	55.0	40.0	0.7272727272727273	5.717850465126429	5.727920454563195	0.0	1.0	0.0	0.0	0.0	0.0	1.0	0.0	0.0
grp-09	T2	16	480.0	77.1217	0.2004	36.0218	3.6468	10.124	0.0	0.0	2.0	0.0	0.0	0.0	0.0	66.0	50.0	0.7575757575757576	5.991598582259227	6.0	1.0	5.0	0.0	0.0	0.0	2.0	0.0	0.0	0.0151515151515151
grp-09	T2	17	510.0	82.3448	0.1503	35.9671	3.6534	6.903	1.0	1.0	3.0	0.0	0.0	0.0	0.0	49.0	41.0	0.8367346938775511	5.501629167387828	5.55458885167764	3.0	5.0	0.0	2.0	0.0	2.0	0.0	0.6666666666666666	0.1020408163265306
grp-09	T2	18	540.0	76.3727	0.1504	35.9607	3.6058	8.75	1.0	2.0	2.0	0.0	0.0	0.0	0.0	46.0	31.0	0.6739130434782609	5.341744485170485	5.459431618637296	1.0	3.0	1.0	0.0	0.0	2.0	0.0	0.0	0.0217391304347826
grp-09	T2	19	570.0	72.9275	0.2171	36.0049	3.5375	12.666	1.0	0.0	3.0	0.0	0.0	0.0	0.0	39.0	30.0	0.7692307692307693	5.090032776601483	5.155399311574899	1.0	0.0	0.0	1.0	0.0	2.0	0.0	0.5	0.0512820512820512
grp-09	T3	0	0.0	68.0183	0.0834	35.7916	3.3359	7.082	0.0	0.0	2.0	1.0	0.0	0.132	0.0	10.0	10.0	1.0	3.169925001442312	3.0	2.0	1.0	0.0	0.0	0.0	0.0	0.0	0.0	0.2
grp-09	T3	1	30.0	67.0031	0.0835	35.7876	3.3419	152.035	0.0	0.0	0.0	0.0	0.0	0.0	0.0	0.0	0.0	0.0	0.0	0.0	0.0	0.0	0.0	0.0	0.0	0.0	0.0	0.0	0.0
grp-09	T3	6	180.0	77.3152	0.0669	35.9197	3.1418	0.697	0.0	0.0	1.0	2.0	1.0	1.053	0.0	0.0	0.0	0.0	0.0	0.0	0.0	0.0	0.0	0.0	0.0	0.0	0.0	0.0	0.0
grp-09	T3	7	210.0	77.1852	0.0835	35.9785	3.1607	26.534	0.0	2.0	0.0	0.0	0.0	0.0	0.0	7.0	7.0	1.0	2.584962500721156	2.321928094887362	1.0	0.0	0.0	0.0	0.0	1.0	0.0	0.0	0.1428571428571428
grp-09	T3	8	240.0	75.236	0.1002	36.0176	3.2133	17.751	0.0	1.0	3.0	5.0	3.0	3.654	0.2	28.0	27.0	0.9642857142857144	4.754887502163471	4.700439718141092	0.0	0.0	0.0	0.0	0.0	0.0	1.0	0.0	0.0
grp-09	T3	9	270.0	84.6401	0.0835	36.0365	3.1752	11.335	0.0	3.0	3.0	2.0	1.0	1.682	0.0	54.0	41.0	0.7592592592592593	5.727920454563195	5.700439718141095	3.0	5.0	0.0	2.0	1.0	0.0	0.0	0.25	0.0925925925925925
grp-09	T3	10	300.0	87.181	0.1003	35.9877	3.161	5.698	5.0	0.0	3.0	1.0	1.0	0.781	1.0	81.0	52.0	0.6419753086419753	6.162492001110314	6.278464292480902	6.0	11.0	1.0	6.0	0.0	1.0	0.0	0.8571428571428571	0.1481481481481481
grp-09	T3	11	330.0	79.5434	0.1502	35.8847	3.2184	5.644	1.0	0.0	2.0	3.0	1.0	1.034	0.0	75.0	51.0	0.68	6.155399311574901	6.189824558880028	1.0	12.0	0.0	7.0	0.0	1.0	0.0	0.875	0.1066666666666666
grp-09	T3	12	360.0	75.9872	0.2339	35.8273	3.273	4.426	3.0	0.0	1.0	0.0	0.0	0.0	0.0	72.0	49.0	0.6805555555555556	6.026438844826319	6.100711588373543	1.0	11.0	1.0	2.0	0.0	0.0	0.0	0.6666666666666666	0.0416666666666666
grp-09	T3	13	390.0	81.0762	0.2002	35.8103	3.3566	7.47	4.0	4.0	3.0	0.0	0.0	0.0	0.0	97.0	62.0	0.6391752577319587	6.472932422573625	6.569855608330948	2.0	3.0	1.0	3.0	1.0	1.0	0.0	0.4	0.0515463917525773
grp-09	T3	14	420.0	93.6707	0.4345	35.7843	3.487	9.229	4.0	2.0	4.0	0.0	0.0	0.0	0.0	72.0	52.0	0.7222222222222222	6.121578105420169	6.129283016944973	0.0	7.0	1.0	3.0	0.0	1.0	0.0	0.75	0.0416666666666666
grp-09	T3	15	450.0	85.5861	0.3843	35.7829	3.55	0.727	1.0	0.0	2.0	0.0	0.0	0.0	0.0	96.0	67.0	0.6979166666666666	6.401434555699368	6.4694824686989	2.0	13.0	1.0	5.0	1.0	0.0	0.0	0.5714285714285714	0.0729166666666666
grp-09	T3	16	480.0	81.5491	0.2505	35.8083	3.544	0.549	0.0	2.0	2.0	0.0	0.0	0.0	0.0	61.0	47.0	0.7704918032786885	5.827642470572459	5.882643049361836	1.0	4.0	0.0	2.0	1.0	0.0	0.0	0.25	0.0491803278688524
grp-09	T3	17	510.0	80.8154	0.167	35.8588	3.5081	3.442	0.0	1.0	4.0	0.0	0.0	0.0	0.0	109.0	70.0	0.6422018348623854	6.618268173439724	6.685392220045997	3.0	12.0	0.0	6.0	0.0	0.0	0.0	0.8571428571428571	0.0825688073394495
grp-09	T3	18	540.0	71.3607	0.1837	35.8627	3.4356	11.291	6.0	0.0	3.0	0.0	0.0	0.0	0.0	94.0	64.0	0.6808510638297872	6.431631929387607	6.501822825622244	2.0	7.0	0.0	2.0	3.0	0.0	0.0	-0.1666666666666666	0.0425531914893617
grp-09	T3	19	570.0	69.2312	0.2001	35.8508	3.3892	3.378	4.0	0.0	3.0	0.0	0.0	0.0	0.0	109.0	67.0	0.6146788990825688	6.662294909570866	6.741466986401138	4.0	7.0	0.0	5.0	0.0	0.0	0.0	0.8333333333333334	0.0825688073394495
grp-09	T3	20	600.0	74.7496	0.1836	35.8642	3.3765	14.393	2.0	0.0	1.0	0.0	0.0	0.0	0.0	22.0	21.0	0.9545454545454546	4.39231742277876	4.321928094887363	0.0	3.0	0.0	0.0	0.0	0.0	2.0	0.0	0.0
grp-09	T3	21	630.0	79.6655	0.2673	35.8164	3.3858	9.48	3.0	0.0	2.0	0.0	0.0	0.0	0.0	72.0	56.0	0.7777777777777778	6.121578105420169	6.129283016944973	4.0	6.0	0.0	4.0	0.0	0.0	0.0	0.8	0.1111111111111111
grp-09	T3	22	660.0	73.0869	0.3342	35.7703	3.4213	7.76	1.0	0.0	4.0	0.0	0.0	0.0	0.0	67.0	39.0	0.582089552238806	5.760229157204468	5.899290889951534	3.0	4.0	0.0	0.0	0.0	0.0	0.0	0.0	0.044776119402985
grp-09	T3	23	690.0	67.8833	0.3172	35.7605	3.4557	14.009	1.0	0.0	3.0	0.0	0.0	0.0	0.0	48.0	39.0	0.8125	5.512035660188278	5.5235619560570095	0.0	3.0	0.0	0.0	0.0	3.0	1.0	0.0	0.0
grp-09	T3	24	720.0	71.5929	0.2843	35.7767	3.466	0.0	0.0	0.0	1.0	0.0	0.0	0.0	0.0	5.0	5.0	1.0	2.0	1.584962500721156	1.0	1.0	0.0	1.0	0.0	1.0	0.0	0.5	0.4
grp-10	T1	0	0.0	66.3515	0.0751	36.4805	3.4215	4.851	0.0	0.0	2.0	0.0	0.0	0.0	0.0	0.0	0.0	0.0	0.0	0.0	0.0	0.0	0.0	0.0	0.0	0.0	0.0	0.0	0.0
grp-10	T1	1	30.0	70.9842	0.025	36.4828	3.4757	7.969	1.0	0.0	1.0	0.0	0.0	0.0	0.0	0.0	0.0	0.0	0.0	0.0	0.0	0.0	0.0	0.0	0.0	0.0	0.0	0.0	0.0
grp-10	T1	2	60.0	81.3396	0.0333	36.4864	3.4566	6.176	2.0	0.0	2.0	2.0	1.0	0.918	0.5	0.0	0.0	0.0	0.0	0.0	0.0	0.0	0.0	0.0	0.0	0.0	0.0	0.0	0.0
grp-10	T1	3	90.0	79.5664	0.0167	36.4944	3.4491	2.381	1.0	0.0	2.0	1.0	1.0	0.867	0.0	0.0	0.0	0.0	0.0	0.0	0.0	0.0	0.0	0.0	0.0	0.0	0.0	0.0	0.0
grp-10	T1	4	120.0	73.4099	0.0334	36.5097	3.4683	2.018	2.0	0.0	1.0	1.0	0.0	21.929	0.0	0.0	0.0	0.0	0.0	0.0	0.0	0.0	0.0	0.0	0.0	0.0	0.0	0.0	0.0
grp-10	T1	5	150.0	72.3431	0.0501	36.5157	3.4623	0.881	1.0	0.0	2.0	4.0	1.0	13.425	0.25	0.0	0.0	0.0	0.0	0.0	0.0	0.0	0.0	0.0	0.0	0.0	0.0	0.0	0.0
grp-10	T1	6	180.0	72.3514	0.0417	36.5268	3.4984	4.083	2.0	0.0	2.0	0.0	0.0	0.0	0.0	0.0	0.0	0.0	0.0	0.0	0.0	0.0	0.0	0.0	0.0	0.0	0.0	0.0	0.0
grp-10	T1	7	210.0	71.6231	0.0167	36.5416	3.3768	6.227	3.0	0.0	1.0	0.0	0.0	0.0	0.0	71.0	50.0	0.704225352112676	6.100711588373543	6.108524456778164	2.0	9.0	1.0	3.0	0.0	1.0	1.0	0.75	0.0704225352112676
grp-10	T1	8	240.0	76.9684	0.0	36.5588	3.1726	2.179	2.0	0.0	2.0	0.0	0.0	0.0	0.0	41.0	37.0	0.902439024390244	5.321928094887364	5.285402218862247	3.0	0.0	0.0	2.0	0.0	0.0	0.0	0.6666666666666666	0.1219512195121951
grp-10	T1	9	270.0	76.9414	0.0167	36.5787	3.1231	7.296	1.0	0.0	1.0	0.0	0.0	0.0	0.0	48.0	42.0	0.875	5.512035660188278	5.5235619560570095	2.0	5.0	0.0	1.0	0.0	0.0	1.0	0.5	0.0625
grp-10	T1	10	300.0	75.775	0.025	36.5963	3.082	8.234	2.0	0.0	4.0	0.0	0.0	0.0	0.0	58.0	49.0	0.8448275862068966	5.7627145755682445	5.807354922057609	2.0	4.0	0.0	1.0	0.0	0.0	0.0	0.5	0.0517241379310344
grp-10	T1	11	330.0	83.7477	0.0334	36.6138	3.0469	8.924	1.0	1.0	4.0	0.0	0.0	0.0	0.0	53.0	42.0	0.7924528301886793	5.585055102756479	5.6724253419715005	2.0	2.0	1.0	3.0	0.0	0.0	0.0	0.75	0.0943396226415094
grp-10	T1	12	360.0	93.6992	0.0585	36.6179	3.0455	0.787	0.0	1.0	1.0	0.0	0.0	0.0	0.0	64.0	49.0	0.765625	5.8820418282618245	5.954196310386873	4.0	3.0	0.0	1.0	0.0	2.0	0.0	0.5	0.078125
grp-10	T2	0	0.0	80.5313	0.0167	37.0802	3.1784	12.768	0.0	0.0	2.0	1.0	1.0	1.822	1.0	0.0	0.0	0.0	0.0	0.0	0.0	0.0	0.0	0.0	0.0	0.0	0.0	0.0	0.0
grp-10	T2	1	30.0	89.9003	0.0083	37.1097	3.2073	8.478	1.0	0.0	1.0	0.0	0.0	0.0	0.0	0.0	0.0	0.0	0.0	0.0	0.0	0.0	0.0	0.0	0.0	0.0	0.0	0.0	0.0
grp-10	T2	2	60.0	97.8872	0.0334	37.1209	3.0661	22.0	1.0	0.0	2.0	1.0	1.0	1.185	0.0	0.0	0.0	0.0	0.0	0.0	0.0	0.0	0.0	0.0	0.0	0.0	0.0	0.0	0.0
grp-10	T2	3	90.0	89.2482	0.0334	37.1063	2.9889	5.108	1.0	0.0	2.0	3.0	1.0	1.898	0.6666666666666666	0.0	0.0	0.0	0.0	0.0	0.0	0.0	0.0	0.0	0.0	0.0	0.0	0.0	0.0
grp-10	T2	4	120.0	78.3761	0.0083	37.0918	3.0529	4.188	0.0	0.0	1.0	3.0	3.0	9.275	0.3333333333333333	0.0	0.0	0.0	0.0	0.0	0.0	0.0	0.0	0.0	0.0	0.0	0.0	0.0	0.0
grp-10	T2	5	150.0	81.4481	0.025	37.0948	3.0424	4.149	2.0	0.0	3.0	2.0	0.0	0.588	0.0	33.0	31.0	0.9393939393939394	5.0	4.954196310386877	2.0	3.0	0.0	0.0	0.0	1.0	0.0	0.0	0.0606060606060606
grp-10	T2	6	180.0	76.086	0.0167	37.0816	3.1036	4.021	0.0	0.0	1.0	2.0	2.0	3.319	0.0	60.0	47.0	0.7833333333333333	5.814846439192345	5.85798099512757	2.0	5.0	0.0	2.0	0.0	0.0	0.0	0.6666666666666666	0.0666666666666666
grp-10	T2	7	210.0	67.0305	0.0251	37.0675	3.1795	7.678	3.0	1.0	3.0	2.0	2.0	3.4	0.5	24.0	22.0	0.9166666666666666	4.523561956057013	4.459431618637295	1.0	2.0	0.0	0.0	0.0	1.0	0.0	0.0	0.0416666666666666
grp-10	T2	8	240.0	61.5489	0.0583	37.0667	3.0328	1.143	1.0	0.0	2.0	0.0	0.0	0.0	0.0	48.0	43.0	0.8958333333333334	5.55458885167764	5.5235619560570095	3.0	3.0	1.0	3.0	0.0	0.0	0.0	0.75	0.125
grp-10	T2	9	270.0	59.1773	0.05	37.0642	2.9314	3.783	1.0	0.0	1.0	0.0	0.0	0.0	0.0	62.0	43.0	0.6935483870967742	5.766802911333375	5.806890595608516	1.0	1.0	1.0	3.0	0.0	0.0	0.0	0.75	0.064516129032258
grp-10	T2	10	300.0	69.5207	0.0	37.0669	2.9807	0.42	0.0	0.0	1.0	1.0	0.0	0.22	0.0	62.0	50.0	0.8064516129032258	5.930737337562883	5.906890595608517	2.0	5.0	0.0	2.0	0.0	1.0	0.0	0.6666666666666666	0.064516129032258
grp-10	T2	11	330.0	85.0135	0.0	37.0565	2.9975	5.934	2.0	0.0	2.0	2.0	0.0	0.176	0.0	61.0	41.0	0.6721311475409836	5.773557262275183	5.882643049361836	2.0	2.0	0.0	1.0	0.0	0.0	0.0	0.5	0.0491803278688524
grp-10	T2	12	360.0	90.7164	0.0	37.0223	2.9355	0.06	0.0	0.0	2.0	2.0	0.0	0.378	0.5	70.0	50.0	0.7142857142857143	6.050553442285411	6.058051076544463	3.0	3.0	3.0	3.0	1.0	0.0	0.0	0.4	0.0857142857142857
grp-10	T2	13	390.0	87.3849	0.0334	36.9884	2.9759	22.019	1.0	0.0	2.0	0.0	0.0	0.0	0.0	46.0	36.0	0.782608695652174	5.402964207440784	5.413977073182751	2.0	4.0	0.0	3.0	0.0	0.0	0.0	0.75	0.108695652173913
grp-10	T2	14	420.0	88.5277	0.1002	36.9675	3.1097	0.0	0.0	0.0	2.0	0.0	0.0	0.0	0.0	62.0	50.0	0.8064516129032258	5.897950452316982	5.906890595608517	1.0	5.0	0.0	1.0	0.0	0.0	0.0	0.5	0.032258064516129
grp-10	T2	15	450.0	100.2899	0.1001	36.9429	3.2199	6.883	3.0	0.0	2.0	0.0	0.0	0.0	0.0	67.0	40.0	0.5970149253731343	5.88144127841659	6.022367813028458	0.0	2.0	2.0	1.0	0.0	0.0	0.0	0.5	0.0149253731343283
grp-10	T2	16	480.0	98.8612	0.0667	36.9216	3.2695	3.622	1.0	0.0	2.0	0.0	0.0	0.0	0.0	51.0	41.0	0.803921568627451	5.643856189774728	5.614709844115208	0.0	3.0	0.0	1.0	0.0	0.0	0.0	0.5	0.0196078431372549
grp-10	T2	17	510.0	91.8991	0.0334	36.9119	3.111685714285715	5.639	1.0	0.0	1.0	0.0	0.0	0.0	0.0	112.0	69.0	0.6160714285714286	6.697524987952251	6.781359713524669	2.0	9.0	0.0	4.0	0.0	1.0	0.0	0.8	0.0535714285714285
grp-10	T2	18	540.0	82.9681	0.0083	36.9142	3.111685714285715	2.555	0.0	0.0	1.0	0.0	0.0	0.0	0.0	17.0	16.0	0.9411764705882352	4.0	3.906890595608518	1.0	0.0	0.0	0.0	0.0	0.0	0.0	0.0	0.0588235294117647
grp-10	T2	19	570.0	66.5987	0.0334	36.9166	3.111685714285715	10.077	2.0	1.0	3.0	0.0	0.0	0.0	0.0	107.0	62.0	0.5794392523364486	6.652448756449976	6.714245517666113	2.0	8.0	0.0	3.0	0.0	1.0	1.0	0.75	0.0467289719626168
grp-10	T2	20	600.0	63.3867	0.0501	36.9274	3.111685714285715	1.621	0.0	0.0	1.0	0.0	0.0	0.0	0.0	28.0	25.0	0.8928571428571429	4.6808134280893965	4.700439718141092	1.0	1.0	0.0	2.0	0.0	0.0	0.0	0.6666666666666666	0.1071428571428571
grp-10	T2	21	630.0	78.4436	0.0751	36.9342	3.111685714285715	27.25	2.0	0.0	2.0	0.0	0.0	0.0	0.0	85.0	62.0	0.7294117647058823	6.297079327540665	6.375039431346932	2.0	7.0	1.0	3.0	0.0	0.0	1.0	0.75	0.0588235294117647
grp-10	T2	22	660.0	82.5327	0.0667	36.9252	3.111685714285715	11.16	2.0	3.0	4.0	0.0	0.0	0.0	0.0	57.0	42.0	0.7368421052631579	5.807354922057609	5.781359713524656	1.0	0.0	0.0	2.0	0.0	0.0	0.0	0.6666666666666666	0.0526315789473684
grp-10	T2	23	690.0	74.1131	0.0417	36.916	3.111685714285715	5.664	4.0	1.0	3.0	0.0	0.0	0.0	0.0	67.0	51.0	0.7611940298507462	6.014091089055431	6.022367813028458	0.0	4.0	0.0	1.0	0.0	0.0	0.0	0.5	0.0149253731343283
grp-10	T2	24	720.0	83.1829	0.0752	36.9188	3.111685714285715	0.0	1.0	0.0	4.0	0.0	0.0	0.0	0.0	51.0	40.0	0.7843137254901961	5.563856189774728	5.614709844115208	0.0	4.0	1.0	0.0	0.0	0.0	0.0	0.0	0.0
grp-10	T3	0	0.0	65.7682	0.0334	37.1012	3.0737	0.194	0.0	0.0	2.0	6.0	1.0	3.483	0.1666666666666666	0.0	0.0	0.0	0.0	0.0	0.0	0.0	0.0	0.0	0.0	0.0	0.0	0.0	0.0
grp-10	T3	1	30.0	73.5445	0.0333	37.0912	3.1258	3.941	0.0	1.0	2.0	0.0	0.0	0.0	0.0	0.0	0.0	0.0	0.0	0.0	0.0	0.0	0.0	0.0	0.0	0.0	0.0	0.0	0.0
grp-10	T3	2	60.0	73.087	0.05	37.1154	3.0734	5.636	0.0	1.0	1.0	2.0	2.0	2.199	0.5	0.0	0.0	0.0	0.0	0.0	0.0	0.0	0.0	0.0	0.0	0.0	0.0	0.0	0.0
grp-10	T3	3	90.0	75.1829	0.0584	37.1606	2.8886	8.463	1.0	0.0	1.0	3.0	1.0	1.249	0.0	0.0	0.0	0.0	0.0	0.0	0.0	0.0	0.0	0.0	0.0	0.0	0.0	0.0	0.0
grp-10	T3	4	120.0	81.0787	0.0752	37.1413	2.859	21.133	1.0	1.0	2.0	5.0	2.0	4.499	0.4	0.0	0.0	0.0	0.0	0.0	0.0	0.0	0.0	0.0	0.0	0.0	0.0	0.0	0.0
grp-10	T3	5	150.0	82.6551	0.0417	37.0947	2.8423	5.146	2.0	0.0	3.0	6.0	5.0	5.841	0.3333333333333333	0.0	0.0	0.0	0.0	0.0	0.0	0.0	0.0	0.0	0.0	0.0	0.0	0.0	0.0
grp-10	T3	6	180.0	77.2723	0.0417	37.0877	2.8509	12.345	4.0	1.0	2.0	4.0	2.0	1.777	0.25	0.0	0.0	0.0	0.0	0.0	0.0	0.0	0.0	0.0	0.0	0.0	0.0	0.0	0.0
grp-10	T3	7	210.0	75.0674	0.025	37.0908	2.9066	14.799	1.0	0.0	2.0	0.0	0.0	0.0	0.0	0.0	0.0	0.0	0.0	0.0	0.0	0.0	0.0	0.0	0.0	0.0	0.0	0.0	0.0
grp-10	T3	8	240.0	82.9945	0.0584	37.0776	2.9331	11.715	0.0	1.0	3.0	0.0	0.0	0.0	0.0	26.0	25.0	0.9615384615384616	4.643856189774723	4.584962500721156	1.0	1.0	0.0	1.0	0.0	2.0	0.0	0.5	0.0769230769230769
grp-10	T3	9	270.0	79.0499	0.0751	37.0725	2.9076	5.824	2.0	0.0	4.0	0.0	0.0	0.0	0.0	78.0	60.0	0.7692307692307693	6.266786540694905	6.247927513443591	2.0	4.0	1.0	4.0	0.0	0.0	0.0	0.8	0.0769230769230769
grp-10	T3	10	300.0	64.0393	0.0668	37.0646	2.9278	8.662	4.0	1.0	3.0	0.0	0.0	0.0	0.0	75.0	46.0	0.6133333333333333	6.128372284547874	6.189824558880028	2.0	13.0	0.0	6.0	0.0	0.0	0.0	0.8571428571428571	0.1066666666666666
grp-10	T3	11	330.0	58.7523	0.0752	37.0417	2.9512	10.855	1.0	0.0	4.0	0.0	0.0	0.0	0.0	97.0	59.0	0.6082474226804123	6.501629167387827	6.548802976752	0.0	13.0	0.0	7.0	1.0	0.0	0.0	0.6666666666666666	0.0721649484536082
grp-10	T3	12	360.0	63.5889	0.0751	37.0219	3.111685714285715	8.321	1.0	1.0	3.0	0.0	0.0	0.0	0.0	81.0	49.0	0.6049382716049383	6.221928094887357	6.303780748177105	3.0	8.0	0.0	4.0	0.0	0.0	2.0	0.8	0.0864197530864197
grp-11	T1	0	0.0	49.6999	0.1338	35.7437	2.9038	7.811	1.0	0.0	2.0	1.0	0.0	0.369	1.0	30.0	25.0	0.8333333333333334	4.857980995127571	4.807354922057606	3.0	2.0	0.0	2.0	0.0	0.0	0.0	0.6666666666666666	0.1666666666666666
grp-11	T1	1	30.0	48.4451	0.1451	35.7264	2.9171	5.511	2.0	0.0	3.0	0.0	0.0	0.0	0.0	61.0	41.0	0.6721311475409836	5.74022392894185	5.848744744277091	4.0	1.0	2.0	2.0	0.0	0.0	0.0	0.6666666666666666	0.0983606557377049
grp-11	T1	2	60.0	65.8005	0.167	35.725	2.9701	7.39	3.0	0.0	4.0	4.0	3.0	3.664	0.0	74.0	50.0	0.6756756756756757	6.004759147861849	6.14214722366454	3.0	8.0	1.0	4.0	0.0	0.0	0.0	0.8	0.0945945945945946
grp-11	T1	3	90.0	72.7827	0.1506	35.7367	2.9727	11.244	0.0	0.0	1.0	6.0	4.0	4.454	0.6666666666666666	46.0	33.0	0.717391304347826	5.314075318551895	5.41397707318275	0.0	5.0	0.0	0.0	0.0	1.0	0.0	0.0	0.0
grp-11	T1	4	120.0	70.7961	0.1422	35.758	2.9002	14.614	3.0	0.0	2.0	6.0	4.0	5.458	0.6666666666666666	35.0	28.0	0.8	4.969815782426808	5.044394119358456	2.0	2.0	0.0	1.0	0.0	0.0	1.0	0.5	0.0857142857142857
grp-11	T1	5	150.0	54.6136	0.1586	35.8078	2.9331	14.881	2.0	0.0	4.0	4.0	0.0	1.415	0.5	41.0	35.0	0.8536585365853658	5.321928094887364	5.285402218862247	4.0	3.0	1.0	1.0	0.0	0.0	0.0	0.5	0.1219512195121951
grp-11	T1	6	180.0	41.9826	0.209	35.8503	2.8874	10.35	2.0	0.0	4.0	0.0	0.0	0.0	0.0	60.0	38.0	0.6333333333333333	5.458582879723637	5.590571081259864	1.0	5.0	2.0	1.0	1.0	0.0	0.0	0.0	0.0333333333333333
grp-11	T1	7	210.0	53.2891	0.2261	35.8576	2.8297	20.641	8.0	1.0	3.0	0.0	0.0	0.0	0.0	49.0	28.0	0.5714285714285714	5.110902344426087	5.240655075035864	7.0	0.0	2.0	0.0	0.0	1.0	0.0	0.0	0.1428571428571428
grp-11	T1	8	240.0	72.2464	0.2346	35.8758	2.8037	1.629	5.0	0.0	4.0	3.0	1.0	1.542	0.3333333333333333	46.0	33.0	0.717391304347826	5.269630874107451	5.41397707318275	1.0	1.0	0.0	1.0	0.0	2.0	0.0	0.5	0.0434782608695652
grp-11	T1	9	270.0	69.9723	0.2007	35.9355	2.8224	1.268	6.0	0.0	3.0	0.0	0.0	0.0	0.0	78.0	56.0	0.717948717948718	6.214838488746853	6.247927513443591	5.0	3.0	0.0	1.0	0.0	2.0	0.0	0.5	0.0769230769230769
grp-11	T1	10	300.0	68.0004	0.1838	36.0181	2.863	8.051	5.0	0.0	4.0	0.0	0.0	0.0	0.0	77.0	45.0	0.5844155844155844	6.106415835783546	6.202152023829224	3.0	7.0	3.0	1.0	0.0	3.0	1.0	0.5	0.0519480519480519
grp-11	T1	11	330.0	54.9459	0.1588	36.0785	2.835	26.758	2.0	5.0	2.0	0.0	0.0	0.0	0.0	39.0	23.0	0.5897435897435898	4.681880802803404	4.898378365512008	9.0	4.0	1.0	2.0	0.0	1.0	0.0	0.6666666666666666	0.282051282051282
grp-11	T1	12	360.0	66.3337	0.1674	36.1114	2.8402	104.445	1.0	0.0	1.0	0.0	0.0	0.0	0.0	15.0	14.0	0.9333333333333332	3.8073549220576055	3.7004397181410926	2.0	0.0	0.0	0.0	0.0	1.0	0.0	0.0	0.1333333333333333
grp-11	T1	15	450.0	51.913	0.1757	36.2153	2.9104	0.0	1.0	0.0	0.0	0.0	0.0	0.0	0.0	0.0	0.0	0.0	0.0	0.0	0.0	0.0	0.0	0.0	0.0	0.0	0.0	0.0	0.0
grp-11	T1	16	480.0	50.0689	0.259	36.2181	2.9176	8.537	2.0	0.0	4.0	0.0	0.0	0.0	0.0	13.0	13.0	1.0	3.584962500721156	3.459431618637298	0.0	0.0	0.0	0.0	0.0	0.0	0.0	0.0	0.0
grp-11	T1	17	510.0	62.2975	0.3014	36.2112	3.0139	4.14	3.0	0.0	2.0	0.0	0.0	0.0	0.0	78.0	46.0	0.5897435897435898	5.919320469238235	6.106415835783546	2.0	8.0	0.0	1.0	0.0	2.0	1.0	0.5	0.0384615384615384
grp-11	T2	0	0.0	72.9477	0.2672	36.1395	3.1567	4.608	0.0	0.0	2.0	1.0	0.0	0.254	0.0	7.0	6.0	0.8571428571428571	2.584962500721156	2.321928094887362	2.0	1.0	0.0	0.0	0.0	0.0	0.0	0.0	0.2857142857142857
grp-11	T2	1	30.0	103.119	0.2087	36.149	3.1341	1.9	0.0	0.0	0.0	0.0	0.0	0.0	0.0	0.0	0.0	0.0	0.0	0.0	0.0	0.0	0.0	0.0	0.0	0.0	0.0	0.0	0.0
grp-11	T2	2	60.0	83.5415	0.1754	36.1625	3.1276	97.6	0.0	0.0	0.0	0.0	0.0	0.0	0.0	0.0	0.0	0.0	0.0	0.0	0.0	0.0	0.0	0.0	0.0	0.0	0.0	0.0	0.0
grp-11	T2	5	150.0	87.3867	0.1253	36.1827	2.7932	10.226	0.0	0.0	1.0	0.0	0.0	0.0	0.0	0.0	0.0	0.0	0.0	0.0	0.0	0.0	0.0	0.0	0.0	0.0	0.0	0.0	0.0
grp-11	T2	6	180.0	83.0617	0.1336	36.2694	2.7907	8.228	4.0	0.0	3.0	0.0	0.0	0.0	0.0	32.0	29.0	0.90625	4.954196310386877	4.906890595608519	3.0	2.0	0.0	0.0	0.0	4.0	0.0	0.0	0.09375
grp-11	T2	7	210.0	103.9883	0.0586	36.3432	2.848	4.419	1.0	0.0	2.0	1.0	0.0	0.261	1.0	70.0	58.0	0.8285714285714286	6.079538949531787	6.087462841250345	1.0	5.0	0.0	1.0	1.0	0.0	1.0	0.0	0.0285714285714285
grp-11	T2	8	240.0	89.8627	0.0668	36.3592	2.9402	4.882	3.0	1.0	3.0	1.0	1.0	0.674	0.0	75.0	42.0	0.56	6.020264176439766	6.107632778058109	3.0	5.0	0.0	1.0	0.0	1.0	1.0	0.5	0.0533333333333333
grp-11	T2	9	270.0	81.4661	0.1503	36.3706	2.8889	5.043	4.0	0.0	2.0	4.0	2.0	4.827	0.5	38.0	30.0	0.7894736842105263	5.101345257520845	5.114369445886754	3.0	1.0	0.0	1.0	0.0	1.0	0.0	0.5	0.1052631578947368
grp-11	T2	10	300.0	85.6615	0.1924	36.3695	3.0174	4.29	2.0	0.0	1.0	10.0	3.0	5.347	0.1	90.0	56.0	0.6222222222222222	6.090737223028312	6.206424090154459	1.0	1.0	0.0	1.0	0.0	0.0	0.0	0.5	0.0222222222222222
grp-11	T2	11	330.0	51.3273	0.2088	36.3243	3.1624	3.35	3.0	0.0	2.0	4.0	3.0	2.711	0.0	70.0	46.0	0.6571428571428571	6.021567935039033	6.087462841250345	1.0	2.0	0.0	0.0	0.0	0.0	0.0	0.0	0.0142857142857142
grp-11	T2	12	360.0	64.8234	0.2172	36.2887	3.1552	3.659	0.0	0.0	2.0	0.0	0.0	0.0	0.0	78.0	54.0	0.6923076923076923	6.058994332902696	6.195295934496223	5.0	2.0	0.0	3.0	0.0	0.0	2.0	0.75	0.1025641025641025
grp-11	T2	13	390.0	65.7765	0.2423	36.2862	3.1492	5.726	3.0	0.0	3.0	0.0	0.0	0.0	0.0	38.0	31.0	0.8157894736842105	5.101345257520844	5.1699250014423095	2.0	3.0	0.0	0.0	0.0	1.0	0.0	0.0	0.0526315789473684
grp-11	T2	14	420.0	90.5589	0.2508	36.284	3.1628	6.964	0.0	0.0	1.0	0.0	0.0	0.0	0.0	54.0	37.0	0.6851851851851852	5.562733897918601	5.661978179679557	1.0	0.0	1.0	0.0	0.0	0.0	0.0	0.0	0.0185185185185185
grp-11	T2	15	450.0	128.9712	0.3256	36.2783	3.1914	5.418	4.0	0.0	3.0	0.0	0.0	0.0	0.0	69.0	43.0	0.6231884057971014	6.028639311838581	6.066089190457767	5.0	3.0	0.0	4.0	0.0	3.0	1.0	0.8	0.1304347826086956
grp-11	T2	16	480.0	111.185	0.2588	36.2746	3.1753	1.405	1.0	0.0	2.0	0.0	0.0	0.0	0.0	82.0	53.0	0.6463414634146342	6.241084570785849	6.296928094887356	0.0	5.0	1.0	0.0	0.0	1.0	0.0	0.0	0.0
grp-11	T2	17	510.0	108.3343	0.2177	36.2568	3.1623	10.799	1.0	4.0	3.0	0.0	0.0	0.0	0.0	57.0	42.0	0.7368421052631579	5.771640636343324	5.781359713524656	2.0	2.0	0.0	0.0	0.0	0.0	0.0	0.0	0.0350877192982456
grp-11	T2	18	540.0	97.7902	0.318	36.2426	3.1592	3.632	4.0	1.0	4.0	0.0	0.0	0.0	0.0	85.0	51.0	0.6	6.130412660873999	6.350943045804764	3.0	6.0	0.0	2.0	0.0	2.0	1.0	0.6666666666666666	0.0588235294117647
grp-11	T2	19	570.0	79.443	0.2922	36.2575	3.1471	13.181	0.0	5.0	3.0	0.0	0.0	0.0	0.0	32.0	25.0	0.78125	4.889680181354619	4.906890595608519	1.0	0.0	0.0	0.0	0.0	2.0	0.0	0.0	0.03125
grp-11	T2	20	600.0	47.7767	0.1838	36.2689	3.15	18.476	1.0	5.0	4.0	0.0	0.0	0.0	0.0	79.0	46.0	0.5822784810126582	6.044954943193493	6.214838488746853	3.0	3.0	0.0	1.0	0.0	4.0	1.0	0.5	0.050632911392405
grp-11	T2	21	630.0	54.4756	0.1337	36.263	3.137	9.923	1.0	2.0	3.0	0.0	0.0	0.0	0.0	61.0	32.0	0.5245901639344263	5.594309137239127	5.814846439192345	3.0	5.0	0.0	1.0	0.0	1.0	0.0	0.5	0.0655737704918032
grp-11	T2	22	660.0	51.0345	0.2672	36.2498	3.1187	6.213	0.0	0.0	3.0	0.0	0.0	0.0	0.0	47.0	34.0	0.723404255319149	5.33323831470563	5.44740865188523	1.0	1.0	0.0	0.0	1.0	2.0	1.0	-0.5	0.0212765957446808
grp-11	T2	23	690.0	139.9798	0.1587	36.2452	3.1481	11.691	4.0	0.0	4.0	0.0	0.0	0.0	0.0	67.0	38.0	0.5671641791044776	5.89287896784331	5.960829351489997	5.0	4.0	0.0	1.0	0.0	7.0	0.0	0.5	0.0895522388059701
grp-11	T2	24	720.0	93.064	0.1922	36.2545	3.1706	73.91	0.0	0.0	2.0	0.0	0.0	0.0	0.0	11.0	11.0	1.0	3.321928094887362	3.169925001442312	2.0	0.0	0.0	0.0	0.0	0.0	0.0	0.0	0.1818181818181818
grp-11	T2	26	780.0	105.9677	0.2256	36.2701	3.0884	8.225	0.0	2.0	1.0	0.0	0.0	0.0	0.0	15.0	13.0	0.8666666666666667	3.8073549220576055	3.7004397181410926	0.0	1.0	0.0	1.0	0.0	0.0	0.0	0.5	0.0666666666666666
grp-11	T2	27	810.0	128.1099	0.2674	36.2618	3.1299	38.994	0.0	0.0	1.0	0.0	0.0	0.0	0.0	4.0	4.0	1.0	1.584962500721156	1.0	0.0	0.0	0.0	0.0	0.0	0.0	0.0	0.0	0.0
grp-11	T2	28	840.0	135.6418	0.1924	36.2545	3.1523	0.0	0.0	0.0	0.0	0.0	0.0	0.0	0.0	8.0	8.0	1.0	2.807354922057604	2.584962500721156	1.0	0.0	0.0	1.0	0.0	0.0	0.0	0.5	0.25
grp-11	T3	0	0.0	63.1259	0.2337	35.9246	3.0979	5.193	2.0	3.0	4.0	1.0	0.0	0.26	1.0	22.0	21.0	0.9545454545454546	4.39231742277876	4.321928094887363	4.0	3.0	0.0	0.0	0.0	0.0	0.0	0.0	0.1818181818181818
grp-11	T3	1	30.0	86.9166	0.2674	35.8951	3.1244	7.136	0.0	1.0	1.0	2.0	0.0	0.747	0.5	3.0	3.0	1.0	1.0	0.0	1.0	0.0	0.0	0.0	0.0	1.0	0.0	0.0	0.3333333333333333
grp-11	T3	2	60.0	43.8187	0.2759	35.9134	2.9242	24.881	1.0	0.0	3.0	0.0	0.0	0.0	0.0	9.0	9.0	1.0	3.0	2.807354922057604	0.0	0.0	0.0	0.0	0.0	3.0	0.0	0.0	0.0
grp-11	T3	3	90.0	45.9817	0.2427	35.9299	2.7565	38.918	1.0	1.0	2.0	8.0	3.0	8.748	0.0	16.0	12.0	0.75	3.906890595608518	3.8073549220576055	5.0	0.0	0.0	0.0	0.0	2.0	0.0	0.0	0.3125
grp-11	T3	4	120.0	79.1355	0.2005	35.9324	2.7569	19.509	0.0	0.0	1.0	5.0	1.0	2.099	0.0	6.0	6.0	1.0	2.321928094887362	2.0	0.0	0.0	0.0	0.0	0.0	0.0	0.0	0.0	0.0
grp-11	T3	5	150.0	126.6265	0.2009	35.9226	2.7679	18.668	1.0	1.0	1.0	5.0	2.0	4.441	0.2	7.0	6.0	0.8571428571428571	2.584962500721156	2.321928094887362	1.0	0.0	0.0	0.0	0.0	0.0	0.0	0.0	0.1428571428571428
grp-11	T3	6	180.0	92.3622	0.2674	35.8942	2.7996	11.65	1.0	8.0	4.0	9.0	4.0	8.786	0.1111111111111111	56.0	42.0	0.75	5.622179940758048	5.71785046512643	7.0	3.0	1.0	2.0	1.0	2.0	0.0	0.25	0.1607142857142857
grp-11	T3	7	210.0	76.9099	0.2838	35.8813	2.8597	16.719	2.0	1.0	3.0	5.0	2.0	3.426	0.4	54.0	36.0	0.6666666666666666	5.727920454563195	5.700439718141095	2.0	3.0	0.0	0.0	0.0	2.0	0.0	0.0	0.037037037037037
grp-11	T3	8	240.0	95.5579	0.2254	35.8855	2.886	15.142	2.0	0.0	2.0	1.0	1.0	0.761	0.0	37.0	26.0	0.7027027027027027	5.058813890331199	5.129283016944964	1.0	3.0	0.0	0.0	0.0	0.0	0.0	0.0	0.027027027027027
grp-11	T3	9	270.0	48.0004	0.192	35.859	2.9882	12.936	4.0	0.0	3.0	0.0	0.0	0.0	0.0	73.0	42.0	0.5753424657534246	5.881662675023378	6.121578105420171	10.0	2.0	0.0	1.0	0.0	7.0	1.0	0.5	0.1506849315068493
grp-11	T3	10	300.0	92.2659	0.2257	35.8232	3.0204	7.175	8.0	0.0	4.0	0.0	0.0	0.0	0.0	95.0	64.0	0.6736842105263158	6.389591245248615	6.517653434763951	7.0	4.0	1.0	0.0	0.0	2.0	1.0	0.0	0.0736842105263157
grp-11	T3	11	330.0	88.9702	0.2672	35.8421	2.9758	6.661	0.0	0.0	2.0	0.0	0.0	0.0	0.0	62.0	47.0	0.7580645161290323	5.820001476871679	5.873557262275184	2.0	3.0	0.0	1.0	0.0	0.0	1.0	0.5	0.0483870967741935
grp-11	T3	12	360.0	85.244	0.2337	35.8602	2.9824	9.843	3.0	4.0	4.0	0.0	0.0	0.0	0.0	78.0	47.0	0.6025641025641025	6.02321657313434	6.11634856607517	8.0	2.0	0.0	7.0	0.0	0.0	0.0	0.875	0.1923076923076923
grp-11	T3	13	390.0	50.2052	0.2595	35.8184	3.0077	12.185	1.0	2.0	4.0	0.0	0.0	0.0	0.0	66.0	43.0	0.6515151515151515	5.930060120720765	6.0	9.0	3.0	0.0	1.0	0.0	1.0	0.0	0.5	0.1515151515151515
grp-11	T3	14	420.0	81.243	0.2673	35.7391	3.072	6.474	1.0	0.0	2.0	0.0	0.0	0.0	0.0	11.0	10.0	0.9090909090909092	3.321928094887362	3.169925001442312	4.0	0.0	0.0	1.0	0.0	0.0	1.0	0.5	0.4545454545454545
grp-11	T3	15	450.0	120.1441	0.2505	35.6866	3.0583	13.704	2.0	0.0	3.0	0.0	0.0	0.0	0.0	30.0	26.0	0.8666666666666667	4.857980995127571	4.807354922057606	3.0	1.0	0.0	0.0	0.0	0.0	0.0	0.0	0.1
grp-11	T3	16	480.0	45.8376	0.2424	35.6876	3.0165	12.905	0.0	0.0	3.0	0.0	0.0	0.0	0.0	34.0	24.0	0.7058823529411765	4.983788058752396	5.0	6.0	1.0	0.0	0.0	0.0	1.0	0.0	0.0	0.1764705882352941
grp-12	T1	0	0.0	108.4123	0.0668	35.9226	2.7582	4.144	0.0	0.0	0.0	0.0	0.0	0.0	0.0	0.0	0.0	0.0	0.0	0.0	0.0	0.0	0.0	0.0	0.0	0.0	0.0	0.0	0.0
grp-12	T1	1	30.0	46.6418	0.0	35.9328	2.7336	9.325	0.0	0.0	0.0	1.0	0.0	0.584	0.0	0.0	0.0	0.0	0.0	0.0	0.0	0.0	0.0	0.0	0.0	0.0	0.0	0.0	0.0
grp-12	T1	2	60.0	123.1618	0.0	35.9639	2.7249	5.996	0.0	0.0	0.0	0.0	0.0	0.0	0.0	0.0	0.0	0.0	0.0	0.0	0.0	0.0	0.0	0.0	0.0	0.0	0.0	0.0	0.0
grp-12	T1	3	90.0	61.1111	0.0	36.0052	2.7308	84.53	1.0	0.0	2.0	0.0	0.0	0.0	0.0	14.0	13.0	0.9285714285714286	3.7004397181410926	3.584962500721156	1.0	0.0	0.0	0.0	0.0	1.0	0.0	0.0	0.0714285714285714
grp-12	T1	6	180.0	39.1791	0.2003	36.1542	2.7958	5.707	0.0	0.0	0.0	2.0	2.0	2.027	0.0	0.0	0.0	0.0	0.0	0.0	0.0	0.0	0.0	0.0	0.0	0.0	0.0	0.0	0.0
grp-12	T1	7	210.0	47.1106	0.2005	36.2157	2.6194	6.899	0.0	0.0	2.0	0.0	0.0	0.0	0.0	10.0	10.0	1.0	3.169925001442312	3.0	2.0	0.0	0.0	0.0	0.0	1.0	0.0	0.0	0.2
grp-12	T1	8	240.0	69.202	0.0334	36.2801	2.4692	2.198	2.0	0.0	2.0	1.0	1.0	1.062	0.0	75.0	44.0	0.5866666666666667	6.101345257520847	6.135030038332081	3.0	10.0	0.0	7.0	0.0	1.0	0.0	0.875	0.1333333333333333
grp-12	T1	9	270.0	42.698	0.0334	36.3315	2.468	6.968	1.0	0.0	2.0	0.0	0.0	0.0	0.0	103.0	65.0	0.6310679611650486	6.613601812559735	6.658211482751779	4.0	9.0	1.0	6.0	0.0	0.0	0.0	0.8571428571428571	0.0970873786407767
grp-12	T1	10	300.0	51.3447	0.0	36.3752	2.4877	3.194	3.0	0.0	2.0	0.0	0.0	0.0	0.0	27.0	21.0	0.7777777777777778	4.546593564294938	4.5638561897747225	1.0	2.0	0.0	1.0	0.0	0.0	0.0	0.5	0.074074074074074
grp-12	T1	11	330.0	39.0071	0.0334	36.3922	2.5396	6.748	2.0	0.0	3.0	0.0	0.0	0.0	0.0	71.0	53.0	0.7464788732394366	6.100711588373543	6.108524456778164	3.0	6.0	0.0	5.0	1.0	0.0	0.0	0.5714285714285714	0.1126760563380281
grp-12	T1	12	360.0	40.2439	0.0334	36.3639	2.6845	23.786	2.0	0.0	2.0	0.0	0.0	0.0	0.0	94.0	61.0	0.648936170212766	6.453137305731691	6.501822825622244	6.0	7.0	0.0	2.0	1.0	2.0	0.0	0.25	0.0851063829787234
grp-12	T1	13	390.0	133.794	0.0	36.3328	2.7841	7.945	1.0	0.0	2.0	0.0	0.0	0.0	0.0	41.0	35.0	0.8536585365853658	5.271928094887364	5.285402218862247	2.0	1.0	0.0	0.0	0.0	1.0	0.0	0.0	0.048780487804878
grp-12	T1	14	420.0	47.5888	0.0336	36.3329	2.7999	5.938	1.0	0.0	2.0	0.0	0.0	0.0	0.0	80.0	58.0	0.725	6.218275843086428	6.285402218862257	0.0	7.0	0.0	3.0	0.0	1.0	1.0	0.75	0.0375
grp-12	T1	15	450.0	84.5865	0.0334	36.3471	2.7404	2.922	1.0	0.0	2.0	0.0	0.0	0.0	0.0	67.0	49.0	0.7313432835820896	5.923181998146339	5.991598582259227	1.0	4.0	0.0	1.0	0.0	0.0	0.0	0.5	0.0298507462686567
grp-12	T1	16	480.0	36.7647	0.0	36.3604	2.6097	11.086	0.0	0.0	3.0	0.0	0.0	0.0	0.0	44.0	40.0	0.9090909090909092	5.426264754702098	5.3923174227787625	1.0	2.0	0.0	0.0	0.0	1.0	0.0	0.0	0.0227272727272727
grp-12	T1	17	510.0	54.375	0.0334	36.3735	2.7046	16.024	1.0	0.0	3.0	0.0	0.0	0.0	0.0	42.0	30.0	0.7142857142857143	5.259991029008325	5.321928094887364	1.0	4.0	0.0	1.0	0.0	1.0	0.0	0.5	0.0476190476190476
grp-12	T1	18	540.0	79.5455	0.1003	36.3761	2.7535	2.712	2.0	0.0	2.0	0.0	0.0	0.0	0.0	66.0	50.0	0.7575757575757576	5.991598582259227	6.0	1.0	4.0	0.0	1.0	0.0	1.0	0.0	0.5	0.0303030303030303
grp-12	T1	19	570.0	65.2174	0.0668	36.3777	2.6448	12.994	0.0	0.0	1.0	0.0	0.0	0.0	0.0	88.0	60.0	0.6818181818181818	6.3739779786073445	6.40300894074861	1.0	3.0	0.0	2.0	0.0	0.0	0.0	0.6666666666666666	0.034090909090909
grp-12	T1	20	600.0	43.2331	0.0	36.3895	2.5975	6.088	1.0	1.0	2.0	0.0	0.0	0.0	0.0	0.0	0.0	0.0	0.0	0.0	0.0	0.0	0.0	0.0	0.0	0.0	0.0	0.0	0.0
grp-12	T2	0	0.0	82.3171	0.0668	36.5135	2.7938	4.983	0.0	0.0	0.0	1.0	0.0	0.154	0.0	0.0	0.0	0.0	0.0	0.0	0.0	0.0	0.0	0.0	0.0	0.0	0.0	0.0	0.0
grp-12	T2	1	30.0	66.6667	0.1335	36.5364	2.7977	5.306	0.0	0.0	1.0	0.0	0.0	0.0	0.0	0.0	0.0	0.0	0.0	0.0	0.0	0.0	0.0	0.0	0.0	0.0	0.0	0.0	0.0
grp-12	T2	2	60.0	37.013	0.1005	36.5813	2.8284	6.167	2.0	0.0	1.0	0.0	0.0	0.0	0.0	31.0	26.0	0.8387096774193549	4.840223928941852	4.857980995127571	0.0	2.0	0.0	1.0	0.0	1.0	0.0	0.5	0.032258064516129
grp-12	T2	3	90.0	37.9747	0.134	36.6074	2.8927	29.919	0.0	0.0	0.0	1.0	1.0	8.163	0.0	0.0	0.0	0.0	0.0	0.0	0.0	0.0	0.0	0.0	0.0	0.0	0.0	0.0	0.0
grp-12	T2	4	120.0	51.8519	0.1001	36.618	2.8646	24.156	0.0	1.0	1.0	1.0	1.0	2.148	0.0	13.0	13.0	1.0	3.584962500721156	3.459431618637298	0.0	0.0	0.0	0.0	0.0	0.0	0.0	0.0	0.0
grp-12	T2	5	150.0	204.5455	0.0669	36.6332	2.6758	1.916	2.0	0.0	1.0	1.0	0.0	0.454	0.0	59.0	47.0	0.7966101694915254	5.789015477886191	5.832890014164736	1.0	8.0	1.0	6.0	0.0	0.0	0.0	0.8571428571428571	0.1186440677966101
grp-12	T2	6	180.0	80.8824	0.0669	36.654	2.5752	0.487	2.0	0.0	2.0	1.0	0.0	1.707	0.0	61.0	47.0	0.7704918032786885	5.8402239289418505	5.882643049361836	1.0	5.0	0.0	5.0	1.0	0.0	0.0	0.5714285714285714	0.0983606557377049
grp-12	T2	7	210.0	205.036	0.1004	36.6599	2.6797	14.198	0.0	0.0	2.0	0.0	0.0	0.0	0.0	69.0	45.0	0.6521739130434783	5.910992253015051	6.006387697920454	2.0	4.0	0.0	0.0	0.0	2.0	0.0	0.0	0.0289855072463768
grp-12	T2	8	240.0	206.9575	0.1004	36.6377	2.7388	1.664	1.0	0.0	2.0	3.0	3.0	2.793	0.0	118.0	75.0	0.635593220338983	6.767800617019285	6.857980995127556	5.0	12.0	0.0	9.0	0.0	0.0	0.0	0.9	0.1186440677966101
grp-12	T2	9	270.0	194.3099	0.0	36.6226	2.7986	3.56	0.0	0.0	2.0	1.0	0.0	0.07	0.0	44.0	34.0	0.7727272727272727	5.379753126795121	5.3923174227787625	1.0	4.0	0.0	1.0	0.0	1.0	0.0	0.5	0.0454545454545454
grp-12	T2	10	300.0	144.802	0.0334	36.6233	2.8677	0.91	1.0	0.0	1.0	3.0	2.0	2.144	0.0	94.0	59.0	0.6276595744680851	6.474642682075779	6.523561956057027	4.0	9.0	0.0	5.0	0.0	0.0	0.0	0.8333333333333334	0.0957446808510638
grp-12	T2	11	330.0	143.3002	0.0334	36.6192	2.9498	3.264	0.0	0.0	2.0	5.0	4.0	8.574	0.0	89.0	59.0	0.6629213483146067	6.41397707318276	6.442943495848723	0.0	7.0	0.0	2.0	0.0	1.0	1.0	0.6666666666666666	0.0224719101123595
grp-12	T2	12	360.0	207.3317	0.0	36.6032	2.9611	27.47	0.0	0.0	4.0	4.0	0.0	1.116	0.25	53.0	44.0	0.8301886792452831	5.700439718141095	5.6724253419715005	0.0	4.0	0.0	1.0	0.0	1.0	0.0	0.5	0.0188679245283018
grp-12	T2	13	390.0	81.3253	0.0	36.5928	2.899	0.0	0.0	0.0	1.0	3.0	0.0	2.461	0.0	86.0	51.0	0.5930232558139535	6.141686377288725	6.297079327540665	6.0	9.0	2.0	3.0	0.0	0.0	0.0	0.75	0.1046511627906976
grp-12	T2	14	420.0	44.226	0.0668	36.6022	2.905	19.868	1.0	0.0	1.0	0.0	0.0	0.0	0.0	59.0	48.0	0.8135593220338984	5.823498236506881	5.832890014164736	1.0	4.0	0.0	2.0	1.0	0.0	0.0	0.25	0.0508474576271186
grp-12	T2	15	450.0	43.1655	0.1001	36.6157	2.9409	0.0	2.0	0.0	1.0	0.0	0.0	0.0	0.0	85.0	60.0	0.7058823529411765	6.320888851350189	6.375039431346932	5.0	10.0	0.0	7.0	0.0	0.0	0.0	0.875	0.1411764705882353
grp-12	T2	16	480.0	88.125	0.1003	36.6048	2.9543	5.166	1.0	0.0	3.0	0.0	0.0	0.0	0.0	64.0	39.0	0.609375	5.699346986923301	5.8452465119648815	6.0	3.0	1.0	1.0	0.0	2.0	0.0	0.5	0.109375
grp-12	T2	17	510.0	196.5649	0.0668	36.5628	2.9052	3.076	6.0	1.0	4.0	0.0	0.0	0.0	0.0	92.0	64.0	0.6956521739130435	6.441860574264635	6.46963087410744	3.0	4.0	1.0	2.0	1.0	2.0	0.0	0.25	0.0543478260869565
grp-12	T2	18	540.0	134.5209	0.0668	36.5551	2.8685	3.653	1.0	0.0	1.0	0.0	0.0	0.0	0.0	90.0	60.0	0.6666666666666666	6.408317700629331	6.459431618637305	3.0	8.0	1.0	6.0	0.0	2.0	0.0	0.8571428571428571	0.1
grp-12	T2	19	570.0	51.3959	0.0668	36.6147	2.9188	5.876	0.0	0.0	3.0	0.0	0.0	0.0	0.0	63.0	42.0	0.6666666666666666	5.825164052322357	5.930737337562883	2.0	3.0	0.0	2.0	0.0	0.0	0.0	0.6666666666666666	0.0634920634920634
grp-12	T2	20	600.0	49.8721	0.0	36.6684	2.8376	13.226	2.0	2.0	4.0	0.0	0.0	0.0	0.0	20.0	18.0	0.9	4.142664355548846	4.169925001442312	2.0	1.0	0.0	2.0	0.0	1.0	0.0	0.6666666666666666	0.2
grp-12	T2	21	630.0	137.9093	0.0	36.671	2.8024	1.287	1.0	0.0	2.0	0.0	0.0	0.0	0.0	111.0	73.0	0.6576576576576577	6.701769827141364	6.7681843247769145	5.0	6.0	1.0	4.0	0.0	4.0	0.0	0.8	0.081081081081081
grp-12	T2	22	660.0	106.3144	0.1004	36.6598	2.8722	9.24	4.0	0.0	3.0	0.0	0.0	0.0	0.0	75.0	56.0	0.7466666666666667	6.128372284547874	6.135030038332081	6.0	2.0	1.0	2.0	0.0	2.0	0.0	0.6666666666666666	0.1066666666666666
grp-12	T2	23	690.0	99.7442	0.1344	36.6438	2.8965	2.139	1.0	0.0	3.0	0.0	0.0	0.0	0.0	130.0	68.0	0.5230769230769231	6.668090336768277	6.859375	4.0	8.0	2.0	3.0	0.0	3.0	0.0	0.75	0.0538461538461538
grp-12	T2	24	720.0	60.1504	0.1001	36.6311	2.9014	7.461	3.0	1.0	3.0	0.0	0.0	0.0	0.0	49.0	39.0	0.7959183673469388	5.5849625007211605	5.55458885167764	2.0	4.0	0.0	1.0	0.0	0.0	1.0	0.5	0.0612244897959183
grp-12	T2	25	750.0	55.4187	0.1001	36.6259	2.8651	12.846	0.0	0.0	2.0	0.0	0.0	0.0	0.0	56.0	45.0	0.8035714285714286	5.708632440797383	5.7548875021634665	3.0	0.0	1.0	1.0	0.0	3.0	0.0	0.5	0.0714285714285714
grp-12	T2	26	780.0	37.6884	0.2343	36.6241	2.896	7.929	1.0	2.0	4.0	0.0	0.0	0.0	0.0	90.0	56.0	0.6222222222222222	6.287476268020751	6.436704345910033	10.0	4.0	0.0	0.0	1.0	1.0	0.0	-0.5	0.1111111111111111
grp-12	T2	27	810.0	36.445	0.2343	36.6278	2.9109	0.0	0.0	0.0	1.0	0.0	0.0	0.0	0.0	27.0	22.0	0.8148148148148148	4.700439718141092	4.643856189774723	3.0	0.0	0.0	1.0	0.0	1.0	0.0	0.5	0.1481481481481481
grp-13	T1	0	0.0	70.3841	0.0667	36.2476	2.9828	1.543	0.0	0.0	0.0	0.0	0.0	0.0	0.0	0.0	0.0	0.0	0.0	0.0	0.0	0.0	0.0	0.0	0.0	0.0	0.0	0.0	0.0
grp-13	T1	1	30.0	65.3495	0.0668	36.2572	3.0104	2.779	1.0	0.0	1.0	0.0	0.0	0.0	0.0	22.0	13.0	0.5909090909090909	3.844232898763191	3.984183719779189	0.0	0.0	0.0	0.0	0.0	0.0	0.0	0.0	0.0
grp-13	T1	2	60.0	63.7276	0.1001	36.2686	2.923	2.917	0.0	0.0	0.0	1.0	1.0	0.535	0.0	0.0	0.0	0.0	0.0	0.0	0.0	0.0	0.0	0.0	0.0	0.0	0.0	0.0	0.0
grp-13	T1	3	90.0	71.1741	0.0921	36.2716	2.9371	6.687	0.0	0.0	1.0	0.0	0.0	0.0	0.0	18.0	14.0	0.7777777777777778	3.8521687236032816	3.875	0.0	0.0	0.0	0.0	0.0	1.0	0.0	0.0	0.0
grp-13	T1	4	120.0	71.5615	0.0585	36.2754	2.9032	3.295	1.0	0.0	2.0	0.0	0.0	0.0	0.0	14.0	13.0	0.9285714285714286	3.7004397181410926	3.584962500721156	1.0	0.0	0.0	0.0	0.0	0.0	0.0	0.0	0.0714285714285714
grp-13	T1	5	150.0	67.4528	0.0419	36.2826	2.9228	87.295	0.0	0.0	0.0	1.0	0.0	0.24	0.0	0.0	0.0	0.0	0.0	0.0	0.0	0.0	0.0	0.0	0.0	0.0	0.0	0.0	0.0
grp-13	T1	8	240.0	62.4641	0.0668	36.2937	2.8123	0.841	0.0	0.0	1.0	2.0	0.0	0.174	0.0	55.0	37.0	0.6727272727272727	5.717850465126429	5.727920454563195	0.0	2.0	0.0	0.0	0.0	0.0	0.0	0.0	0.0
grp-13	T1	9	270.0	64.9004	0.0084	36.3038	2.5579	6.26	0.0	0.0	1.0	3.0	2.0	3.511	0.3333333333333333	48.0	36.0	0.75	5.368314649503949	5.43660543431788	0.0	0.0	0.0	0.0	0.0	0.0	0.0	0.0	0.0
grp-13	T1	10	300.0	69.6199	0.0417	36.306	2.4846	4.743	3.0	0.0	2.0	0.0	0.0	0.0	0.0	61.0	43.0	0.7049180327868853	5.806890595608516	5.848744744277091	1.0	4.0	0.0	1.0	0.0	0.0	0.0	0.5	0.0327868852459016
grp-13	T1	11	330.0	67.1803	0.0668	36.3004	2.5164	9.762	1.0	0.0	1.0	0.0	0.0	0.0	0.0	85.0	57.0	0.6705882352941176	6.2494602799216175	6.326846660262595	6.0	3.0	1.0	2.0	0.0	0.0	0.0	0.6666666666666666	0.0941176470588235
grp-13	T1	12	360.0	61.972	0.0501	36.2997	2.5051	0.0	1.0	0.0	1.0	0.0	0.0	0.0	0.0	100.0	68.0	0.68	6.467740458463456	6.512669027788687	3.0	7.0	0.0	4.0	0.0	0.0	0.0	0.8	0.07
grp-13	T1	13	390.0	63.6058	0.0667	36.2983	2.6651	0.868	6.0	0.0	1.0	0.0	0.0	0.0	0.0	26.0	23.0	0.8846153846153846	4.483856189774723	4.501629167387823	1.0	2.0	0.0	1.0	0.0	0.0	0.0	0.5	0.0769230769230769
grp-13	T1	14	420.0	67.7247	0.0918	36.2949	2.9246	4.081	1.0	0.0	2.0	0.0	0.0	0.0	0.0	74.0	51.0	0.6891891891891891	6.135030038332083	6.1699250014423175	1.0	3.0	0.0	0.0	0.0	0.0	0.0	0.0	0.0135135135135135
grp-13	T1	15	450.0	73.5295	0.1167	36.2872	2.9371	13.273	0.0	0.0	2.0	0.0	0.0	0.0	0.0	25.0	23.0	0.92	4.584962500721156	4.523561956057013	2.0	2.0	0.0	0.0	0.0	0.0	0.0	0.0	0.08
grp-13	T1	16	480.0	75.7936	0.1168	36.2786	2.7975	6.488	4.0	0.0	2.0	0.0	0.0	0.0	0.0	77.0	51.0	0.6623376623376623	6.142664355548855	6.202152023829224	4.0	5.0	2.0	2.0	1.0	2.0	0.0	0.25	0.0779220779220779
grp-13	T1	17	510.0	74.3656	0.142	36.2694	2.8051	4.848	2.0	0.0	3.0	0.0	0.0	0.0	0.0	96.0	58.0	0.6041666666666666	6.464592450436211	6.554588851677623	2.0	3.0	2.0	1.0	0.0	0.0	1.0	0.5	0.03125
grp-13	T1	18	540.0	67.4896	0.1169	36.2566	2.9022	10.378	8.0	0.0	4.0	0.0	0.0	0.0	0.0	39.0	30.0	0.7692307692307693	5.142664355548852	5.209453365628954	4.0	0.0	0.0	0.0	0.0	1.0	0.0	0.0	0.1025641025641025
grp-13	T1	19	570.0	63.9631	0.1252	36.249	2.9572	8.131	2.0	0.0	2.0	0.0	0.0	0.0	0.0	28.0	17.0	0.6071428571428571	4.32859953904025	4.517559429596343	6.0	2.0	0.0	5.0	0.0	2.0	0.0	0.8333333333333334	0.3928571428571428
grp-13	T2	0	0.0	64.7648	0.0334	36.2938	2.9063	11.694	0.0	0.0	3.0	1.0	0.0	0.259	0.0	26.0	22.0	0.8461538461538461	4.643856189774723	4.584962500721156	3.0	4.0	0.0	0.0	0.0	1.0	0.0	0.0	0.1153846153846153
grp-13	T2	1	30.0	65.0824	0.0417	36.3001	2.8836	1.741	0.0	0.0	0.0	0.0	0.0	0.0	0.0	0.0	0.0	0.0	0.0	0.0	0.0	0.0	0.0	0.0	0.0	0.0	0.0	0.0	0.0
grp-13	T2	2	60.0	65.4998	0.0751	36.3101	2.8532	4.148	0.0	0.0	0.0	0.0	0.0	0.0	0.0	0.0	0.0	0.0	0.0	0.0	0.0	0.0	0.0	0.0	0.0	0.0	0.0	0.0	0.0
grp-13	T2	3	90.0	66.6955	0.1086	36.3134	2.8234	59.048	0.0	0.0	0.0	0.0	0.0	0.0	0.0	0.0	0.0	0.0	0.0	0.0	0.0	0.0	0.0	0.0	0.0	0.0	0.0	0.0	0.0
grp-13	T2	5	150.0	68.0649	0.0751	36.3051	2.6504	0.0	0.0	0.0	1.0	0.0	0.0	0.0	0.0	13.0	10.0	0.7692307692307693	3.418295834054489	3.459431618637298	0.0	4.0	0.0	1.0	0.0	0.0	0.0	0.5	0.0769230769230769
grp-13	T2	6	180.0	72.0547	0.0919	36.3123	2.5494	4.102	0.0	0.0	1.0	0.0	0.0	0.0	0.0	42.0	32.0	0.7619047619047619	5.357552004618081	5.321928094887364	2.0	2.0	0.0	3.0	0.0	0.0	0.0	0.75	0.119047619047619
grp-13	T2	7	210.0	72.2999	0.0501	36.3199	2.6428	3.522	0.0	0.0	1.0	0.0	0.0	0.0	0.0	76.0	53.0	0.6973684210526315	6.14881869049589	6.182426338601928	1.0	2.0	0.0	1.0	0.0	0.0	0.0	0.5	0.0263157894736842
grp-13	T2	8	240.0	67.2955	0.0917	36.3234	2.7589	9.831	0.0	0.0	1.0	0.0	0.0	0.0	0.0	37.0	30.0	0.8108108108108109	5.114369445886754	5.129283016944964	0.0	3.0	0.0	0.0	0.0	0.0	0.0	0.0	0.0
grp-13	T2	9	270.0	65.5791	0.1336	36.3256	2.8609	5.026	3.0	0.0	2.0	1.0	1.0	0.878	0.0	76.0	46.0	0.6052631578947368	6.1754853571625565	6.182426338601928	1.0	2.0	0.0	3.0	0.0	0.0	0.0	0.75	0.0526315789473684
grp-13	T2	10	300.0	64.8023	0.1501	36.3219	2.9513	1.762	1.0	0.0	1.0	0.0	0.0	0.0	0.0	81.0	60.0	0.7407407407407407	6.162492001110313	6.2531478367847	0.0	7.0	0.0	2.0	1.0	0.0	0.0	0.25	0.0246913580246913
grp-13	T2	11	330.0	63.6108	0.1502	36.3166	2.9705	6.884	0.0	0.0	2.0	4.0	2.0	2.438	0.5	61.0	40.0	0.6557377049180327	5.72764247057246	5.814846439192345	0.0	4.0	0.0	1.0	0.0	0.0	0.0	0.5	0.0163934426229508
grp-13	T2	12	360.0	58.8582	0.1669	36.3093	2.9491	1.582	3.0	0.0	1.0	0.0	0.0	0.0	0.0	62.0	42.0	0.6774193548387096	5.799589796579277	5.906890595608517	1.0	3.0	0.0	1.0	0.0	0.0	0.0	0.5	0.032258064516129
grp-13	T2	13	390.0	62.5506	0.1502	36.2984	2.9085	3.173	1.0	0.0	2.0	0.0	0.0	0.0	0.0	130.0	77.0	0.5923076923076923	6.927856034476234	7.0	3.0	5.0	1.0	3.0	1.0	0.0	0.0	0.4	0.0461538461538461
grp-13	T2	14	420.0	66.656	0.142	36.2852	2.9265	3.101	2.0	0.0	1.0	0.0	0.0	0.0	0.0	36.0	30.0	0.8333333333333334	5.129283016944964	5.087462841250338	0.0	1.0	0.0	1.0	0.0	0.0	0.0	0.5	0.0277777777777777
grp-13	T2	15	450.0	69.1746	0.1001	36.2732	2.9199	3.221	2.0	0.0	1.0	0.0	0.0	0.0	0.0	65.0	45.0	0.6923076923076923	5.875	5.945533891753889	0.0	9.0	0.0	5.0	0.0	0.0	0.0	0.8333333333333334	0.0769230769230769
grp-13	T2	16	480.0	68.4152	0.1001	36.265	2.9398	4.967	0.0	0.0	3.0	0.0	0.0	0.0	0.0	62.0	47.0	0.7580645161290323	5.8323766818251785	5.906890595608517	1.0	9.0	0.0	2.0	0.0	1.0	0.0	0.6666666666666666	0.0483870967741935
grp-13	T2	17	510.0	64.6328	0.1252	36.2543	3.0135	4.644	2.0	0.0	1.0	0.0	0.0	0.0	0.0	94.0	52.0	0.5531914893617021	6.307870907835704	6.480083695187462	0.0	10.0	3.0	3.0	0.0	1.0	0.0	0.75	0.0319148936170212
grp-13	T2	18	540.0	61.504	0.1503	36.2488	3.0372	6.589	1.0	0.0	2.0	0.0	0.0	0.0	0.0	74.0	52.0	0.7027027027027027	6.069894593096965	6.1699250014423175	2.0	2.0	1.0	1.0	0.0	0.0	0.0	0.5	0.0405405405405405
grp-13	T2	19	570.0	59.5937	0.075	36.2505	3.0238	14.775	1.0	0.0	4.0	0.0	0.0	0.0	0.0	41.0	28.0	0.6829268292682927	5.171928094887363	5.234120167580196	3.0	2.0	0.0	0.0	0.0	0.0	0.0	0.0	0.073170731707317
grp-13	T2	20	600.0	65.3631	0.0334	36.2511	3.0206	11.925	1.0	2.0	4.0	0.0	0.0	0.0	0.0	61.0	42.0	0.6885245901639344	5.794309137239126	5.848744744277091	3.0	2.0	0.0	1.0	0.0	1.0	2.0	0.5	0.0655737704918032
grp-13	T2	21	630.0	67.2062	0.1085	36.2478	2.9835	12.061	3.0	1.0	3.0	0.0	0.0	0.0	0.0	50.0	31.0	0.62	5.410628211462147	5.501629167387827	5.0	0.0	0.0	0.0	0.0	3.0	1.0	0.0	0.1
grp-13	T2	22	660.0	63.5233	0.1836	36.2413	2.9496	6.185	1.0	0.0	4.0	0.0	0.0	0.0	0.0	65.0	38.0	0.5846153846153846	5.800704882778696	5.945533891753889	10.0	3.0	0.0	1.0	0.0	4.0	0.0	0.5	0.1692307692307692
grp-13	T2	23	690.0	60.9456	0.1585	36.2353	3.0394	2.223	0.0	0.0	1.0	0.0	0.0	0.0	0.0	14.0	14.0	1.0	3.7004397181410926	3.584962500721156	1.0	0.0	0.0	0.0	0.0	0.0	0.0	0.0	0.0714285714285714
grp-14	T1	0	0.0	57.4912	0.2419	35.3336	3.3651	7.315	1.0	0.0	3.0	1.0	0.0	0.077	0.0	0.0	0.0	0.0	0.0	0.0	0.0	0.0	0.0	0.0	0.0	0.0	0.0	0.0	0.0
grp-14	T1	1	30.0	58.6344	0.1667	35.3629	3.3484	6.044	0.0	0.0	1.0	2.0	1.0	1.013	0.0	0.0	0.0	0.0	0.0	0.0	0.0	0.0	0.0	0.0	0.0	0.0	0.0	0.0	0.0
grp-14	T1	2	60.0	71.9005	0.1753	35.4011	3.3187	1.625	3.0	0.0	1.0	0.0	0.0	0.0	0.0	0.0	0.0	0.0	0.0	0.0	0.0	0.0	0.0	0.0	0.0	0.0	0.0	0.0	0.0
grp-14	T1	3	90.0	59.7396	0.142	35.4112	3.3341	4.303	1.0	0.0	1.0	1.0	0.0	0.856	0.0	0.0	0.0	0.0	0.0	0.0	0.0	0.0	0.0	0.0	0.0	0.0	0.0	0.0	0.0
grp-14	T1	4	120.0	63.0612	0.1584	35.4093	3.3782	3.772	0.0	0.0	1.0	0.0	0.0	0.0	0.0	0.0	0.0	0.0	0.0	0.0	0.0	0.0	0.0	0.0	0.0	0.0	0.0	0.0	0.0
grp-14	T1	5	150.0	67.3015	0.1836	35.4153	3.367	1.224	0.0	0.0	2.0	2.0	2.0	14.151	0.5	0.0	0.0	0.0	0.0	0.0	0.0	0.0	0.0	0.0	0.0	0.0	0.0	0.0	0.0
grp-14	T1	6	180.0	62.8962	0.1671	35.4323	3.1666	1.878	3.0	0.0	1.0	2.0	2.0	2.22	0.0	0.0	0.0	0.0	0.0	0.0	0.0	0.0	0.0	0.0	0.0	0.0	0.0	0.0	0.0
grp-14	T1	7	210.0	55.173	0.1752	35.4545	2.978	5.261	2.0	1.0	3.0	2.0	2.0	10.65	0.0	45.0	32.0	0.7111111111111111	5.41397707318275	5.426264754702098	4.0	4.0	0.0	1.0	0.0	1.0	1.0	0.5	0.1111111111111111
grp-14	T1	8	240.0	64.3696	0.0917	35.4726	2.9633	1.655	3.0	0.0	3.0	0.0	0.0	0.0	0.0	46.0	42.0	0.9130434782608696	5.447408651885229	5.459431618637296	0.0	2.0	1.0	1.0	0.0	0.0	0.0	0.5	0.0217391304347826
grp-14	T1	9	270.0	68.8324	0.1167	35.4852	2.9618	1.46	0.0	0.0	1.0	0.0	0.0	0.0	0.0	88.0	59.0	0.6704545454545454	6.273347087777879	6.40300894074861	2.0	6.0	0.0	3.0	0.0	1.0	0.0	0.75	0.0568181818181818
grp-14	T1	10	300.0	70.0773	0.1838	35.4965	3.0185	0.844	0.0	1.0	2.0	0.0	0.0	0.0	0.0	58.0	46.0	0.7931034482758621	5.679295496582922	5.735926350629037	2.0	5.0	0.0	5.0	0.0	0.0	0.0	0.8333333333333334	0.1206896551724138
grp-14	T1	11	330.0	69.9104	0.1836	35.5034	3.0911	6.752	1.0	0.0	2.0	0.0	0.0	0.0	0.0	99.0	60.0	0.6060606060606061	6.512669027788686	6.599912842187142	1.0	4.0	1.0	1.0	0.0	0.0	0.0	0.5	0.0202020202020202
grp-14	T1	12	360.0	72.8678	0.1668	35.4967	3.1256	5.939	3.0	0.0	1.0	0.0	0.0	0.0	0.0	43.0	35.0	0.813953488372093	5.344698375159715	5.357552004618081	1.0	3.0	0.0	2.0	0.0	0.0	0.0	0.6666666666666666	0.0697674418604651
grp-14	T1	13	390.0	82.5245	0.1503	35.4848	3.1635	4.402	4.0	1.0	3.0	0.0	0.0	0.0	0.0	57.0	40.0	0.7017543859649122	5.807354922057609	5.781359713524656	1.0	1.0	1.0	0.0	0.0	0.0	0.0	0.0	0.0175438596491228
grp-14	T1	14	420.0	73.8119	0.1668	35.4756	3.2501	13.305	1.0	1.0	4.0	0.0	0.0	0.0	0.0	87.0	55.0	0.632183908045977	6.3564973128416336	6.409390936137707	1.0	10.0	0.0	6.0	0.0	2.0	0.0	0.8571428571428571	0.0804597701149425
grp-14	T2	0	0.0	66.8404	0.2251	35.4496	3.3303	85.414	0.0	0.0	0.0	0.0	0.0	0.0	0.0	0.0	0.0	0.0	0.0	0.0	0.0	0.0	0.0	0.0	0.0	0.0	0.0	0.0	0.0
grp-14	T2	3	90.0	70.4633	0.2254	35.4989	3.3979	15.704	7.0	0.0	3.0	2.0	0.0	0.642	0.0	0.0	0.0	0.0	0.0	0.0	0.0	0.0	0.0	0.0	0.0	0.0	0.0	0.0	0.0
grp-14	T2	4	120.0	71.7118	0.2172	35.5114	3.3	11.403	1.0	1.0	2.0	0.0	0.0	0.0	0.0	0.0	0.0	0.0	0.0	0.0	0.0	0.0	0.0	0.0	0.0	0.0	0.0	0.0	0.0
grp-14	T2	5	150.0	75.8497	0.1502	35.5119	3.0804	5.216	4.0	0.0	2.0	2.0	2.0	5.727	0.0	0.0	0.0	0.0	0.0	0.0	0.0	0.0	0.0	0.0	0.0	0.0	0.0	0.0	0.0
grp-14	T2	6	180.0	68.4554	0.2169	35.506	3.0417	2.892	1.0	2.0	3.0	7.0	3.0	4.045	0.2857142857142857	29.0	20.0	0.6896551724137931	4.5661089398374815	4.6808134280893965	2.0	3.0	0.0	0.0	0.0	4.0	0.0	0.0	0.0689655172413793
grp-14	T2	7	210.0	60.5366	0.2587	35.5023	3.1585	1.59	2.0	0.0	2.0	1.0	1.0	1.419	0.0	49.0	45.0	0.9183673469387756	5.543295834054494	5.55458885167764	5.0	3.0	0.0	2.0	0.0	1.0	0.0	0.6666666666666666	0.1428571428571428
grp-14	T2	8	240.0	67.5756	0.2252	35.5152	3.1682	3.866	6.0	0.0	2.0	2.0	2.0	2.651	0.0	42.0	35.0	0.8333333333333334	5.308771516813203	5.321928094887364	1.0	3.0	0.0	1.0	0.0	0.0	0.0	0.5	0.0476190476190476
grp-14	T2	9	270.0	68.1021	0.2919	35.5261	3.1106	3.615	4.0	0.0	1.0	2.0	1.0	0.688	0.5	98.0	59.0	0.6020408163265306	6.414345831877863	6.564129167387828	2.0	6.0	0.0	4.0	0.0	0.0	0.0	0.8	0.0612244897959183
grp-14	T2	10	300.0	65.1066	0.1669	35.5339	3.0732	3.365	2.0	0.0	2.0	2.0	2.0	1.351	0.5	73.0	43.0	0.589041095890411	6.142147223664539	6.149747119504677	1.0	9.0	0.0	7.0	0.0	0.0	0.0	0.875	0.1095890410958904
grp-14	T2	11	330.0	67.1132	0.1502	35.5361	3.1803	1.337	4.0	0.0	2.0	3.0	0.0	0.559	0.3333333333333333	73.0	49.0	0.6712328767123288	6.020551563912269	6.12157810542017	0.0	10.0	0.0	3.0	0.0	1.0	0.0	0.75	0.0410958904109589
grp-14	T2	12	360.0	69.0706	0.2169	35.5284	3.2555	5.26	4.0	0.0	3.0	0.0	0.0	0.0	0.0	51.0	42.0	0.8235294117647058	5.643856189774728	5.614709844115208	1.0	3.0	1.0	1.0	0.0	0.0	0.0	0.5	0.0392156862745098
grp-14	T2	13	390.0	71.376	0.2169	35.5198	3.2985	2.984	2.0	0.0	3.0	0.0	0.0	0.0	0.0	103.0	68.0	0.6601941747572816	6.59399396942248	6.618607522355741	1.0	6.0	1.0	3.0	0.0	1.0	0.0	0.75	0.0388349514563106
grp-14	T2	14	420.0	73.6771	0.3007	35.5147	3.3835	10.931	1.0	0.0	3.0	0.0	0.0	0.0	0.0	43.0	31.0	0.7209302325581395	5.344698375159715	5.357552004618081	2.0	6.0	0.0	4.0	0.0	0.0	0.0	0.8	0.1395348837209302
grp-14	T2	15	450.0	73.6489	0.3674	35.5244	3.435	4.21	4.0	0.0	1.0	0.0	0.0	0.0	0.0	67.0	41.0	0.6119402985074627	5.862575937540279	5.930060120720765	2.0	6.0	2.0	5.0	0.0	2.0	0.0	0.8333333333333334	0.1044776119402985
grp-14	T2	16	480.0	71.8819	0.434	35.538	3.3926	7.581	5.0	0.0	3.0	0.0	0.0	0.0	0.0	106.0	57.0	0.5377358490566038	6.5999598033804	6.681208948910333	5.0	8.0	1.0	6.0	0.0	1.0	0.0	0.8571428571428571	0.1037735849056603
grp-14	T2	17	510.0	75.085	0.3086	35.5377	3.3962	9.619	3.0	1.0	2.0	0.0	0.0	0.0	0.0	80.0	54.0	0.675	6.192959387390225	6.285402218862257	3.0	7.0	0.0	5.0	0.0	1.0	0.0	0.8333333333333334	0.1
grp-14	T2	18	540.0	76.493	0.2	35.5339	3.4342	3.552	6.0	0.0	1.0	0.0	0.0	0.0	0.0	87.0	62.0	0.7126436781609196	6.379753126795122	6.409390936137707	3.0	7.0	1.0	1.0	0.0	0.0	0.0	0.5	0.0459770114942528
grp-14	T2	19	570.0	72.1852	0.1754	35.5274	3.4226	6.168	4.0	1.0	3.0	0.0	0.0	0.0	0.0	34.0	28.0	0.8235294117647058	4.923181998146335	4.9375	2.0	3.0	0.0	3.0	0.0	0.0	0.0	0.75	0.1470588235294117
grp-14	T2	20	600.0	71.4294	0.2922	35.5276	3.4117	7.87	1.0	0.0	2.0	0.0	0.0	0.0	0.0	45.0	39.0	0.8666666666666667	5.459431618637296	5.426264754702098	2.0	1.0	0.0	2.0	0.0	2.0	0.0	0.6666666666666666	0.0888888888888888
grp-14	T2	21	630.0	75.7438	0.2253	35.5227	3.3576	16.017	2.0	3.0	3.0	0.0	0.0	0.0	0.0	51.0	38.0	0.7450980392156863	5.643856189774728	5.614709844115208	0.0	7.0	2.0	4.0	0.0	0.0	0.0	0.8	0.0784313725490196
grp-14	T2	22	660.0	75.5953	0.1669	35.5127	3.3375	10.751	0.0	0.0	4.0	0.0	0.0	0.0	0.0	95.0	61.0	0.6421052631578947	6.490759064443584	6.51765343476395	2.0	5.0	0.0	5.0	0.0	0.0	0.0	0.8333333333333334	0.0736842105263157
grp-14	T2	23	690.0	71.542	0.2003	35.497	3.3757	17.163	1.0	2.0	3.0	0.0	0.0	0.0	0.0	71.0	43.0	0.6056338028169014	5.925502123995109	6.108524456778164	2.0	12.0	1.0	11.0	0.0	1.0	0.0	0.9166666666666666	0.1830985915492957
grp-14	T2	24	720.0	67.4695	0.1335	35.4951	3.4124	1.617	0.0	0.0	1.0	0.0	0.0	0.0	0.0	24.0	23.0	0.9583333333333334	4.523561956057013	4.459431618637295	3.0	0.0	0.0	1.0	1.0	0.0	0.0	0.0	0.1666666666666666
grp-14	T3	0	0.0	74.7246	0.1334	35.3857	3.3351	27.128	0.0	1.0	1.0	0.0	0.0	0.0	0.0	0.0	0.0	0.0	0.0	0.0	0.0	0.0	0.0	0.0	0.0	0.0	0.0	0.0	0.0
grp-14	T3	1	30.0	66.9632	0.1001	35.4033	3.3631	8.06	2.0	1.0	3.0	2.0	1.0	1.986	0.0	0.0	0.0	0.0	0.0	0.0	0.0	0.0	0.0	0.0	0.0	0.0	0.0	0.0	0.0
grp-14	T3	2	60.0	59.7442	0.192	35.4223	3.3971	5.547	2.0	1.0	2.0	0.0	0.0	0.0	0.0	0.0	0.0	0.0	0.0	0.0	0.0	0.0	0.0	0.0	0.0	0.0	0.0	0.0	0.0
grp-14	T3	3	90.0	60.571	0.1502	35.4215	3.192	11.693	5.0	2.0	3.0	1.0	0.0	0.14	0.0	0.0	0.0	0.0	0.0	0.0	0.0	0.0	0.0	0.0	0.0	0.0	0.0	0.0	0.0
grp-14	T3	4	120.0	63.806	0.1502	35.4108	2.9947	10.52	0.0	6.0	2.0	5.0	4.0	4.027	0.2	0.0	0.0	0.0	0.0	0.0	0.0	0.0	0.0	0.0	0.0	0.0	0.0	0.0	0.0
grp-14	T3	5	150.0	80.2966	0.2755	35.4067	2.9608	4.367	2.0	2.0	1.0	2.0	2.0	1.123	0.0	0.0	0.0	0.0	0.0	0.0	0.0	0.0	0.0	0.0	0.0	0.0	0.0	0.0	0.0
grp-14	T3	6	180.0	82.1861	0.359	35.4052	2.9536	1.7	1.0	0.0	1.0	6.0	4.0	3.813	0.1666666666666666	0.0	0.0	0.0	0.0	0.0	0.0	0.0	0.0	0.0	0.0	0.0	0.0	0.0	0.0
grp-14	T3	7	210.0	75.9926	0.3089	35.4189	2.9991	4.329	6.0	1.0	2.0	0.0	0.0	0.0	0.0	0.0	0.0	0.0	0.0	0.0	0.0	0.0	0.0	0.0	0.0	0.0	0.0	0.0	0.0
grp-14	T3	8	240.0	70.1443	0.2335	35.4192	3.0453	3.168	11.0	0.0	2.0	0.0	0.0	0.0	0.0	0.0	0.0	0.0	0.0	0.0	0.0	0.0	0.0	0.0	0.0	0.0	0.0	0.0	0.0
grp-14	T3	9	270.0	67.4484	0.2169	35.415	3.0586	9.318	1.0	1.0	3.0	0.0	0.0	0.0	0.0	6.0	6.0	1.0	2.321928094887362	2.0	1.0	0.0	0.0	1.0	0.0	0.0	0.0	0.5	0.3333333333333333
grp-14	T3	10	300.0	59.2579	0.2253	35.4282	3.0092	3.804	2.0	0.0	4.0	0.0	0.0	0.0	0.0	35.0	32.0	0.9142857142857144	5.087462841250338	5.044394119358456	0.0	0.0	0.0	0.0	0.0	0.0	1.0	0.0	0.0
grp-14	T3	11	330.0	58.1507	0.2338	35.4312	2.9491	4.58	4.0	0.0	1.0	0.0	0.0	0.0	0.0	83.0	50.0	0.6024096385542169	6.104443620445363	6.207073613969016	0.0	4.0	0.0	3.0	1.0	0.0	0.0	0.4	0.036144578313253
grp-14	T3	12	360.0	70.1195	0.2753	35.4306	2.9466	7.435	1.0	0.0	4.0	0.0	0.0	0.0	0.0	42.0	33.0	0.7857142857142857	5.259991029008325	5.271928094887364	3.0	4.0	0.0	3.0	0.0	1.0	0.0	0.75	0.1428571428571428
grp-15	T1	0	0.0	76.5069	0.1668	37.1018	2.9683	18.622	3.0	3.0	1.0	6.0	4.0	4.84	0.3333333333333333	0.0	0.0	0.0	0.0	0.0	0.0	0.0	0.0	0.0	0.0	0.0	0.0	0.0	0.0
grp-15	T1	1	30.0	80.9522	0.2002	37.114	2.9675	6.702	6.0	1.0	3.0	5.0	1.0	2.987	0.2	0.0	0.0	0.0	0.0	0.0	0.0	0.0	0.0	0.0	0.0	0.0	0.0	0.0	0.0
grp-15	T1	2	60.0	77.8974	0.1669	37.1326	2.9761	1.278	1.0	0.0	4.0	6.0	3.0	3.965	0.3333333333333333	0.0	0.0	0.0	0.0	0.0	0.0	0.0	0.0	0.0	0.0	0.0	0.0	0.0	0.0
grp-15	T1	3	90.0	71.3506	0.2254	37.1566	2.9631	2.885	11.0	0.0	4.0	4.0	1.0	1.82	0.5	0.0	0.0	0.0	0.0	0.0	0.0	0.0	0.0	0.0	0.0	0.0	0.0	0.0	0.0
grp-15	T1	4	120.0	71.1887	0.2418	37.1927	2.9589	5.459	4.0	0.0	3.0	1.0	0.0	0.1	0.0	0.0	0.0	0.0	0.0	0.0	0.0	0.0	0.0	0.0	0.0	0.0	0.0	0.0	0.0
grp-15	T1	5	150.0	75.3087	0.2923	37.2231	2.823	3.699	6.0	2.0	3.0	2.0	1.0	7.414	0.0	0.0	0.0	0.0	0.0	0.0	0.0	0.0	0.0	0.0	0.0	0.0	0.0	0.0	0.0
grp-15	T1	6	180.0	76.9198	0.3339	37.2284	2.6803	8.414	6.0	1.0	2.0	4.0	2.0	9.54	0.75	22.0	18.0	0.8181818181818182	4.39231742277876	4.321928094887363	0.0	1.0	0.0	0.0	0.0	0.0	0.0	0.0	0.0
grp-15	T1	7	210.0	70.4128	0.317	37.2219	2.699	9.539	5.0	1.0	3.0	1.0	0.0	0.1	0.0	68.0	38.0	0.5588235294117647	5.905568481470253	5.983788058752401	5.0	8.0	0.0	9.0	0.0	2.0	0.0	0.9	0.2058823529411764
grp-15	T1	8	240.0	63.1984	0.3255	37.2213	2.6992	4.43	10.0	0.0	3.0	0.0	0.0	0.0	0.0	79.0	61.0	0.7721518987341772	6.259761193221231	6.266786540694905	6.0	6.0	1.0	2.0	0.0	3.0	1.0	0.6666666666666666	0.1012658227848101
grp-15	T1	9	270.0	64.0073	0.3085	37.2422	2.7314	3.871	7.0	1.0	2.0	0.0	0.0	0.0	0.0	65.0	50.0	0.7692307692307693	5.9375	5.97727992349992	7.0	4.0	1.0	4.0	0.0	2.0	0.0	0.8	0.1692307692307692
grp-15	T1	10	300.0	65.9373	0.1918	37.2821	2.8755	3.9	6.0	0.0	4.0	0.0	0.0	0.0	0.0	82.0	54.0	0.6585365853658537	6.182382255944326	6.296928094887356	8.0	3.0	1.0	4.0	0.0	2.0	0.0	0.8	0.1463414634146341
grp-15	T1	11	330.0	65.1643	0.2003	37.2928	2.9967	0.0	5.0	3.0	3.0	0.0	0.0	0.0	0.0	61.0	33.0	0.5409836065573771	5.64022392894185	5.7470498290228536	10.0	1.0	2.0	0.0	0.0	0.0	0.0	0.0	0.1639344262295081
grp-15	T1	12	360.0	71.5721	0.1669	37.2712	3.0304	0.066	1.0	1.0	2.0	0.0	0.0	0.0	0.0	92.0	61.0	0.6630434782608695	6.463838596242658	6.491853096329662	4.0	7.0	2.0	5.0	0.0	1.0	0.0	0.8333333333333334	0.0978260869565217
grp-15	T1	13	390.0	77.7066	0.0834	37.2584	2.9827	1.0	2.0	3.0	2.0	0.0	0.0	0.0	0.0	68.0	51.0	0.75	6.066089190457767	6.044394119358462	4.0	6.0	1.0	5.0	0.0	0.0	0.0	0.8333333333333334	0.1323529411764706
grp-15	T1	14	420.0	73.5259	0.1669	37.2409	3.0202	6.0	1.0	0.0	2.0	0.0	0.0	0.0	0.0	103.0	61.0	0.5922330097087378	6.47634691059895	6.638409502553759	2.0	5.0	1.0	4.0	0.0	0.0	0.0	0.8	0.058252427184466
grp-15	T2	0	0.0	68.4389	0.2334	36.9997	2.9899	0.0	0.0	0.0	0.0	0.0	0.0	0.0	0.0	0.0	0.0	0.0	0.0	0.0	0.0	0.0	0.0	0.0	0.0	0.0	0.0	0.0	0.0
grp-15	T2	2	60.0	72.8795	0.2922	36.9847	2.9963	0.0	0.0	1.0	2.0	4.0	4.0	4.091	0.5	0.0	0.0	0.0	0.0	0.0	0.0	0.0	0.0	0.0	0.0	0.0	0.0	0.0	0.0
grp-15	T2	3	90.0	70.4839	0.2252	36.9693	2.9983	0.0	2.0	1.0	3.0	0.0	0.0	0.0	0.0	0.0	0.0	0.0	0.0	0.0	0.0	0.0	0.0	0.0	0.0	0.0	0.0	0.0	0.0
grp-15	T2	4	120.0	67.1747	0.1418	36.9593	2.8174	0.0	1.0	1.0	3.0	0.0	0.0	0.0	0.0	0.0	0.0	0.0	0.0	0.0	0.0	0.0	0.0	0.0	0.0	0.0	0.0	0.0	0.0
grp-15	T2	5	150.0	65.1656	0.2839	36.9625	2.6973	1.389	3.0	0.0	2.0	1.0	1.0	2.0	0.0	30.0	23.0	0.7666666666666667	4.720049960644813	4.735926350629034	2.0	4.0	2.0	0.0	0.0	1.0	0.0	0.0	0.0666666666666666
grp-15	T2	6	180.0	74.744	0.2668	36.9729	2.8208	0.0	3.0	0.0	2.0	2.0	2.0	3.248	0.0	55.0	44.0	0.8	5.680813428089393	5.690184605506591	4.0	3.0	0.0	2.0	0.0	0.0	0.0	0.6666666666666666	0.109090909090909
grp-15	T2	7	210.0	82.7143	0.2754	36.9854	2.9096	1.0	1.0	0.0	2.0	4.0	4.0	11.648	0.5	80.0	56.0	0.7	6.227831381088498	6.259761193221231	6.0	10.0	0.0	4.0	0.0	3.0	1.0	0.8	0.125
grp-15	T2	8	240.0	77.5035	0.3088	36.9993	2.9153	0.0	1.0	0.0	3.0	1.0	0.0	0.429	0.0	79.0	61.0	0.7721518987341772	6.234120167580205	6.266786540694905	2.0	5.0	1.0	2.0	0.0	0.0	0.0	0.6666666666666666	0.050632911392405
grp-15	T2	9	270.0	76.5047	0.2837	37.0121	2.9464	0.0	0.0	0.0	1.0	3.0	2.0	4.228	0.3333333333333333	70.0	53.0	0.7571428571428571	6.079538949531787	6.087462841250345	0.0	6.0	0.0	0.0	0.0	0.0	0.0	0.0	0.0
grp-15	T2	10	300.0	78.842	0.309	37.0206	3.0094	4.36	0.0	0.0	3.0	2.0	1.0	2.1	0.0	91.0	67.0	0.7362637362637363	6.425186429662997	6.453261520854051	4.0	4.0	2.0	3.0	2.0	1.0	0.0	0.1666666666666666	0.0769230769230769
grp-15	T2	11	330.0	80.8075	0.292	37.0435	3.0927	0.0	5.0	0.0	1.0	0.0	0.0	0.0	0.0	59.0	44.0	0.7457627118644068	5.754532719265502	5.797802294866491	2.0	4.0	0.0	1.0	0.0	0.0	0.0	0.5	0.0508474576271186
grp-15	T2	12	360.0	82.8204	0.267	37.0654	3.09	0.0	3.0	0.0	2.0	0.0	0.0	0.0	0.0	110.0	68.0	0.6181818181818182	6.534149691709698	6.736368983644939	5.0	5.0	0.0	2.0	0.0	0.0	0.0	0.6666666666666666	0.0636363636363636
grp-15	T2	13	390.0	77.8443	0.2501	37.0707	3.1285	4.948	4.0	1.0	3.0	0.0	0.0	0.0	0.0	68.0	49.0	0.7205882352941176	6.066089190457767	6.044394119358462	2.0	1.0	0.0	0.0	0.0	2.0	0.0	0.0	0.0294117647058823
grp-15	T2	14	420.0	70.5843	0.292	37.0781	3.1711	6.775	2.0	1.0	4.0	0.0	0.0	0.0	0.0	80.0	59.0	0.7375	6.2531478367847	6.285402218862257	1.0	3.0	2.0	1.0	0.0	0.0	0.0	0.5	0.025
grp-15	T2	15	450.0	69.5274	0.2921	37.0939	3.1296	0.0	1.0	0.0	3.0	0.0	0.0	0.0	0.0	119.0	67.0	0.5630252100840336	6.763998981565223	6.853270702489366	4.0	14.0	1.0	8.0	0.0	1.0	1.0	0.8888888888888888	0.1008403361344537
grp-15	T2	16	480.0	64.8071	0.2586	37.0998	3.1073	0.0	1.0	0.0	3.0	0.0	0.0	0.0	0.0	35.0	29.0	0.8285714285714286	4.969815782426808	4.983788058752396	2.0	2.0	0.0	1.0	0.0	0.0	1.0	0.5	0.0857142857142857
grp-15	T2	17	510.0	66.5401	0.2337	37.0964	3.1124	3.589	3.0	0.0	3.0	0.0	0.0	0.0	0.0	79.0	55.0	0.6962025316455697	6.259761193221231	6.266786540694905	6.0	3.0	1.0	0.0	0.0	1.0	2.0	0.0	0.0759493670886076
grp-15	T2	18	540.0	69.6691	0.2422	37.1057	3.1528	1.389	0.0	1.0	2.0	0.0	0.0	0.0	0.0	83.0	59.0	0.7108433734939759	6.333161760715647	6.339850002884614	3.0	3.0	0.0	3.0	0.0	0.0	0.0	0.75	0.072289156626506
grp-15	T2	19	570.0	71.6207	0.3006	37.1288	3.1687	1.769	2.0	2.0	4.0	0.0	0.0	0.0	0.0	132.0	69.0	0.5227272727272727	6.735563841166048	6.976213966874609	6.0	5.0	2.0	4.0	0.0	1.0	0.0	0.8	0.0757575757575757
grp-15	T2	20	600.0	72.839	0.2837	37.1437	3.1446	8.502	2.0	2.0	4.0	0.0	0.0	0.0	0.0	131.0	75.0	0.5725190839694656	6.826138774533633	6.9647156275162585	2.0	11.0	1.0	6.0	0.0	0.0	0.0	0.8571428571428571	0.0610687022900763
grp-15	T2	21	630.0	65.0849	0.2168	37.1509	3.143	1.0	2.0	0.0	4.0	0.0	0.0	0.0	0.0	49.0	36.0	0.7346938775510204	5.4599625007211605	5.469482468698917	1.0	5.0	1.0	2.0	0.0	0.0	0.0	0.6666666666666666	0.0612244897959183
grp-15	T2	22	660.0	60.5516	0.1667	37.1568	3.1497	0.0	0.0	3.0	4.0	0.0	0.0	0.0	0.0	77.0	58.0	0.7532467532467533	6.221611723969907	6.228818690495891	5.0	6.0	0.0	2.0	0.0	1.0	0.0	0.6666666666666666	0.0909090909090909
grp-15	T3	0	0.0	92.5548	0.1919	37.3417	2.9883	8.654	0.0	1.0	4.0	3.0	0.0	0.57	0.3333333333333333	0.0	0.0	0.0	0.0	0.0	0.0	0.0	0.0	0.0	0.0	0.0	0.0	0.0	0.0
grp-15	T3	1	30.0	86.4954	0.2922	37.3384	3.0077	6.466	2.0	0.0	1.0	1.0	1.0	0.521	0.0	0.0	0.0	0.0	0.0	0.0	0.0	0.0	0.0	0.0	0.0	0.0	0.0	0.0	0.0
grp-15	T3	2	60.0	88.5931	0.217	37.3346	3.0231	2.961	0.0	0.0	1.0	1.0	0.0	0.215	0.0	0.0	0.0	0.0	0.0	0.0	0.0	0.0	0.0	0.0	0.0	0.0	0.0	0.0	0.0
grp-15	T3	3	90.0	90.2654	0.2168	37.331	2.9425	6.888	1.0	2.0	2.0	2.0	2.0	5.299	0.5	0.0	0.0	0.0	0.0	0.0	0.0	0.0	0.0	0.0	0.0	0.0	0.0	0.0	0.0
grp-15	T3	4	120.0	77.931	0.1753	37.3393	2.8175	2.322	2.0	0.0	1.0	3.0	0.0	0.64	0.0	0.0	0.0	0.0	0.0	0.0	0.0	0.0	0.0	0.0	0.0	0.0	0.0	0.0	0.0
grp-15	T3	5	150.0	67.526	0.2087	37.36	2.7523	6.73	1.0	2.0	4.0	5.0	3.0	6.418	0.0	0.0	0.0	0.0	0.0	0.0	0.0	0.0	0.0	0.0	0.0	0.0	0.0	0.0	0.0
grp-15	T3	6	180.0	65.2846	0.1418	37.3668	2.7449	11.164	3.0	3.0	2.0	2.0	1.0	1.282	0.0	0.0	0.0	0.0	0.0	0.0	0.0	0.0	0.0	0.0	0.0	0.0	0.0	0.0	0.0
grp-15	T3	7	210.0	71.1168	0.1169	37.3583	2.7687	12.768	2.0	0.0	4.0	0.0	0.0	0.0	0.0	0.0	0.0	0.0	0.0	0.0	0.0	0.0	0.0	0.0	0.0	0.0	0.0	0.0	0.0
grp-15	T3	8	240.0	78.2076	0.1251	37.3692	2.8071	12.104	3.0	0.0	2.0	0.0	0.0	0.0	0.0	0.0	0.0	0.0	0.0	0.0	0.0	0.0	0.0	0.0	0.0	0.0	0.0	0.0	0.0
grp-15	T3	9	270.0	77.878	0.1251	37.3852	2.8157	17.085	2.0	1.0	3.0	0.0	0.0	0.0	0.0	0.0	0.0	0.0	0.0	0.0	0.0	0.0	0.0	0.0	0.0	0.0	0.0	0.0	0.0
grp-15	T3	10	300.0	70.6789	0.1504	37.4012	2.7959	6.11	1.0	0.0	4.0	0.0	0.0	0.0	0.0	7.0	7.0	1.0	2.584962500721156	2.321928094887362	0.0	2.0	0.0	0.0	0.0	1.0	1.0	0.0	0.0
grp-15	T3	11	330.0	66.9983	0.1585	37.4101	2.7997	5.889	3.0	0.0	3.0	0.0	0.0	0.0	0.0	69.0	54.0	0.782608695652174	6.028639311838581	6.066089190457767	5.0	5.0	0.0	1.0	0.0	0.0	0.0	0.5	0.0869565217391304
grp-15	T3	12	360.0	67.316	0.1418	37.41	2.8202	5.01	1.0	0.0	2.0	0.0	0.0	0.0	0.0	83.0	56.0	0.6746987951807228	6.211210541203454	6.290467286835231	1.0	8.0	0.0	3.0	0.0	0.0	0.0	0.75	0.0481927710843373
grp-16	T1	0	0.0	50.9826	0.0834	36.0639	2.7957	0.971	2.0	0.0	1.0	0.0	0.0	0.0	0.0	0.0	0.0	0.0	0.0	0.0	0.0	0.0	0.0	0.0	0.0	0.0	0.0	0.0	0.0
grp-16	T1	1	30.0	54.1778	0.0501	36.0427	2.8421	0.461	1.0	0.0	3.0	0.0	0.0	0.0	0.0	0.0	0.0	0.0	0.0	0.0	0.0	0.0	0.0	0.0	0.0	0.0	0.0	0.0	0.0
grp-16	T1	2	60.0	50.4001	0.0835	36.0521	2.9595	7.144	1.0	0.0	2.0	0.0	0.0	0.0	0.0	0.0	0.0	0.0	0.0	0.0	0.0	0.0	0.0	0.0	0.0	0.0	0.0	0.0	0.0
grp-16	T1	3	90.0	56.2795	0.1003	36.0752	2.9069	1.614	1.0	0.0	1.0	0.0	0.0	0.0	0.0	0.0	0.0	0.0	0.0	0.0	0.0	0.0	0.0	0.0	0.0	0.0	0.0	0.0	0.0
grp-16	T1	4	120.0	69.9401	0.0751	36.0973	2.8613	0.851	1.0	0.0	2.0	0.0	0.0	0.0	0.0	0.0	0.0	0.0	0.0	0.0	0.0	0.0	0.0	0.0	0.0	0.0	0.0	0.0	0.0
grp-16	T1	5	150.0	64.6736	0.0667	36.1431	2.9386	1.269	2.0	0.0	2.0	7.0	4.0	5.597	0.0	0.0	0.0	0.0	0.0	0.0	0.0	0.0	0.0	0.0	0.0	0.0	0.0	0.0	0.0
grp-16	T1	6	180.0	54.7259	0.025	36.1917	2.957	3.338	4.0	0.0	2.0	2.0	0.0	2.269	0.0	16.0	15.0	0.9375	3.906890595608518	3.8073549220576055	0.0	0.0	0.0	0.0	0.0	1.0	0.0	0.0	0.0
grp-16	T1	7	210.0	51.2778	0.0	36.2155	2.9808	0.0	1.0	0.0	1.0	1.0	0.0	0.1	0.0	79.0	57.0	0.7215189873417721	6.259761193221231	6.266786540694905	2.0	6.0	1.0	1.0	0.0	0.0	0.0	0.5	0.0379746835443038
grp-16	T1	8	240.0	49.3438	0.0083	36.2183	3.006	0.0	2.0	0.0	2.0	0.0	0.0	0.0	0.0	46.0	35.0	0.7608695652173914	5.447408651885229	5.459431618637296	2.0	2.0	0.0	2.0	0.0	0.0	0.0	0.6666666666666666	0.0869565217391304
grp-16	T1	9	270.0	48.4637	0.025	36.2199	3.0137	0.0	1.0	0.0	2.0	0.0	0.0	0.0	0.0	61.0	45.0	0.7377049180327869	5.906890595608517	5.882643049361836	0.0	1.0	0.0	0.0	0.0	0.0	0.0	0.0	0.0
grp-16	T1	10	300.0	51.1234	0.0584	36.2276	3.0267	0.88	2.0	0.0	3.0	0.0	0.0	0.0	0.0	57.0	42.0	0.7368421052631579	5.700212064914751	5.708632440797383	2.0	1.0	1.0	0.0	0.0	0.0	0.0	0.0	0.0350877192982456
grp-16	T1	11	330.0	56.0248	0.0501	36.2467	2.9898	1.421	8.0	1.0	4.0	0.0	0.0	0.0	0.0	56.0	40.0	0.7142857142857143	5.744996077161019	5.7548875021634665	2.0	2.0	1.0	1.0	0.0	0.0	0.0	0.5	0.0535714285714285
grp-16	T1	12	360.0	63.7191	0.0334	36.2815	2.94	0.621	2.0	0.0	2.0	0.0	0.0	0.0	0.0	73.0	51.0	0.6986301369863014	6.114369445886761	6.149747119504677	2.0	1.0	1.0	1.0	0.0	0.0	0.0	0.5	0.0410958904109589
grp-16	T1	13	390.0	65.3504	0.025	36.3125	2.9468	6.64	2.0	1.0	3.0	0.0	0.0	0.0	0.0	68.0	53.0	0.7794117647058824	5.976536951651797	5.983788058752401	1.0	3.0	0.0	2.0	0.0	0.0	0.0	0.6666666666666666	0.0441176470588235
grp-16	T1	14	420.0	56.3002	0.0501	36.3321	2.9737	0.0	1.0	0.0	3.0	0.0	0.0	0.0	0.0	51.0	39.0	0.7647058823529411	5.563856189774728	5.614709844115208	0.0	1.0	0.0	0.0	0.0	0.0	0.0	0.0	0.0
grp-16	T2	0	0.0	50.1483	0.0167	36.2667	2.9283	20.479	0.0	0.0	1.0	0.0	0.0	0.0	0.0	0.0	0.0	0.0	0.0	0.0	0.0	0.0	0.0	0.0	0.0	0.0	0.0	0.0	0.0
grp-16	T2	1	30.0	58.8254	0.0083	36.2691	2.9663	0.0	0.0	0.0	1.0	3.0	2.0	1.31	0.3333333333333333	0.0	0.0	0.0	0.0	0.0	0.0	0.0	0.0	0.0	0.0	0.0	0.0	0.0	0.0
grp-16	T2	2	60.0	65.7397	0.0334	36.28	2.9889	2.013	2.0	0.0	3.0	3.0	1.0	3.86	0.0	0.0	0.0	0.0	0.0	0.0	0.0	0.0	0.0	0.0	0.0	0.0	0.0	0.0	0.0
grp-16	T2	3	90.0	63.3735	0.0751	36.3012	2.9621	3.682	3.0	0.0	2.0	5.0	1.0	1.492	0.0	0.0	0.0	0.0	0.0	0.0	0.0	0.0	0.0	0.0	0.0	0.0	0.0	0.0	0.0
grp-16	T2	4	120.0	60.241	0.0834	36.329	2.9903	0.251	0.0	0.0	1.0	3.0	2.0	1.266	0.6666666666666666	0.0	0.0	0.0	0.0	0.0	0.0	0.0	0.0	0.0	0.0	0.0	0.0	0.0	0.0
grp-16	T2	5	150.0	52.4986	0.0668	36.3546	3.0006	4.821	4.0	0.0	2.0	4.0	3.0	6.633	0.75	0.0	0.0	0.0	0.0	0.0	0.0	0.0	0.0	0.0	0.0	0.0	0.0	0.0	0.0
grp-16	T2	6	180.0	61.6287	0.0668	36.3518	2.9727	1.399	3.0	0.0	1.0	8.0	7.0	10.858	0.5	112.0	75.0	0.6696428571428571	6.697524987952252	6.781359713524669	2.0	5.0	1.0	2.0	0.0	0.0	0.0	0.6666666666666666	0.0357142857142857
grp-16	T2	7	210.0	50.5836	0.0751	36.3123	2.8435	1.586	4.0	0.0	2.0	10.0	5.0	6.703	0.3	35.0	26.0	0.7428571428571429	5.028639311838574	5.044394119358456	1.0	3.0	0.0	1.0	0.0	0.0	0.0	0.5	0.0571428571428571
grp-16	T2	8	240.0	57.2486	0.0584	36.2826	2.6741	5.22	4.0	0.0	1.0	2.0	1.0	1.181	0.0	74.0	53.0	0.7162162162162162	6.042497332822993	6.114369445886762	1.0	2.0	0.0	2.0	0.0	3.0	0.0	0.6666666666666666	0.0405405405405405
grp-16	T2	9	270.0	63.205	0.0417	36.2661	2.6949	1.644	3.0	0.0	3.0	0.0	0.0	0.0	0.0	78.0	59.0	0.7564102564102564	6.240812514720878	6.247927513443591	1.0	7.0	2.0	0.0	0.0	0.0	0.0	0.0	0.0128205128205128
grp-16	T2	10	300.0	57.4413	0.1086	36.2536	2.7904	10.459	0.0	0.0	3.0	0.0	0.0	0.0	0.0	31.0	24.0	0.7741935483870968	4.840223928941852	4.857980995127571	0.0	3.0	2.0	0.0	0.0	0.0	0.0	0.0	0.0
grp-16	T2	11	330.0	64.8379	0.0835	36.2459	2.8317	2.724	2.0	0.0	2.0	0.0	0.0	0.0	0.0	88.0	59.0	0.6704545454545454	6.396966484354469	6.426264754702099	2.0	13.0	1.0	8.0	0.0	0.0	0.0	0.8888888888888888	0.1136363636363636
grp-16	T2	12	360.0	67.0486	0.0417	36.2564	2.8099	0.586	3.0	0.0	2.0	0.0	0.0	0.0	0.0	66.0	42.0	0.6363636363636364	5.8569080053028655	5.96875	1.0	3.0	0.0	2.0	0.0	3.0	0.0	0.6666666666666666	0.0454545454545454
grp-16	T2	13	390.0	57.4975	0.0835	36.2995	2.7694	12.25	5.0	3.0	4.0	0.0	0.0	0.0	0.0	100.0	64.0	0.64	6.548548539271537	6.5738935175846045	1.0	3.0	1.0	1.0	0.0	1.0	2.0	0.5	0.02
grp-16	T2	14	420.0	54.0684	0.0835	36.3515	2.7744	3.276	2.0	1.0	4.0	0.0	0.0	0.0	0.0	150.0	76.0	0.5066666666666667	6.927156607681451	7.10134525752084	3.0	7.0	0.0	2.0	0.0	2.0	1.0	0.6666666666666666	0.0333333333333333
grp-16	T2	15	450.0	62.2112	0.0417	36.3858	2.7601	8.32	5.0	0.0	4.0	0.0	0.0	0.0	0.0	15.0	13.0	0.8666666666666667	3.6644977792004623	3.7004397181410926	2.0	0.0	0.0	0.0	0.0	0.0	0.0	0.0	0.1333333333333333
grp-16	T2	16	480.0	65.0952	0.0167	36.3983	2.7485	3.01	0.0	1.0	3.0	0.0	0.0	0.0	0.0	79.0	56.0	0.7088607594936709	6.234120167580205	6.266786540694905	3.0	6.0	0.0	6.0	0.0	1.0	0.0	0.8571428571428571	0.1139240506329113
grp-16	T3	0	0.0	55.5598	0.125	36.2742	2.7915	23.093	0.0	0.0	0.0	4.0	2.0	2.359	0.25	0.0	0.0	0.0	0.0	0.0	0.0	0.0	0.0	0.0	0.0	0.0	0.0	0.0	0.0
grp-16	T3	1	30.0	55.0721	0.0752	36.2531	2.7893	5.007	1.0	3.0	4.0	6.0	2.0	6.438	0.1666666666666666	0.0	0.0	0.0	0.0	0.0	0.0	0.0	0.0	0.0	0.0	0.0	0.0	0.0	0.0
grp-16	T3	2	60.0	58.6667	0.0668	36.2512	2.8508	11.912	8.0	2.0	3.0	3.0	2.0	6.781	0.6666666666666666	0.0	0.0	0.0	0.0	0.0	0.0	0.0	0.0	0.0	0.0	0.0	0.0	0.0	0.0
grp-16	T3	3	90.0	62.0099	0.1252	36.2455	2.9368	6.769	2.0	1.0	3.0	6.0	4.0	8.503	0.3333333333333333	0.0	0.0	0.0	0.0	0.0	0.0	0.0	0.0	0.0	0.0	0.0	0.0	0.0	0.0
grp-16	T3	4	120.0	55.1557	0.1669	36.2459	2.9461	6.768	2.0	1.0	3.0	10.0	5.0	7.946	0.2	0.0	0.0	0.0	0.0	0.0	0.0	0.0	0.0	0.0	0.0	0.0	0.0	0.0	0.0
grp-16	T3	5	150.0	55.377	0.1252	36.2667	2.9448	1.915	1.0	1.0	2.0	3.0	0.0	0.978	0.3333333333333333	0.0	0.0	0.0	0.0	0.0	0.0	0.0	0.0	0.0	0.0	0.0	0.0	0.0	0.0
grp-16	T3	6	180.0	66.4191	0.1419	36.2953	2.9487	4.162	2.0	0.0	4.0	3.0	2.0	3.799	0.0	0.0	0.0	0.0	0.0	0.0	0.0	0.0	0.0	0.0	0.0	0.0	0.0	0.0	0.0
grp-16	T3	7	210.0	76.0056	0.1168	36.2925	2.9376	4.244	3.0	2.0	2.0	8.0	6.0	9.773	0.5	0.0	0.0	0.0	0.0	0.0	0.0	0.0	0.0	0.0	0.0	0.0	0.0	0.0	0.0
grp-16	T3	8	240.0	77.6958	0.1085	36.271	2.9638	4.051	0.0	0.0	3.0	5.0	4.0	11.696	0.4	0.0	0.0	0.0	0.0	0.0	0.0	0.0	0.0	0.0	0.0	0.0	0.0	0.0	0.0
grp-16	T3	9	270.0	74.4404	0.1168	36.2618	3.0041	6.358	0.0	0.0	4.0	0.0	0.0	0.0	0.0	0.0	0.0	0.0	0.0	0.0	0.0	0.0	0.0	0.0	0.0	0.0	0.0	0.0	0.0
grp-16	T3	10	300.0	74.8527	0.1002	36.2576	2.963	3.113	3.0	1.0	3.0	0.0	0.0	0.0	0.0	9.0	8.0	0.8888888888888888	3.0	2.807354922057604	2.0	0.0	0.0	2.0	0.0	0.0	0.0	0.6666666666666666	0.4444444444444444
grp-16	T3	11	330.0	84.7004	0.0668	36.258	2.900493023255814	9.353	2.0	0.0	3.0	0.0	0.0	0.0	0.0	72.0	45.0	0.625	6.008902049082144	6.072140159802114	6.0	9.0	3.0	7.0	0.0	0.0	0.0	0.875	0.1805555555555555
grp-16	T3	12	360.0	84.9111	0.0417	36.2539	2.900493023255814	1.433	4.0	0.0	1.0	0.0	0.0	0.0	0.0	48.0	40.0	0.8333333333333334	5.55458885167764	5.5235619560570095	3.0	1.0	0.0	0.0	0.0	0.0	0.0	0.0	0.0625
grp-16	T3	13	390.0	75.195	0.0834	36.2605	2.900493023255814	2.051	4.0	1.0	2.0	0.0	0.0	0.0	0.0	75.0	54.0	0.72	6.091144075059178	6.189824558880028	1.0	10.0	3.0	5.0	0.0	1.0	0.0	0.8333333333333334	0.08
grp-16	T3	14	420.0	82.5324	0.1418	36.2741	2.900493023255814	3.661	0.0	4.0	4.0	0.0	0.0	0.0	0.0	75.0	51.0	0.68	6.155399311574901	6.162427298606055	1.0	2.0	1.0	0.0	0.0	0.0	0.0	0.0	0.0133333333333333
grp-16	T3	15	450.0	91.7988	0.1503	36.2742	2.900493023255814	0.867	3.0	1.0	3.0	0.0	0.0	0.0	0.0	67.0	49.0	0.7313432835820896	5.9534850284493706	5.991598582259227	4.0	5.0	0.0	0.0	0.0	0.0	2.0	0.0	0.0597014925373134
grp-16	T3	16	480.0	87.6602	0.1085	36.2779	2.900493023255814	4.4	3.0	0.0	3.0	0.0	0.0	0.0	0.0	88.0	55.0	0.625	6.227370076283627	6.379753126795122	1.0	3.0	1.0	0.0	0.0	0.0	0.0	0.0	0.0113636363636363
grp-16	T3	17	510.0	80.5976	0.0417	36.2616	2.900493023255814	0.397	1.0	0.0	3.0	0.0	0.0	0.0	0.0	84.0	51.0	0.6071428571428571	6.24546247348954	6.357552004618087	4.0	6.0	1.0	3.0	0.0	0.0	1.0	0.75	0.0833333333333333
grp-16	T3	18	540.0	71.3439	0.0333	36.2489	2.900493023255814	14.398	1.0	0.0	2.0	0.0	0.0	0.0	0.0	36.0	24.0	0.6666666666666666	4.822000516883151	4.969815782426809	2.0	1.0	0.0	0.0	0.0	0.0	0.0	0.0	0.0555555555555555
grp-16	T3	21	630.0	72.4917	0.0417	36.2682	2.900493023255814	0.0	0.0	0.0	1.0	0.0	0.0	0.0	0.0	59.0	40.0	0.6779661016949152	5.707034658883373	5.79780229486649	1.0	5.0	3.0	2.0	0.0	1.0	0.0	0.6666666666666666	0.0508474576271186
grp-16	T3	22	660.0	73.8471	0.0334	36.2471	2.900493023255814	0.0	0.0	0.0	1.0	0.0	0.0	0.0	0.0	128.0	72.0	0.5625	6.94144059228396	6.977279923499926	1.0	12.0	0.0	7.0	0.0	1.0	0.0	0.875	0.0625
