session_id	task	participant_id	source_file	sample_rate_hz	duration_s	pupil_left_mean	pupil_right_mean	pupil_mean	pupil_std	pupil_slope_per_s	pupil_missing_frac	gaze_valid_frac
ses-20260312_grp-07_run01	T0	P1	C:\Users\amodica\Downloads\affectai_et_all\bids_release_no_video\sub-01\ses-20260312_grp-07_run01\et\sub-01_ses-20260312_grp-07_run01_task-T0_run-01_acq-P1_tobii.tsv.gz	49.91016170466452	450.37696800002595	3.0758928941780654	3.09032001542243	3.0843971749262815	0.3595562199655343	-7.44276292825667e-05	0.0646381066773433	0.9353618933226567
ses-20260312_grp-07_run01	T0	P2	C:\Users\amodica\Downloads\affectai_et_all\bids_release_no_video\sub-01\ses-20260312_grp-07_run01\et\sub-01_ses-20260312_grp-07_run01_task-T0_run-01_acq-P2_tobii.tsv.gz	49.91016170466452	450.31704699998954	2.5582094449047226	2.688572804054054	2.625559261004173	0.38194027571589995	2.0751622022589166e-05	0.3389393130450258	0.6610606869549742
ses-20260312_grp-07_run01	T0	P3	C:\Users\amodica\Downloads\affectai_et_all\bids_release_no_video\sub-01\ses-20260312_grp-07_run01\et\sub-01_ses-20260312_grp-07_run01_task-T0_run-01_acq-P3_tobii.tsv.gz	49.91016170466452	450.3777199999895	3.0027435079499574	3.1658650556881462	3.0867375084729347	0.3884679182118122	2.5589137940305627e-05	0.08118688553761289	0.9188131144623871
ses-20260312_grp-07_run01	T0	P4	C:\Users\amodica\Downloads\affectai_et_all\bids_release_no_video\sub-01\ses-20260312_grp-07_run01\et\sub-01_ses-20260312_grp-07_run01_task-T0_run-01_acq-P4_tobii.tsv.gz	49.907670930760574	450.0809710000176	3.352392002285061	3.1444559435764314	3.2209536147196602	0.3543366722309812	5.90408675746782e-05	0.07821403133903133	0.9217859686609686
ses-20260312_grp-07_run01	T1	P1	C:\Users\amodica\Downloads\affectai_et_all\bids_release_no_video\sub-01\ses-20260312_grp-07_run01\et\sub-01_ses-20260312_grp-07_run01_task-T1_run-01_acq-P1_tobii.tsv.gz	49.91016170466452	684.6419170000008	2.919975175168828	2.9135133233252013	2.9173838185115737	0.2906178776790231	6.301485446286013e-05	0.04799391296713588	0.9520060870328642
ses-20260312_grp-07_run01	T1	P2	C:\Users\amodica\Downloads\affectai_et_all\bids_release_no_video\sub-01\ses-20260312_grp-07_run01\et\sub-01_ses-20260312_grp-07_run01_task-T1_run-01_acq-P2_tobii.tsv.gz	49.91016170466452	684.6422010000097	2.812327989161115	2.5396040521202075	2.616008722121407	0.7739120351909848	-9.791126054889975e-05	0.5000731614526938	0.4999268385473062
ses-20260312_grp-07_run01	T1	P3	C:\Users\amodica\Downloads\affectai_et_all\bids_release_no_video\sub-01\ses-20260312_grp-07_run01\et\sub-01_ses-20260312_grp-07_run01_task-T1_run-01_acq-P3_tobii.tsv.gz	49.91016170466452	684.6230229999637	2.9428805932629465	3.099993982313874	3.0198203443512246	0.3242234258690701	6.392214010367899e-05	0.13143107989464442	0.8685689201053556
ses-20260312_grp-07_run01	T1	P4	C:\Users\amodica\Downloads\affectai_et_all\bids_release_no_video\sub-01\ses-20260312_grp-07_run01\et\sub-01_ses-20260312_grp-07_run01_task-T1_run-01_acq-P4_tobii.tsv.gz	49.907670930760574	684.6287979999906	3.205509038271431	3.048151495923094	3.1188881492387694	0.3234023045262056	4.090677725473361e-06	0.06578870354111795	0.934211296458882
ses-20260312_grp-07_run01	T2	P1	C:\Users\amodica\Downloads\affectai_et_all\bids_release_no_video\sub-01\ses-20260312_grp-07_run01\et\sub-01_ses-20260312_grp-07_run01_task-T2_run-01_acq-P1_tobii.tsv.gz	49.91016170466452	1136.60175599996	3.0085958733825344	3.10069899357807	3.054438875190574	0.24878918153213853	2.6055979268266334e-05	0.0634430968833733	0.9365569031166268
ses-20260312_grp-07_run01	T2	P2	C:\Users\amodica\Downloads\affectai_et_all\bids_release_no_video\sub-01\ses-20260312_grp-07_run01\et\sub-01_ses-20260312_grp-07_run01_task-T2_run-01_acq-P2_tobii.tsv.gz	49.91016170466452	1136.602229000011	2.5706641162968626	2.6159120534958524	2.597649504950495	0.5874967303818175	7.057410914168031e-06	0.7329361162036384	0.2670638837963616
ses-20260312_grp-07_run01	T2	P3	C:\Users\amodica\Downloads\affectai_et_all\bids_release_no_video\sub-01\ses-20260312_grp-07_run01\et\sub-01_ses-20260312_grp-07_run01_task-T2_run-01_acq-P3_tobii.tsv.gz	49.91016170466452	1136.603654000035	3.102351085789778	3.179043314881409	3.135790147552502	0.29714586622465033	3.745700821496952e-05	0.09681286137357213	0.9031871386264279
ses-20260312_grp-07_run01	T2	P4	C:\Users\amodica\Downloads\affectai_et_all\bids_release_no_video\sub-01\ses-20260312_grp-07_run01\et\sub-01_ses-20260312_grp-07_run01_task-T2_run-01_acq-P4_tobii.tsv.gz	49.907670930760574	1136.5932039999752	3.2572942053906235	3.1483034353405723	3.1943245338017836	0.3025480865816542	3.784068520760125e-05	0.08681932765702399	0.9131806723429761
ses-20260312_grp-07_run01	T3	P1	C:\Users\amodica\Downloads\affectai_et_all\bids_release_no_video\sub-01\ses-20260312_grp-07_run01\et\sub-01_ses-20260312_grp-07_run01_task-T3_run-01_acq-P1_tobii.tsv.gz	49.91016170466452	878.0126840000157	2.931625074066759	2.9217302757235903	2.927412490408594	0.2480576965162989	1.1367137188309566e-05	0.048331888092738806	0.9516681119072612
ses-20260312_grp-07_run01	T3	P2	C:\Users\amodica\Downloads\affectai_et_all\bids_release_no_video\sub-01\ses-20260312_grp-07_run01\et\sub-01_ses-20260312_grp-07_run01_task-T3_run-01_acq-P2_tobii.tsv.gz	49.91016170466452	878.0130500000087	4.033437566702242	2.7434696527961835	2.9993533274956214	0.8536966559952102	-0.00018017255366256272	0.8957601204874264	0.10423987951257359
ses-20260312_grp-07_run01	T3	P3	C:\Users\amodica\Downloads\affectai_et_all\bids_release_no_video\sub-01\ses-20260312_grp-07_run01\et\sub-01_ses-20260312_grp-07_run01_task-T3_run-01_acq-P3_tobii.tsv.gz	49.91016170466452	878.0141509999521	3.128360926636921	3.1745630891858063	3.1516997902726454	0.32988268327061004	2.7278213726601787e-05	0.08602984802154169	0.9139701519784583
ses-20260312_grp-07_run01	T3	P4	C:\Users\amodica\Downloads\affectai_et_all\bids_release_no_video\sub-01\ses-20260312_grp-07_run01\et\sub-01_ses-20260312_grp-07_run01_task-T3_run-01_acq-P4_tobii.tsv.gz	49.907670930760574	878.0215559999924	3.2343022740193295	3.107545047638991	3.167791679296757	0.34735940116299585	9.176354176933199e-05	0.09661813700880836	0.9033818629911916
ses-20260312_grp-07_run01	T4	P1	C:\Users\amodica\Downloads\affectai_et_all\bids_release_no_video\sub-01\ses-20260312_grp-07_run01\et\sub-01_ses-20260312_grp-07_run01_task-T4_run-01_acq-P1_tobii.tsv.gz	49.91016170466452	460.5353950000135	2.916154765278171	2.912950085501687	2.9136442965259413	0.23811943574375216	5.489912505953606e-06	0.04576698860175759	0.9542330113982425
ses-20260312_grp-07_run01	T4	P2	C:\Users\amodica\Downloads\affectai_et_all\bids_release_no_video\sub-01\ses-20260312_grp-07_run01\et\sub-01_ses-20260312_grp-07_run01_task-T4_run-01_acq-P2_tobii.tsv.gz	49.91016170466452	460.5355869999621	2.9131353711790395	2.385636634647234	2.4510607969528273	0.4758908592455397	0.00016021836888962775	0.8515183154963891	0.1484816845036109
ses-20260312_grp-07_run01	T4	P3	C:\Users\amodica\Downloads\affectai_et_all\bids_release_no_video\sub-01\ses-20260312_grp-07_run01\et\sub-01_ses-20260312_grp-07_run01_task-T4_run-01_acq-P3_tobii.tsv.gz	49.91016170466452	460.5361639999901	3.137719682906026	3.137452896548259	3.137660808858931	0.3091579998065888	-0.00011013858592242346	0.09640650830940573	0.9035934916905942
ses-20260312_grp-07_run01	T4	P4	C:\Users\amodica\Downloads\affectai_et_all\bids_release_no_video\sub-01\ses-20260312_grp-07_run01\et\sub-01_ses-20260312_grp-07_run01_task-T4_run-01_acq-P4_tobii.tsv.gz	49.907670930760574	460.5400490000029	3.257801840056617	3.146672324723247	3.1957490536202022	0.32687628126453766	0.00012574498102799157	0.09209953884973462	0.9079004611502653
ses-20260313_grp-08_run01	T0	P1	C:\Users\amodica\Downloads\affectai_et_all\bids_release_no_video\sub-01\ses-20260313_grp-08_run01\et\sub-01_ses-20260313_grp-08_run01_task-T0_run-01_acq-P1_tobii.tsv.gz	49.91016170466452	730.1641369999852	2.665618829113924	2.9173612257498456	2.790058260126891	0.2439116751315313	-5.917603607886823e-05	0.10040336964574816	0.8995966303542519
ses-20260313_grp-08_run01	T0	P2	C:\Users\amodica\Downloads\affectai_et_all\bids_release_no_video\sub-01\ses-20260313_grp-08_run01\et\sub-01_ses-20260313_grp-08_run01_task-T0_run-01_acq-P2_tobii.tsv.gz	49.91016170466452	730.183285999985	2.7049452013503736	2.824187281621244	2.7640658195606242	0.17044709281261186	2.4935530182703933e-05	0.05199758533640654	0.9480024146635935
ses-20260313_grp-08_run01	T0	P3	C:\Users\amodica\Downloads\affectai_et_all\bids_release_no_video\sub-01\ses-20260313_grp-08_run01\et\sub-01_ses-20260313_grp-08_run01_task-T0_run-01_acq-P3_tobii.tsv.gz	49.91016170466452	730.2253299999866	2.6527425927021113	2.6773517346390396	2.6634058576792214	0.18746856470032106	-4.721962137941452e-06	0.06458870657959721	0.9354112934204027
ses-20260313_grp-08_run01	T0	P4	C:\Users\amodica\Downloads\affectai_et_all\bids_release_no_video\sub-01\ses-20260313_grp-08_run01\et\sub-01_ses-20260313_grp-08_run01_task-T0_run-01_acq-P4_tobii.tsv.gz	49.907670930760574	730.049927999964	3.3160485124235533	3.3320001477410397	3.320613741636644	0.32351855425547765	-6.3919469027522295e-06	0.040151494360128444	0.9598485056398716
ses-20260313_grp-08_run01	T1	P1	C:\Users\amodica\Downloads\affectai_et_all\bids_release_no_video\sub-01\ses-20260313_grp-08_run01\et\sub-01_ses-20260313_grp-08_run01_task-T1_run-01_acq-P1_tobii.tsv.gz	49.91016170466452	844.130812999967	2.544420313127258	2.7946345154800154	2.676751458321181	0.2339749053905308	-1.14688780561104e-05	0.18620493223517126	0.8137950677648288
ses-20260313_grp-08_run01	T1	P2	C:\Users\amodica\Downloads\affectai_et_all\bids_release_no_video\sub-01\ses-20260313_grp-08_run01\et\sub-01_ses-20260313_grp-08_run01_task-T1_run-01_acq-P2_tobii.tsv.gz	49.91016170466452	844.1498240000219	2.687742978003384	2.778890217453341	2.7351656966418014	0.23153051896456328	3.9716493799124695e-05	0.13137282825405866	0.8686271717459413
ses-20260313_grp-08_run01	T1	P3	C:\Users\amodica\Downloads\affectai_et_all\bids_release_no_video\sub-01\ses-20260313_grp-08_run01\et\sub-01_ses-20260313_grp-08_run01_task-T1_run-01_acq-P3_tobii.tsv.gz	49.91016170466452	844.1320660000201	2.5932371726349546	2.590282204479691	2.5922439456429776	0.220985820011822	5.897660379365167e-05	0.10222876266881868	0.8977712373311814
ses-20260313_grp-08_run01	T1	P4	C:\Users\amodica\Downloads\affectai_et_all\bids_release_no_video\sub-01\ses-20260313_grp-08_run01\et\sub-01_ses-20260313_grp-08_run01_task-T1_run-01_acq-P4_tobii.tsv.gz	49.907670930760574	844.13776100002	3.2337841090817268	3.223959817098517	3.2278479790788106	0.3156758774974194	9.219401927302258e-05	0.13322731480382616	0.8667726851961738
ses-20260313_grp-08_run01	T2	P1	C:\Users\amodica\Downloads\affectai_et_all\bids_release_no_video\sub-01\ses-20260313_grp-08_run01\et\sub-01_ses-20260313_grp-08_run01_task-T2_run-01_acq-P1_tobii.tsv.gz	49.91016170466452	995.1647100000409	2.577450911660009	2.8509197860962563	2.7223566792861003	0.24172120289032897	-2.0631979023401156e-05	0.18101834142020173	0.8189816585797982
ses-20260313_grp-08_run01	T2	P2	C:\Users\amodica\Downloads\affectai_et_all\bids_release_no_video\sub-01\ses-20260313_grp-08_run01\et\sub-01_ses-20260313_grp-08_run01_task-T2_run-01_acq-P2_tobii.tsv.gz	49.91016170466452	995.1434639999643	2.729101074782783	2.84360953479431	2.7861946036766154	0.18293279473035812	2.5739532234400797e-05	0.1851493919626319	0.8148506080373681
ses-20260313_grp-08_run01	T2	P3	C:\Users\amodica\Downloads\affectai_et_all\bids_release_no_video\sub-01\ses-20260313_grp-08_run01\et\sub-01_ses-20260313_grp-08_run01_task-T2_run-01_acq-P3_tobii.tsv.gz	49.91016170466452	995.1461509999936	2.7294513927089064	2.7280671979216105	2.7268042513316235	0.22482868629640737	-1.3359565666975372e-05	0.18353869694773295	0.816461303052267
ses-20260313_grp-08_run01	T2	P4	C:\Users\amodica\Downloads\affectai_et_all\bids_release_no_video\sub-01\ses-20260313_grp-08_run01\et\sub-01_ses-20260313_grp-08_run01_task-T2_run-01_acq-P4_tobii.tsv.gz	49.907670930760574	995.1528640000033	3.427400278157329	3.418820756751575	3.4195981351485507	0.32051681718903896	5.53911824071162e-05	0.1481638076830152	0.8518361923169848
ses-20260313_grp-08_run01	T3	P1	C:\Users\amodica\Downloads\affectai_et_all\bids_release_no_video\sub-01\ses-20260313_grp-08_run01\et\sub-01_ses-20260313_grp-08_run01_task-T3_run-01_acq-P1_tobii.tsv.gz	49.91016170466452	955.1321109999553	2.5097441722051386	2.7636317751166257	2.63745904720678	0.20616599499866184	-1.3429522280763254e-05	0.07927251368756687	0.9207274863124332
ses-20260313_grp-08_run01	T3	P2	C:\Users\amodica\Downloads\affectai_et_all\bids_release_no_video\sub-01\ses-20260313_grp-08_run01\et\sub-01_ses-20260313_grp-08_run01_task-T3_run-01_acq-P2_tobii.tsv.gz	49.91016170466452	955.1309510000283	2.667946215322432	2.756679242613596	2.7129408165118862	0.18694663568661063	-6.2708470095628e-06	0.07614692370623649	0.9238530762937635
ses-20260313_grp-08_run01	T3	P3	C:\Users\amodica\Downloads\affectai_et_all\bids_release_no_video\sub-01\ses-20260313_grp-08_run01\et\sub-01_ses-20260313_grp-08_run01_task-T3_run-01_acq-P3_tobii.tsv.gz	49.91016170466452	955.1335299999919	2.5757859511806847	2.557405822069087	2.5650899169192525	0.14612063142325138	-7.687273220371035e-06	0.03801053051121227	0.9619894694887877
ses-20260313_grp-08_run01	T3	P4	C:\Users\amodica\Downloads\affectai_et_all\bids_release_no_video\sub-01\ses-20260313_grp-08_run01\et\sub-01_ses-20260313_grp-08_run01_task-T3_run-01_acq-P4_tobii.tsv.gz	49.907670930760574	955.1199370000395	3.315525800791794	3.264353084844218	3.286265287964932	0.2441896994405114	-3.2041542696263213e-06	0.033312355779316134	0.9666876442206839
ses-20260313_grp-08_run01	T4	P1	C:\Users\amodica\Downloads\affectai_et_all\bids_release_no_video\sub-01\ses-20260313_grp-08_run01\et\sub-01_ses-20260313_grp-08_run01_task-T4_run-01_acq-P1_tobii.tsv.gz	49.91016170466452	474.380278000026	2.581252828817606	2.8642921701304984	2.731480015673981	0.25942051512736386	-6.534970270796967e-05	0.08383663470878912	0.9161633652912109
ses-20260313_grp-08_run01	T4	P2	C:\Users\amodica\Downloads\affectai_et_all\bids_release_no_video\sub-01\ses-20260313_grp-08_run01\et\sub-01_ses-20260313_grp-08_run01_task-T4_run-01_acq-P2_tobii.tsv.gz	49.91016170466452	474.37970200000564	2.6861615072202167	2.7878832810481637	2.737889253996448	0.2104273538275742	-8.051837392258128e-05	0.04886598808970731	0.9511340119102927
ses-20260313_grp-08_run01	T4	P3	C:\Users\amodica\Downloads\affectai_et_all\bids_release_no_video\sub-01\ses-20260313_grp-08_run01\et\sub-01_ses-20260313_grp-08_run01_task-T4_run-01_acq-P3_tobii.tsv.gz	49.91016170466452	474.3609469999792	2.6220438101260104	2.6114746566678715	2.6156869370368727	0.2035876215302308	-7.864182324902061e-05	0.04810778847778341	0.9518922115222166
ses-20260313_grp-08_run01	T4	P4	C:\Users\amodica\Downloads\affectai_et_all\bids_release_no_video\sub-01\ses-20260313_grp-08_run01\et\sub-01_ses-20260313_grp-08_run01_task-T4_run-01_acq-P4_tobii.tsv.gz	49.907670930760574	474.56451200001175	3.419055617611468	3.383392399927876	3.398569734976068	0.2841027113628198	9.061521725157052e-05	0.04736975428523178	0.9526302457147682
ses-20260317_grp-09_run01	T1	P1	C:\Users\amodica\Downloads\affectai_et_all\bids_release_no_video\sub-01\ses-20260317_grp-09_run01\et\sub-01_ses-20260317_grp-09_run01_task-T1_run-01_acq-P1_tobii.tsv.gz	49.91016155966782	85.03471099992748	2.9484974993419324	2.8119180084220954	2.8737796382302614	0.261965401008996	-0.0005284294649097667	0.036277974087161366	0.9637220259128386
ses-20260317_grp-09_run01	T1	P2	C:\Users\amodica\Downloads\affectai_et_all\bids_release_no_video\sub-01\ses-20260317_grp-09_run01\et\sub-01_ses-20260317_grp-09_run01_task-T1_run-01_acq-P2_tobii.tsv.gz	49.91016155966782	85.03474200004712	4.07938683127572	3.8200391574399135	3.959921598381386	0.34965492245070084	0.0009258107079629575	0.0685512367491166	0.9314487632508834
ses-20260317_grp-09_run01	T1	P3	C:\Users\amodica\Downloads\affectai_et_all\bids_release_no_video\sub-01\ses-20260317_grp-09_run01\et\sub-01_ses-20260317_grp-09_run01_task-T1_run-01_acq-P3_tobii.tsv.gz	49.91016155966782	84.99402600002941	3.2229475776397516	3.538990492442711	3.379888349514563	0.296899920268646	-0.0022453754117368096	0.028988922931887814	0.9710110770681122
ses-20260317_grp-09_run01	T1	P4	C:\Users\amodica\Downloads\affectai_et_all\bids_release_no_video\sub-01\ses-20260317_grp-09_run01\et\sub-01_ses-20260317_grp-09_run01_task-T1_run-01_acq-P4_tobii.tsv.gz	49.91016155966782	85.01415299996734	3.223793418141593	3.297562383612663	3.260493177643663	0.2641305242282282	7.683495209136013e-05	0.10202639019792649	0.8979736098020735
ses-20260317_grp-09_run01	T2	P1	C:\Users\amodica\Downloads\affectai_et_all\bids_release_no_video\sub-01\ses-20260317_grp-09_run01\et\sub-01_ses-20260317_grp-09_run01_task-T2_run-01_acq-P1_tobii.tsv.gz	49.91016155966782	704.0767500000075	2.907878088754412	2.853903765816127	2.8761125266967253	0.31582452229409985	-1.4351539954937857e-05	0.040664750576249964	0.95933524942375
ses-20260317_grp-09_run01	T2	P2	C:\Users\amodica\Downloads\affectai_et_all\bids_release_no_video\sub-01\ses-20260317_grp-09_run01\et\sub-01_ses-20260317_grp-09_run01_task-T2_run-01_acq-P2_tobii.tsv.gz	49.91016155966782	704.0957349999808	4.104292785313744	3.813994007116549	3.9589963332930957	0.33810216955130923	-6.084510640452556e-05	0.057082693073814805	0.9429173069261851
ses-20260317_grp-09_run01	T2	P3	C:\Users\amodica\Downloads\affectai_et_all\bids_release_no_video\sub-01\ses-20260317_grp-09_run01\et\sub-01_ses-20260317_grp-09_run01_task-T2_run-01_acq-P3_tobii.tsv.gz	49.91016155966782	704.0782380000455	3.159863539110188	3.448345362436675	3.297980992366412	0.3626944554270005	-4.642815379341559e-05	0.06804018098517402	0.9319598190148259
ses-20260317_grp-09_run01	T2	P4	C:\Users\amodica\Downloads\affectai_et_all\bids_release_no_video\sub-01\ses-20260317_grp-09_run01\et\sub-01_ses-20260317_grp-09_run01_task-T2_run-01_acq-P4_tobii.tsv.gz	49.91016155966782	704.0777660000604	3.4477626780718396	3.573653729190833	3.5070438529004457	0.38713171464908436	-6.668597940487737e-05	0.07529666201872456	0.9247033379812755
ses-20260317_grp-09_run01	T3	P1	C:\Users\amodica\Downloads\affectai_et_all\bids_release_no_video\sub-01\ses-20260317_grp-09_run01\et\sub-01_ses-20260317_grp-09_run01_task-T3_run-01_acq-P1_tobii.tsv.gz	49.91016155966782	834.3730239999713	2.9127576055491837	2.7966571908055333	2.842044559559433	0.27291660483538127	6.839906711952528e-06	0.04507251945058112	0.9549274805494189
ses-20260317_grp-09_run01	T3	P2	C:\Users\amodica\Downloads\affectai_et_all\bids_release_no_video\sub-01\ses-20260317_grp-09_run01\et\sub-01_ses-20260317_grp-09_run01_task-T3_run-01_acq-P2_tobii.tsv.gz	49.91016155966782	834.3717789999209	3.9922474444560345	3.652678005411673	3.8207469025434406	0.3084582342822119	3.260522719294671e-06	0.046441264047641914	0.9535587359523581
ses-20260317_grp-09_run01	T3	P3	C:\Users\amodica\Downloads\affectai_et_all\bids_release_no_video\sub-01\ses-20260317_grp-09_run01\et\sub-01_ses-20260317_grp-09_run01_task-T3_run-01_acq-P3_tobii.tsv.gz	49.91016155966782	834.394823999959	3.198078400041236	3.4662147774678167	3.32821834485194	0.3152568362510182	-5.344913253279089e-05	0.04800096049945972	0.9519990395005403
ses-20260317_grp-09_run01	T3	P4	C:\Users\amodica\Downloads\affectai_et_all\bids_release_no_video\sub-01\ses-20260317_grp-09_run01\et\sub-01_ses-20260317_grp-09_run01_task-T3_run-01_acq-P4_tobii.tsv.gz	49.91016155966782	834.3942650000099	3.265784657278029	3.354198090628657	3.3073251020676935	0.3265425048071775	-1.1952841907020294e-05	0.08836595029415296	0.911634049705847
ses-20260317_grp-09_run01	T4	P1	C:\Users\amodica\Downloads\affectai_et_all\bids_release_no_video\sub-01\ses-20260317_grp-09_run01\et\sub-01_ses-20260317_grp-09_run01_task-T4_run-01_acq-P1_tobii.tsv.gz	49.91016155966782	456.92857900005765	2.9259177212097525	2.8297154776804336	2.867992395000459	0.2981999873341209	-0.0001909136287511835	0.04577742699289661	0.9542225730071034
ses-20260317_grp-09_run01	T4	P2	C:\Users\amodica\Downloads\affectai_et_all\bids_release_no_video\sub-01\ses-20260317_grp-09_run01\et\sub-01_ses-20260317_grp-09_run01_task-T4_run-01_acq-P2_tobii.tsv.gz	49.91016155966782	456.92789699998684	4.08399815677144	3.724569236670502	3.9029335189051264	0.3372494004708656	-0.00010428754414211717	0.05485398579321231	0.9451460142067877
ses-20260317_grp-09_run01	T4	P3	C:\Users\amodica\Downloads\affectai_et_all\bids_release_no_video\sub-01\ses-20260317_grp-09_run01\et\sub-01_ses-20260317_grp-09_run01_task-T4_run-01_acq-P3_tobii.tsv.gz	49.91016155966782	456.9295450000791	3.063193215480172	3.3538280026417584	3.2029044158489164	0.33904202088869123	-0.0002195537559687549	0.05270542839603613	0.9472945716039639
ses-20260317_grp-09_run01	T4	P4	C:\Users\amodica\Downloads\affectai_et_all\bids_release_no_video\sub-01\ses-20260317_grp-09_run01\et\sub-01_ses-20260317_grp-09_run01_task-T4_run-01_acq-P4_tobii.tsv.gz	49.91016155966782	456.92923900007736	3.254084394270937	3.3093835596990204	3.2771681488415636	0.3286840048752914	-0.00015432162531373722	0.06318512672103832	0.9368148732789616
ses-20260317_grp-10_run01	T0	P1	C:\Users\amodica\Downloads\affectai_et_all\bids_release_no_video\sub-01\ses-20260317_grp-10_run01\et\sub-01_ses-20260317_grp-10_run01_task-T0_run-01_acq-P1_tobii.tsv.gz	49.778485738467076	317.975288	3.0731256664641964	3.1489310223843945	3.1121716925107226	0.24842601329482986	-0.000103676726172945	0.0	1.0
ses-20260317_grp-10_run01	T0	P2	C:\Users\amodica\Downloads\affectai_et_all\bids_release_no_video\sub-01\ses-20260317_grp-10_run01\et\sub-01_ses-20260317_grp-10_run01_task-T0_run-01_acq-P2_tobii.tsv.gz	49.78963877614576	317.97529699999996	2.970973560517039	2.9029692665289253	2.9411859957640716	0.342242463830535	0.00037494182876259013	0.0	1.0
ses-20260317_grp-10_run01	T0	P3	C:\Users\amodica\Downloads\affectai_et_all\bids_release_no_video\sub-01\ses-20260317_grp-10_run01\et\sub-01_ses-20260317_grp-10_run01_task-T0_run-01_acq-P3_tobii.tsv.gz	49.798316817020954	317.97530400000005	3.651925862423702	3.496634713398031	3.5899332071036825	0.4292714483204032	0.0005973293854690248	0.0	1.0
ses-20260317_grp-10_run01	T0	P4	C:\Users\amodica\Downloads\affectai_et_all\bids_release_no_video\sub-01\ses-20260317_grp-10_run01\et\sub-01_ses-20260317_grp-10_run01_task-T0_run-01_acq-P4_tobii.tsv.gz	49.77353043656482	317.915125	3.2082318235995233	3.3443783991988294	3.2720885819782715	0.34766978019287365	0.0003282932183747565	0.0	1.0
ses-20260317_grp-10_run01	T1	P1	C:\Users\amodica\Downloads\affectai_et_all\bids_release_no_video\sub-01\ses-20260317_grp-10_run01\et\sub-01_ses-20260317_grp-10_run01_task-T1_run-01_acq-P1_tobii.tsv.gz	49.77848573850229	383.974695	3.1956691587718296	3.1553805094534626	3.180218261448054	0.3389489950320137	-0.0003111873294520817	0.0	1.0
ses-20260317_grp-10_run01	T1	P2	C:\Users\amodica\Downloads\affectai_et_all\bids_release_no_video\sub-01\ses-20260317_grp-10_run01\et\sub-01_ses-20260317_grp-10_run01_task-T1_run-01_acq-P2_tobii.tsv.gz	49.78839930297585	383.974697	3.107238040816327	3.0277836603063695	3.071814778403656	0.5033111323300035	-0.0008008385243070217	0.0	1.0
ses-20260317_grp-10_run01	T1	P3	C:\Users\amodica\Downloads\affectai_et_all\bids_release_no_video\sub-01\ses-20260317_grp-10_run01\et\sub-01_ses-20260317_grp-10_run01_task-T1_run-01_acq-P3_tobii.tsv.gz	49.800796812731136	383.97469800000005	3.479782146238236	3.30745281726323	3.4039084578713372	0.41203471008103115	2.950155135605954e-07	0.0	1.0
ses-20260317_grp-10_run01	T1	P4	C:\Users\amodica\Downloads\affectai_et_all\bids_release_no_video\sub-01\ses-20260317_grp-10_run01\et\sub-01_ses-20260317_grp-10_run01_task-T1_run-01_acq-P4_tobii.tsv.gz	49.77353043656482	383.99467500000003	2.934004408817635	3.0293675808198866	2.9810110612109115	0.3097273795216955	-0.00023314413904023038	0.0	1.0
ses-20260317_grp-10_run01	T2	P1	C:\Users\amodica\Downloads\affectai_et_all\bids_release_no_video\sub-01\ses-20260317_grp-10_run01\et\sub-01_ses-20260317_grp-10_run01_task-T2_run-01_acq-P1_tobii.tsv.gz	49.77848573850229	279.96657600000003	3.3492788386288934	3.269168034520687	3.316610948081264	0.2784949714923147	0.00039786022241116597	0.0	1.0
ses-20260317_grp-10_run01	T2	P2	C:\Users\amodica\Downloads\affectai_et_all\bids_release_no_video\sub-01\ses-20260317_grp-10_run01\et\sub-01_ses-20260317_grp-10_run01_task-T2_run-01_acq-P2_tobii.tsv.gz	49.790878311100585	279.98655900000006	2.7387939402853356	2.7286007186331305	2.738441692128619	0.33680607215830644	-0.00029839647009294166	0.0	1.0
ses-20260317_grp-10_run01	T2	P3	C:\Users\amodica\Downloads\affectai_et_all\bids_release_no_video\sub-01\ses-20260317_grp-10_run01\et\sub-01_ses-20260317_grp-10_run01_task-T2_run-01_acq-P3_tobii.tsv.gz	49.800796812731136	279.98655799999995	3.323938423274043	3.207752943892866	3.278089018059516	0.39543351445478475	-2.2633576096825062e-05	0.0	1.0
ses-20260317_grp-10_run01	T2	P4	C:\Users\amodica\Downloads\affectai_et_all\bids_release_no_video\sub-01\ses-20260317_grp-10_run01\et\sub-01_ses-20260317_grp-10_run01_task-T2_run-01_acq-P4_tobii.tsv.gz	49.77353043656482	279.966464	2.9696481496219658	3.0562887352255363	3.014240148727384	0.23415393213914734	0.00013934597885144657	0.0	1.0
ses-20260317_grp-10_run01	T3	P1	C:\Users\amodica\Downloads\affectai_et_all\bids_release_no_video\sub-01\ses-20260317_grp-10_run01\et\sub-01_ses-20260317_grp-10_run01_task-T3_run-01_acq-P1_tobii.tsv.gz	49.77848573864314	197.7778780000001	3.2032835706462213	3.101409694240341	3.1607207269259296	0.31390656211165924	-0.0006891022709131986	0.0	1.0
ses-20260317_grp-10_run01	T3	P2	C:\Users\amodica\Downloads\affectai_et_all\bids_release_no_video\sub-01\ses-20260317_grp-10_run01\et\sub-01_ses-20260317_grp-10_run01_task-T3_run-01_acq-P2_tobii.tsv.gz	49.790878311100585	197.97823700000004	2.6919092133899887	2.6524785168353646	2.675465187923598	0.3337698349171582	-0.00032614299995474067	0.0	1.0
ses-20260317_grp-10_run01	T3	P3	C:\Users\amodica\Downloads\affectai_et_all\bids_release_no_video\sub-01\ses-20260317_grp-10_run01\et\sub-01_ses-20260317_grp-10_run01_task-T3_run-01_acq-P3_tobii.tsv.gz	49.800796812731136	197.97823299999993	3.1394728575946034	3.010657788624788	3.0801258451137064	0.3282908997966483	-0.00018155798454862245	0.0	1.0
ses-20260317_grp-10_run01	T3	P4	C:\Users\amodica\Downloads\affectai_et_all\bids_release_no_video\sub-01\ses-20260317_grp-10_run01\et\sub-01_ses-20260317_grp-10_run01_task-T3_run-01_acq-P4_tobii.tsv.gz	49.77353043684647	197.7577879999999	2.81474262221221	2.9515230274109423	2.8839594492440606	0.3163966643195994	0.000238820830554275	0.0	1.0
ses-20260317_grp-10_run01	T4	P1	C:\Users\amodica\Downloads\affectai_et_all\bids_release_no_video\sub-01\ses-20260317_grp-10_run01\et\sub-01_ses-20260317_grp-10_run01_task-T4_run-01_acq-P1_tobii.tsv.gz	49.77848573822059	859.7955609999999	3.2284298966058	3.1409958667995546	3.192415743521159	0.26605610756463544	7.610192847646812e-05	0.0	1.0
ses-20260317_grp-10_run01	T4	P2	C:\Users\amodica\Downloads\affectai_et_all\bids_release_no_video\sub-01\ses-20260317_grp-10_run01\et\sub-01_ses-20260317_grp-10_run01_task-T4_run-01_acq-P2_tobii.tsv.gz	49.790878311100585	899.8480740000002	2.98998375218632	2.9137425740303238	2.955651563598431	0.345888749034608	0.0001395500493466372	0.0	1.0
ses-20260317_grp-10_run01	T4	P3	C:\Users\amodica\Downloads\affectai_et_all\bids_release_no_video\sub-01\ses-20260317_grp-10_run01\et\sub-01_ses-20260317_grp-10_run01_task-T4_run-01_acq-P3_tobii.tsv.gz	49.800796812731136	899.968288	3.5747895060269435	3.421856170275518	3.5100396141449703	0.39811212919121636	7.799301537084732e-05	0.0	1.0
ses-20260317_grp-10_run01	T4	P4	C:\Users\amodica\Downloads\affectai_et_all\bids_release_no_video\sub-01\ses-20260317_grp-10_run01\et\sub-01_ses-20260317_grp-10_run01_task-T4_run-01_acq-P4_tobii.tsv.gz	49.77600796420598	899.8881539999998	2.982055056234959	3.2060661803282784	3.089154972486597	0.2794994677933494	0.00010416892846315084	0.0	1.0
ses-20260318_grp-11_run01	T0	P1	C:\Users\amodica\Downloads\affectai_et_all\bids_release_no_video\sub-01\ses-20260318_grp-11_run01\et\sub-01_ses-20260318_grp-11_run01_task-T0_run-01_acq-P1_tobii.tsv.gz	49.78592054169051	899.9681999999999	2.964126666666667	3.1956595588235293	3.078108021188044	0.4541715848182062	-3.0287889694805343e-05	0.0	1.0
ses-20260318_grp-11_run01	T0	P2	C:\Users\amodica\Downloads\affectai_et_all\bids_release_no_video\sub-01\ses-20260318_grp-11_run01\et\sub-01_ses-20260318_grp-11_run01_task-T0_run-01_acq-P2_tobii.tsv.gz	49.77848573850229	899.988279	2.8463478498905035	2.793768044985215	2.8179330704026375	0.29693007979384883	-7.157350368079636e-05	0.0	1.0
ses-20260318_grp-11_run01	T0	P3	C:\Users\amodica\Downloads\affectai_et_all\bids_release_no_video\sub-01\ses-20260318_grp-11_run01\et\sub-01_ses-20260318_grp-11_run01_task-T0_run-01_acq-P3_tobii.tsv.gz	49.800796812731136	899.988289	2.815783940952807	2.849003850992273	2.830378191118903	0.3281223158964202	-6.68500765696877e-05	0.0	1.0
ses-20260318_grp-11_run01	T0	P4	C:\Users\amodica\Downloads\affectai_et_all\bids_release_no_video\sub-01\ses-20260318_grp-11_run01\et\sub-01_ses-20260318_grp-11_run01_task-T0_run-01_acq-P4_tobii.tsv.gz	49.77353043656482	899.9882759999999	3.0923699314161954	3.2099945096803	3.14566214450809	0.3878350276930144	-0.000161588842590525	0.0	1.0
ses-20260318_grp-11_run01	T1	P1	C:\Users\amodica\Downloads\affectai_et_all\bids_release_no_video\sub-01\ses-20260318_grp-11_run01\et\sub-01_ses-20260318_grp-11_run01_task-T1_run-01_acq-P1_tobii.tsv.gz	49.91016170891246	524.129443	2.8215354055829422	3.0809098776444026	2.944256206260628	0.4141601175230204	7.047736022805754e-05	0.6628058103975535	0.33719418960244646
ses-20260318_grp-11_run01	T1	P2	C:\Users\amodica\Downloads\affectai_et_all\bids_release_no_video\sub-01\ses-20260318_grp-11_run01\et\sub-01_ses-20260318_grp-11_run01_task-T1_run-01_acq-P2_tobii.tsv.gz	49.91016170891246	524.3702880000001	2.6962962343730896	2.6903340466669414	2.6953457121947877	0.23265499772850404	-2.0975829195581015e-05	0.0513907993275256	0.9486092006724745
ses-20260318_grp-11_run01	T1	P3	C:\Users\amodica\Downloads\affectai_et_all\bids_release_no_video\sub-01\ses-20260318_grp-11_run01\et\sub-01_ses-20260318_grp-11_run01_task-T1_run-01_acq-P3_tobii.tsv.gz	49.907670809139745	524.191671	2.7775385525544998	2.752667386859056	2.769448403119426	0.2855869333005403	-4.32143744703439e-05	0.06994610709780988	0.9300538929021901
ses-20260318_grp-11_run01	T1	P4	C:\Users\amodica\Downloads\affectai_et_all\bids_release_no_video\sub-01\ses-20260318_grp-11_run01\et\sub-01_ses-20260318_grp-11_run01_task-T1_run-01_acq-P4_tobii.tsv.gz	49.99000199938667	559.658806	2.933766960595782	3.080871867631725	3.0162045766108725	0.41151028951004237	-0.00010875645654430022	0.16975881261595546	0.8302411873840445
ses-20260318_grp-11_run01	T2	P1	C:\Users\amodica\Downloads\affectai_et_all\bids_release_no_video\sub-01\ses-20260318_grp-11_run01\et\sub-01_ses-20260318_grp-11_run01_task-T2_run-01_acq-P1_tobii.tsv.gz	49.90518015798462	856.7118859999999	3.055116641603667	3.4167041091781467	3.2493369423776413	0.4841561026686832	-0.00010037972621243504	0.6922753104609556	0.3077246895390444
ses-20260318_grp-11_run01	T2	P2	C:\Users\amodica\Downloads\affectai_et_all\bids_release_no_video\sub-01\ses-20260318_grp-11_run01\et\sub-01_ses-20260318_grp-11_run01_task-T2_run-01_acq-P2_tobii.tsv.gz	49.90767080899816	856.7326869999999	2.8806304292955347	2.8620750172129186	2.8701231443321946	0.24240586191363075	-7.152936974527151e-05	0.05481758652946679	0.9451824134705332
ses-20260318_grp-11_run01	T2	P3	C:\Users\amodica\Downloads\affectai_et_all\bids_release_no_video\sub-01\ses-20260318_grp-11_run01\et\sub-01_ses-20260318_grp-11_run01_task-T2_run-01_acq-P3_tobii.tsv.gz	49.91016170862927	856.7353439999999	2.880133633280581	2.8837266562247907	2.886122798135232	0.3355362959424337	-6.001803679909165e-05	0.06148269410664172	0.9385173058933582
ses-20260318_grp-11_run01	T2	P4	C:\Users\amodica\Downloads\affectai_et_all\bids_release_no_video\sub-01\ses-20260318_grp-11_run01\et\sub-01_ses-20260318_grp-11_run01_task-T2_run-01_acq-P4_tobii.tsv.gz	49.91016170919566	856.7148899999999	3.1248553740847127	3.252746967048774	3.1798340637651763	0.33927485101041416	-6.024435919162535e-05	0.11391753782829346	0.8860824621717065
ses-20260318_grp-11_run01	T3	P1	C:\Users\amodica\Downloads\affectai_et_all\bids_release_no_video\sub-01\ses-20260318_grp-11_run01\et\sub-01_ses-20260318_grp-11_run01_task-T3_run-01_acq-P1_tobii.tsv.gz	49.90642545269967	607.2214309999999	2.955059579518881	3.2258531154426358	3.1097476923398983	0.4340828124445932	3.705072639736123e-05	0.7604183851915399	0.2395816148084601
ses-20260318_grp-11_run01	T3	P2	C:\Users\amodica\Downloads\affectai_et_all\bids_release_no_video\sub-01\ses-20260318_grp-11_run01\et\sub-01_ses-20260318_grp-11_run01_task-T3_run-01_acq-P2_tobii.tsv.gz	49.90268975498518	607.1994999999997	2.7847281658594447	2.75672243883478	2.770104240539787	0.2538407997960155	-0.00011368444447298567	0.06160496271365406	0.938395037286346
ses-20260318_grp-11_run01	T3	P3	C:\Users\amodica\Downloads\affectai_et_all\bids_release_no_video\sub-01\ses-20260318_grp-11_run01\et\sub-01_ses-20260318_grp-11_run01_task-T3_run-01_acq-P3_tobii.tsv.gz	49.915144254459584	607.201233	2.819369021762162	2.7988445787984064	2.8097854643662195	0.3012414317669535	-4.816150637472269e-05	0.058173299016696364	0.9418267009833037
ses-20260318_grp-11_run01	T3	P4	C:\Users\amodica\Downloads\affectai_et_all\bids_release_no_video\sub-01\ses-20260318_grp-11_run01\et\sub-01_ses-20260318_grp-11_run01_task-T3_run-01_acq-P4_tobii.tsv.gz	49.91763590073339	607.220462	3.029715823444738	3.154664025491871	3.091628908641391	0.400880257217969	-7.050061788448978e-05	0.15276998713168574	0.8472300128683142
ses-20260318_grp-11_run01	T4	P1	C:\Users\amodica\Downloads\affectai_et_all\bids_release_no_video\sub-01\ses-20260318_grp-11_run01\et\sub-01_ses-20260318_grp-11_run01_task-T4_run-01_acq-P1_tobii.tsv.gz	49.9076708095645	470.93431199999986	2.995052050767918	3.2569960597312795	3.1313722382511053	0.39668089964777464	-4.201850294271844e-05	0.8171878323760902	0.1828121676239098
ses-20260318_grp-11_run01	T4	P2	C:\Users\amodica\Downloads\affectai_et_all\bids_release_no_video\sub-01\ses-20260318_grp-11_run01\et\sub-01_ses-20260318_grp-11_run01_task-T4_run-01_acq-P2_tobii.tsv.gz	49.90019960109517	470.933497	2.805029251101926	2.775037075449757	2.788943412905307	0.27386123381764155	-0.00027318478841630814	0.049308657732397364	0.9506913422676027
ses-20260318_grp-11_run01	T4	P3	C:\Users\amodica\Downloads\affectai_et_all\bids_release_no_video\sub-01\ses-20260318_grp-11_run01\et\sub-01_ses-20260318_grp-11_run01_task-T4_run-01_acq-P3_tobii.tsv.gz	49.90767080899816	470.93279600000005	2.8001124389463623	2.797512680451882	2.806473504350097	0.3392368454467185	-3.645292501422259e-05	0.055052116570942354	0.9449478834290577
ses-20260318_grp-11_run01	T4	P4	C:\Users\amodica\Downloads\affectai_et_all\bids_release_no_video\sub-01\ses-20260318_grp-11_run01\et\sub-01_ses-20260318_grp-11_run01_task-T4_run-01_acq-P4_tobii.tsv.gz	49.90019959996283	470.935962	2.9631028823990015	3.083792167154557	3.012263228158689	0.3828794703891625	-0.00022460750491885522	0.10670070197830249	0.8932992980216975
ses-20260318_grp-12_run01	T0	P1	C:\Users\amodica\Downloads\affectai_et_all\bids_release_no_video\sub-01\ses-20260318_grp-12_run01\et\sub-01_ses-20260318_grp-12_run01_task-T0_run-01_acq-P1_tobii.tsv.gz	49.91016170919566	670.8162549999997	2.5168014498933906	2.3409443730729707	2.4434211393410084	0.3859251688224791	-5.079507127806837e-05	0.24763298587258445	0.7523670141274156
ses-20260318_grp-12_run01	T0	P2	C:\Users\amodica\Downloads\affectai_et_all\bids_release_no_video\sub-01\ses-20260318_grp-12_run01\et\sub-01_ses-20260318_grp-12_run01_task-T0_run-01_acq-P2_tobii.tsv.gz	49.91016170919566	670.8557680000013	3.514275131146842	3.4842483534465125	3.4849896726635765	0.38710921111543584	4.45673197592556e-05	0.18158468476540335	0.8184153152345967
ses-20260318_grp-12_run01	T0	P3	C:\Users\amodica\Downloads\affectai_et_all\bids_release_no_video\sub-01\ses-20260318_grp-12_run01\et\sub-01_ses-20260318_grp-12_run01_task-T0_run-01_acq-P3_tobii.tsv.gz	49.91016170919566	670.6170189999993	3.123595837645165	3.379463888312945	3.266224962857915	0.3233025611621252	-2.8823434723265867e-05	0.11517433001702966	0.8848256699829703
ses-20260318_grp-12_run01	T0	P4	C:\Users\amodica\Downloads\affectai_et_all\bids_release_no_video\sub-01\ses-20260318_grp-12_run01\et\sub-01_ses-20260318_grp-12_run01_task-T0_run-01_acq-P4_tobii.tsv.gz	49.907670808431824	670.8310200000014	2.247537919659118	2.458116762708045	2.3605100593771717	0.18946535483406482	-0.00010020335493875673	0.054329321107493805	0.9456706788925062
ses-20260318_grp-12_run01	T1	P1	C:\Users\amodica\Downloads\affectai_et_all\bids_release_no_video\sub-01\ses-20260318_grp-12_run01\et\sub-01_ses-20260318_grp-12_run01_task-T1_run-01_acq-P1_tobii.tsv.gz	49.91016170919566	779.3931149999989	2.24742672877105	2.0845336448344245	2.170505588534146	0.22946782895814838	-3.398183712021982e-05	0.038611825192802054	0.961388174807198
ses-20260318_grp-12_run01	T1	P2	C:\Users\amodica\Downloads\affectai_et_all\bids_release_no_video\sub-01\ses-20260318_grp-12_run01\et\sub-01_ses-20260318_grp-12_run01_task-T1_run-01_acq-P2_tobii.tsv.gz	49.91016170919566	779.3924659999993	3.344487437774524	3.2969518893247987	3.317478514460875	0.35108674936283746	5.994192409257417e-05	0.09426735218508997	0.90573264781491
ses-20260318_grp-12_run01	T1	P3	C:\Users\amodica\Downloads\affectai_et_all\bids_release_no_video\sub-01\ses-20260318_grp-12_run01\et\sub-01_ses-20260318_grp-12_run01_task-T1_run-01_acq-P3_tobii.tsv.gz	49.91016170919566	779.3944260000007	2.950659505117062	3.152743010922906	3.0585760811611378	0.2773644057219296	2.8729281665308023e-05	0.13213367609254498	0.867866323907455
ses-20260318_grp-12_run01	T1	P4	C:\Users\amodica\Downloads\affectai_et_all\bids_release_no_video\sub-01\ses-20260318_grp-12_run01\et\sub-01_ses-20260318_grp-12_run01_task-T1_run-01_acq-P4_tobii.tsv.gz	49.907670808431824	779.3701959999999	2.138066625430768	2.3253618628590402	2.238684915407112	0.15076154780741102	-7.511156782192222e-06	0.05941179495089722	0.9405882050491028
ses-20260318_grp-12_run01	T2	P1	C:\Users\amodica\Downloads\affectai_et_all\bids_release_no_video\sub-01\ses-20260318_grp-12_run01\et\sub-01_ses-20260318_grp-12_run01_task-T2_run-01_acq-P1_tobii.tsv.gz	49.91016170919566	876.0884320000005	2.389349131740436	2.2505445979899497	2.3319399994963232	0.34332509156410596	2.6991989612170808e-05	0.09189040845263688	0.9081095915473631
ses-20260318_grp-12_run01	T2	P2	C:\Users\amodica\Downloads\affectai_et_all\bids_release_no_video\sub-01\ses-20260318_grp-12_run01\et\sub-01_ses-20260318_grp-12_run01_task-T2_run-01_acq-P2_tobii.tsv.gz	49.91016170919566	876.0075570000008	3.646187822671156	3.572114679996809	3.6034574893154288	0.44358015838882686	-8.471913092768946e-06	0.09558117195004803	0.904418828049952
ses-20260318_grp-12_run01	T2	P3	C:\Users\amodica\Downloads\affectai_et_all\bids_release_no_video\sub-01\ses-20260318_grp-12_run01\et\sub-01_ses-20260318_grp-12_run01_task-T2_run-01_acq-P3_tobii.tsv.gz	49.91016170919566	876.2501969999994	3.076229595794191	3.3026952580195257	3.1916959636783537	0.30165194643623294	3.004402857195434e-05	0.128732793707413	0.871267206292587
ses-20260318_grp-12_run01	T2	P4	C:\Users\amodica\Downloads\affectai_et_all\bids_release_no_video\sub-01\ses-20260318_grp-12_run01\et\sub-01_ses-20260318_grp-12_run01_task-T2_run-01_acq-P4_tobii.tsv.gz	49.907670808431824	875.927384999999	2.1824295346553053	2.393376919153277	2.291203711019481	0.14687895138732046	-1.605697430248054e-07	0.07356405974792415	0.9264359402520759
ses-20260318_grp-12_run01	T3	P1	C:\Users\amodica\Downloads\affectai_et_all\bids_release_no_video\sub-01\ses-20260318_grp-12_run01\et\sub-01_ses-20260318_grp-12_run01_task-T3_run-01_acq-P1_tobii.tsv.gz	49.91016170919566	652.8988339999996	2.3730922872158673	2.2039619842652494	2.30031736550985	0.3486614398110662	0.0001001785710432499	0.1682469544938476	0.8317530455061524
ses-20260318_grp-12_run01	T3	P2	C:\Users\amodica\Downloads\affectai_et_all\bids_release_no_video\sub-01\ses-20260318_grp-12_run01\et\sub-01_ses-20260318_grp-12_run01_task-T3_run-01_acq-P2_tobii.tsv.gz	49.90518015628577	652.7809589999997	3.2075034807595095	3.1884981864534687	3.1925348579707222	0.4092781618919617	-1.5977156108745566e-05	0.11991651576071943	0.8800834842392805
ses-20260318_grp-12_run01	T3	P3	C:\Users\amodica\Downloads\affectai_et_all\bids_release_no_video\sub-01\ses-20260318_grp-12_run01\et\sub-01_ses-20260318_grp-12_run01_task-T3_run-01_acq-P3_tobii.tsv.gz	49.907670808431824	653.5448300000007	2.9170164336549136	3.189094031260698	3.056766579617066	0.3291890067746067	0.00027363798226532807	0.11615929366320243	0.8838407063367976
ses-20260318_grp-12_run01	T3	P4	C:\Users\amodica\Downloads\affectai_et_all\bids_release_no_video\sub-01\ses-20260318_grp-12_run01\et\sub-01_ses-20260318_grp-12_run01_task-T3_run-01_acq-P4_tobii.tsv.gz	49.9051801585509	653.6679700000004	2.152383104681002	2.356939282993905	2.2596641674796385	0.15275520834436404	5.803496875749978e-05	0.06366283524904215	0.9363371647509579
ses-20260318_grp-12_run01	T4	P1	C:\Users\amodica\Downloads\affectai_et_all\bids_release_no_video\sub-01\ses-20260318_grp-12_run01\et\sub-01_ses-20260318_grp-12_run01_task-T4_run-01_acq-P1_tobii.tsv.gz	49.908916229999654	388.5848760000008	2.4078438488073184	2.2290237303607636	2.329679244915962	0.3973962890070302	0.00018981105090691062	0.0674400618716164	0.9325599381283836
ses-20260318_grp-12_run01	T4	P2	C:\Users\amodica\Downloads\affectai_et_all\bids_release_no_video\sub-01\ses-20260318_grp-12_run01\et\sub-01_ses-20260318_grp-12_run01_task-T4_run-01_acq-P2_tobii.tsv.gz	49.9176358990337	388.5849580000013	3.4044018731381844	3.3922372939965113	3.3897984448980494	0.37863144018525147	5.032598749605012e-05	0.08816705336426914	0.9118329466357309
ses-20260318_grp-12_run01	T4	P3	C:\Users\amodica\Downloads\affectai_et_all\bids_release_no_video\sub-01\ses-20260318_grp-12_run01\et\sub-01_ses-20260318_grp-12_run01_task-T4_run-01_acq-P3_tobii.tsv.gz	49.908916227734196	388.58558900000025	3.0058713181659416	3.2286506254048364	3.1141168082587725	0.31413402785558986	0.000408332869583077	0.10219128641402424	0.8978087135859758
ses-20260318_grp-12_run01	T4	P4	C:\Users\amodica\Downloads\affectai_et_all\bids_release_no_video\sub-01\ses-20260318_grp-12_run01\et\sub-01_ses-20260318_grp-12_run01_task-T4_run-01_acq-P4_tobii.tsv.gz	49.908916227734196	388.5859819999987	2.206117808908026	2.4001388809058692	2.3055551110652233	0.13988077831822746	3.679478502437652e-05	0.059293632379479246	0.9407063676205207
ses-20260318_grp-13_run01	T0	P1	C:\Users\amodica\Downloads\affectai_et_all\bids_release_no_video\sub-01\ses-20260318_grp-13_run01\et\sub-01_ses-20260318_grp-13_run01_task-T0_run-01_acq-P1_tobii.tsv.gz	49.91016170466452	830.1248430000014	3.171677095982431	3.5391673049123784	3.3613727824406006	0.3192997741278422	-8.263070326224573e-05	0.013636802471519598	0.9863631975284805
ses-20260318_grp-13_run01	T0	P2	C:\Users\amodica\Downloads\affectai_et_all\bids_release_no_video\sub-01\ses-20260318_grp-13_run01\et\sub-01_ses-20260318_grp-13_run01_task-T0_run-01_acq-P2_tobii.tsv.gz	49.91016170466452	830.6653870000009	2.939806042201978	3.2596359313449637	3.0874781213386986	0.3224339469967471	-7.049455132733675e-05	0.05299211268964519	0.9470078873103548
ses-20260318_grp-13_run01	T0	P3	C:\Users\amodica\Downloads\affectai_et_all\bids_release_no_video\sub-01\ses-20260318_grp-13_run01\et\sub-01_ses-20260318_grp-13_run01_task-T0_run-01_acq-P3_tobii.tsv.gz	49.91016170466452	830.3516100000015	2.8303595310596834	2.801376802116465	2.8124540666802074	0.3399982627439975	-2.7383679471721237e-06	0.1684241005718698	0.8315758994281301
ses-20260318_grp-13_run01	T0	P4	C:\Users\amodica\Downloads\affectai_et_all\bids_release_no_video\sub-01\ses-20260318_grp-13_run01\et\sub-01_ses-20260318_grp-13_run01_task-T0_run-01_acq-P4_tobii.tsv.gz	49.91016170466452	1160.233733000001	2.591947822623473	2.6814344631188183	2.6377188467777613	0.23339936885814894	-2.8796311155787493e-05	0.1152909454640341	0.8847090545359659
ses-20260318_grp-13_run01	T1	P1	C:\Users\amodica\Downloads\affectai_et_all\bids_release_no_video\sub-01\ses-20260318_grp-13_run01\et\sub-01_ses-20260318_grp-13_run01_task-T1_run-01_acq-P1_tobii.tsv.gz	49.91016170466452	803.1759900000034	3.0078099641777394	3.3877143004115227	3.1969281422070246	0.34385962080266996	-1.1786184399540583e-05	0.007832963304812033	0.992167036695188
ses-20260318_grp-13_run01	T1	P2	C:\Users\amodica\Downloads\affectai_et_all\bids_release_no_video\sub-01\ses-20260318_grp-13_run01\et\sub-01_ses-20260318_grp-13_run01_task-T1_run-01_acq-P2_tobii.tsv.gz	49.91016170466452	803.1555310000003	2.693774612693653	3.0447569484488524	2.8565151237636717	0.26233487911446635	-5.798283067415814e-06	0.04659981040762361	0.9534001895923764
ses-20260318_grp-13_run01	T1	P3	C:\Users\amodica\Downloads\affectai_et_all\bids_release_no_video\sub-01\ses-20260318_grp-13_run01\et\sub-01_ses-20260318_grp-13_run01_task-T1_run-01_acq-P3_tobii.tsv.gz	49.91016170466452	803.1821500000005	2.8184591382270874	2.720543515222358	2.7692786622950822	0.28866367832941775	-4.786025185670772e-05	0.04894354778357073	0.9510564522164293
ses-20260318_grp-13_run01	T1	P4	C:\Users\amodica\Downloads\affectai_et_all\bids_release_no_video\sub-01\ses-20260318_grp-13_run01\et\sub-01_ses-20260318_grp-13_run01_task-T1_run-01_acq-P4_tobii.tsv.gz	49.91016170466452	803.1773620000022	2.4734261278300043	2.569238443402474	2.522605854616896	0.22247937568726447	-3.713732856500566e-05	0.047696260633122954	0.9523037393668771
ses-20260318_grp-13_run01	T2	P1	C:\Users\amodica\Downloads\affectai_et_all\bids_release_no_video\sub-01\ses-20260318_grp-13_run01\et\sub-01_ses-20260318_grp-13_run01_task-T2_run-01_acq-P1_tobii.tsv.gz	49.91016170466452	917.8638949999986	3.1346496953215492	3.5313597389073728	3.3326482710617245	0.3260531633551672	8.360034297022751e-05	0.12189212197943726	0.8781078780205628
ses-20260318_grp-13_run01	T2	P2	C:\Users\amodica\Downloads\affectai_et_all\bids_release_no_video\sub-01\ses-20260318_grp-13_run01\et\sub-01_ses-20260318_grp-13_run01_task-T2_run-01_acq-P2_tobii.tsv.gz	49.91016170466452	917.8834489999972	2.79380814479638	3.209800243573112	2.9781524534725894	0.2898154728204728	6.423771810412288e-05	0.05114380511656334	0.9488561948834366
ses-20260318_grp-13_run01	T2	P3	C:\Users\amodica\Downloads\affectai_et_all\bids_release_no_video\sub-01\ses-20260318_grp-13_run01\et\sub-01_ses-20260318_grp-13_run01_task-T2_run-01_acq-P3_tobii.tsv.gz	49.91016170466452	917.8709350000026	2.949000701716507	2.8339840255591056	2.8900634949872375	0.3184163315041823	-3.636461350305553e-05	0.170439414114514	0.829560585885486
ses-20260318_grp-13_run01	T2	P4	C:\Users\amodica\Downloads\affectai_et_all\bids_release_no_video\sub-01\ses-20260318_grp-13_run01\et\sub-01_ses-20260318_grp-13_run01_task-T2_run-01_acq-P4_tobii.tsv.gz	49.91016170466452	917.8654629999983	2.59461356173798	2.6675315467952085	2.6338871337907777	0.25103069854722454	8.673452732306991e-05	0.0678876252428456	0.9321123747571544
ses-20260318_grp-13_run01	T3	P1	C:\Users\amodica\Downloads\affectai_et_all\bids_release_no_video\sub-01\ses-20260318_grp-13_run01\et\sub-01_ses-20260318_grp-13_run01_task-T3_run-01_acq-P1_tobii.tsv.gz	49.91016170466452	841.9262369999997	3.0403341459252577	3.257784069469305	3.1521053269055503	0.31714776142371803	5.237186178484021e-05	0.007781823374027272	0.9922181766259728
ses-20260318_grp-13_run01	T3	P2	C:\Users\amodica\Downloads\affectai_et_all\bids_release_no_video\sub-01\ses-20260318_grp-13_run01\et\sub-01_ses-20260318_grp-13_run01_task-T3_run-01_acq-P2_tobii.tsv.gz	49.91016171372681	841.904681	2.737124462781502	3.1827982369440364	2.9429707595214314	0.2530625582174964	7.78299373174483e-05	0.04246482652418395	0.9575351734758161
ses-20260318_grp-13_run01	T3	P3	C:\Users\amodica\Downloads\affectai_et_all\bids_release_no_video\sub-01\ses-20260318_grp-13_run01\et\sub-01_ses-20260318_grp-13_run01_task-T3_run-01_acq-P3_tobii.tsv.gz	49.91016171372681	841.9169709999987	2.895434382272589	2.8169802520691305	2.8557210862541007	0.3372367381824471	6.726848573653448e-05	0.05171445946578098	0.948285540534219
ses-20260318_grp-13_run01	T3	P4	C:\Users\amodica\Downloads\affectai_et_all\bids_release_no_video\sub-01\ses-20260318_grp-13_run01\et\sub-01_ses-20260318_grp-13_run01_task-T3_run-01_acq-P4_tobii.tsv.gz	49.91016170466452	841.9260130000002	2.61818722108934	2.673644942783847	2.6468120733123706	0.2344953316963023	3.378389951327142e-05	0.045918918918918916	0.954081081081081
ses-20260318_grp-13_run01	T4	P1	C:\Users\amodica\Downloads\affectai_et_all\bids_release_no_video\sub-01\ses-20260318_grp-13_run01\et\sub-01_ses-20260318_grp-13_run01_task-T4_run-01_acq-P1_tobii.tsv.gz	49.91016170466452	295.175091000001	3.1046986884330963	3.289146702464546	3.201751692770672	0.33912787882720435	-0.00027657761492440265	0.00760198194529288	0.9923980180547071
ses-20260318_grp-13_run01	T4	P2	C:\Users\amodica\Downloads\affectai_et_all\bids_release_no_video\sub-01\ses-20260318_grp-13_run01\et\sub-01_ses-20260318_grp-13_run01_task-T4_run-01_acq-P2_tobii.tsv.gz	49.91016170466452	295.195418000003	2.704066330488751	3.159929812664237	2.915701357466063	0.2536488495281135	-0.00020197944716581536	0.03600473162797575	0.9639952683720242
ses-20260318_grp-13_run01	T4	P3	C:\Users\amodica\Downloads\affectai_et_all\bids_release_no_video\sub-01\ses-20260318_grp-13_run01\et\sub-01_ses-20260318_grp-13_run01_task-T4_run-01_acq-P3_tobii.tsv.gz	49.830576037413806	295.1803629999995	2.799892319091134	2.7145989287453336	2.7565813202583116	0.34110922910850333	-0.0004045206602538077	0.070751222403319	0.929248777596681
ses-20260318_grp-13_run01	T4	P4	C:\Users\amodica\Downloads\affectai_et_all\bids_release_no_video\sub-01\ses-20260318_grp-13_run01\et\sub-01_ses-20260318_grp-13_run01_task-T4_run-01_acq-P4_tobii.tsv.gz	49.91016170466452	295.1776720000016	2.6205672282015287	2.691676428517654	2.6579205856255546	0.24371834488465519	-0.00022152765781087707	0.0351027397260274	0.9648972602739726
ses-20260319_grp-14_run01	T0	P1	C:\Users\amodica\Downloads\affectai_et_all\bids_release_no_video\sub-01\ses-20260319_grp-14_run01\et\sub-01_ses-20260319_grp-14_run01_task-T0_run-01_acq-P1_tobii.tsv.gz	49.91016170466452	471.6953579999972	3.663020547263681	3.7234851208927466	3.674273043805581	0.4460670331652257	-0.0003598352338434104	0.09726882725226182	0.9027311727477382
ses-20260319_grp-14_run01	T0	P2	C:\Users\amodica\Downloads\affectai_et_all\bids_release_no_video\sub-01\ses-20260319_grp-14_run01\et\sub-01_ses-20260319_grp-14_run01_task-T0_run-01_acq-P2_tobii.tsv.gz	49.91016170466452	471.67489099998784	4.085543030597377	3.8880982412682688	3.992988651978205	0.37935831899107614	-0.0001374235046296824	0.1035171183416872	0.8964828816583128
ses-20260319_grp-14_run01	T0	P3	C:\Users\amodica\Downloads\affectai_et_all\bids_release_no_video\sub-01\ses-20260319_grp-14_run01\et\sub-01_ses-20260319_grp-14_run01_task-T0_run-01_acq-P3_tobii.tsv.gz	49.91016170466452	471.45570900000166	3.1391030180491173	2.987523474880383	3.0671085440874917	0.2515608300069825	-0.00011733563483106326	0.06740045046959331	0.9325995495304067
ses-20260319_grp-14_run01	T0	P4	C:\Users\amodica\Downloads\affectai_et_all\bids_release_no_video\sub-01\ses-20260319_grp-14_run01\et\sub-01_ses-20260319_grp-14_run01_task-T0_run-01_acq-P4_tobii.tsv.gz	49.91016170466452	471.616154000003	3.351030832476876	3.167076629631396	3.2445089650687478	0.3103724337013775	-5.3748851793044e-05	0.0854326861803815	0.9145673138196185
ses-20260319_grp-14_run01	T1	P1	C:\Users\amodica\Downloads\affectai_et_all\bids_release_no_video\sub-01\ses-20260319_grp-14_run01\et\sub-01_ses-20260319_grp-14_run01_task-T1_run-01_acq-P1_tobii.tsv.gz	49.91016170466452	857.1142650000111	3.325154415031228	3.267822402571737	3.2916733149418436	0.30425178804378794	-3.441971114187864e-05	0.059445054816615626	0.9405549451833843
ses-20260319_grp-14_run01	T1	P2	C:\Users\amodica\Downloads\affectai_et_all\bids_release_no_video\sub-01\ses-20260319_grp-14_run01\et\sub-01_ses-20260319_grp-14_run01_task-T1_run-01_acq-P2_tobii.tsv.gz	49.91016170466452	857.1134829999937	3.6997609773193814	3.4950457905173966	3.599312849919842	0.4069848808945294	-8.852658587453962e-05	0.05222188456953178	0.9477781154304682
ses-20260319_grp-14_run01	T1	P3	C:\Users\amodica\Downloads\affectai_et_all\bids_release_no_video\sub-01\ses-20260319_grp-14_run01\et\sub-01_ses-20260319_grp-14_run01_task-T1_run-01_acq-P3_tobii.tsv.gz	49.91016170466452	857.0956599999918	2.8520013984927357	2.6981754069169614	2.77793002603343	0.21608162823446536	-5.379099158269737e-05	0.03920239375379868	0.9607976062462014
ses-20260319_grp-14_run01	T1	P4	C:\Users\amodica\Downloads\affectai_et_all\bids_release_no_video\sub-01\ses-20260319_grp-14_run01\et\sub-01_ses-20260319_grp-14_run01_task-T1_run-01_acq-P4_tobii.tsv.gz	49.91016170466452	857.0959399999992	3.2735838370885997	2.972996972340535	3.0957576373710163	0.3559327446109304	-2.382573552300599e-06	0.08022815465893683	0.9197718453410632
ses-20260319_grp-14_run01	T2	P1	C:\Users\amodica\Downloads\affectai_et_all\bids_release_no_video\sub-01\ses-20260319_grp-14_run01\et\sub-01_ses-20260319_grp-14_run01_task-T2_run-01_acq-P1_tobii.tsv.gz	49.91016170466452	945.6948940000002	3.4033522400919014	3.326451692218687	3.354425648827229	0.3097529557841505	-2.0297310452289716e-05	0.06692796610169492	0.9330720338983051
ses-20260319_grp-14_run01	T2	P2	C:\Users\amodica\Downloads\affectai_et_all\bids_release_no_video\sub-01\ses-20260319_grp-14_run01\et\sub-01_ses-20260319_grp-14_run01_task-T2_run-01_acq-P2_tobii.tsv.gz	49.91016170466452	945.6940319999994	3.9500785499189246	3.7236909659371404	3.8351005269466496	0.40397171333396176	-4.501968689406754e-05	0.06319915254237288	0.9368008474576272
ses-20260319_grp-14_run01	T2	P3	C:\Users\amodica\Downloads\affectai_et_all\bids_release_no_video\sub-01\ses-20260319_grp-14_run01\et\sub-01_ses-20260319_grp-14_run01_task-T2_run-01_acq-P3_tobii.tsv.gz	49.91016170466452	945.7165099999984	3.016845264076822	2.839268558590517	2.9262724226053036	0.2512335669118056	-7.363983078390572e-06	0.05491409080316095	0.9450859091968391
ses-20260319_grp-14_run01	T2	P4	C:\Users\amodica\Downloads\affectai_et_all\bids_release_no_video\sub-01\ses-20260319_grp-14_run01\et\sub-01_ses-20260319_grp-14_run01_task-T2_run-01_acq-P4_tobii.tsv.gz	49.91016170466452	945.6967830000067	3.2898058075778813	3.100171259568546	3.1840913378975566	0.2909286768468584	-5.809620530562464e-06	0.07472457627118644	0.9252754237288136
ses-20260319_grp-14_run01	T3	P1	C:\Users\amodica\Downloads\affectai_et_all\bids_release_no_video\sub-01\ses-20260319_grp-14_run01\et\sub-01_ses-20260319_grp-14_run01_task-T3_run-01_acq-P1_tobii.tsv.gz	49.91016170466452	812.6937140000082	3.326212837837838	3.2433130535121877	3.27788724214952	0.31141188144360443	1.119174712608254e-05	0.06180661703071841	0.9381933829692816
ses-20260319_grp-14_run01	T3	P2	C:\Users\amodica\Downloads\affectai_et_all\bids_release_no_video\sub-01\ses-20260319_grp-14_run01\et\sub-01_ses-20260319_grp-14_run01_task-T3_run-01_acq-P2_tobii.tsv.gz	49.91016170466452	812.6929729999974	3.7744758708852673	3.5788008340601833	3.676066171664619	0.3538574169333178	-1.781484688330116e-05	0.05702381539371826	0.9429761846062817
ses-20260319_grp-14_run01	T3	P3	C:\Users\amodica\Downloads\affectai_et_all\bids_release_no_video\sub-01\ses-20260319_grp-14_run01\et\sub-01_ses-20260319_grp-14_run01_task-T3_run-01_acq-P3_tobii.tsv.gz	49.91016170466452	812.6950710000092	2.899912884715701	2.7224952208392414	2.8137969735342536	0.23958405017836484	1.5664132137135314e-05	0.02655194517035649	0.9734480548296435
ses-20260319_grp-14_run01	T3	P4	C:\Users\amodica\Downloads\affectai_et_all\bids_release_no_video\sub-01\ses-20260319_grp-14_run01\et\sub-01_ses-20260319_grp-14_run01_task-T3_run-01_acq-P4_tobii.tsv.gz	49.91016170466452	812.7153729999991	3.2875012497365015	3.019665382231683	3.132947796934866	0.32570825171811474	7.714070904230935e-05	0.07344131351231417	0.9265586864876858
ses-20260319_grp-14_run01	T4	P1	C:\Users\amodica\Downloads\affectai_et_all\bids_release_no_video\sub-01\ses-20260319_grp-14_run01\et\sub-01_ses-20260319_grp-14_run01_task-T4_run-01_acq-P1_tobii.tsv.gz	49.91016170466452	487.8246059999947	3.3116634887327803	3.247313564937524	3.273125863576738	0.303157472630488	-0.00010042801228994353	0.060703137834729755	0.9392968621652702
ses-20260319_grp-14_run01	T4	P2	C:\Users\amodica\Downloads\affectai_et_all\bids_release_no_video\sub-01\ses-20260319_grp-14_run01\et\sub-01_ses-20260319_grp-14_run01_task-T4_run-01_acq-P2_tobii.tsv.gz	49.91016170466452	487.82416200000443	3.8419570130733436	3.6839232294107047	3.762233516840782	0.359010834508512	5.677638278344199e-05	0.05252998192870051	0.9474700180712995
ses-20260319_grp-14_run01	T4	P3	C:\Users\amodica\Downloads\affectai_et_all\bids_release_no_video\sub-01\ses-20260319_grp-14_run01\et\sub-01_ses-20260319_grp-14_run01_task-T4_run-01_acq-P3_tobii.tsv.gz	49.91016170466452	488.06585699999414	2.976565965859774	2.7899141079215113	2.885455721952908	0.23156151434304093	1.7871894825854038e-05	0.05155993431855501	0.948440065681445
ses-20260319_grp-14_run01	T4	P4	C:\Users\amodica\Downloads\affectai_et_all\bids_release_no_video\sub-01\ses-20260319_grp-14_run01\et\sub-01_ses-20260319_grp-14_run01_task-T4_run-01_acq-P4_tobii.tsv.gz	49.91016170466452	487.84561699999904	3.2686927627686844	3.0172053514449813	3.1228324550042426	0.3514299410238616	0.00013429653043871975	0.08041398004024806	0.919586019959752
ses-20260319_grp-15_run01	T0	P1	C:\Users\amodica\Downloads\affectai_et_all\bids_release_no_video\sub-01\ses-20260319_grp-15_run01\et\sub-01_ses-20260319_grp-15_run01_task-T0_run-01_acq-P1_tobii.tsv.gz	49.90767082202391	918.1005299999961	3.3093556540914806	3.257681860185741	3.2793321192205163	0.2604459384592814	-9.499298503410142e-05	0.050325171315088825	0.9496748286849112
ses-20260319_grp-15_run01	T0	P2	C:\Users\amodica\Downloads\affectai_et_all\bids_release_no_video\sub-01\ses-20260319_grp-15_run01\et\sub-01_ses-20260319_grp-15_run01_task-T0_run-01_acq-P2_tobii.tsv.gz	49.91016170466452	918.043410000013	2.7784243373698025	2.798147657612058	2.784926977535398	0.3258743178241374	-5.4805186012483385e-05	0.12758620689655173	0.8724137931034482
ses-20260319_grp-15_run01	T0	P3	C:\Users\amodica\Downloads\affectai_et_all\bids_release_no_video\sub-01\ses-20260319_grp-15_run01\et\sub-01_ses-20260319_grp-15_run01_task-T0_run-01_acq-P3_tobii.tsv.gz	49.91016170466452	918.1665800000046	3.1718071996797916	3.020935464268352	3.0914280917607835	0.2615827118852163	-0.00012290365497707174	0.07063675642648279	0.9293632435735172
ses-20260319_grp-15_run01	T0	P4	C:\Users\amodica\Downloads\affectai_et_all\bids_release_no_video\sub-01\ses-20260319_grp-15_run01\et\sub-01_ses-20260319_grp-15_run01_task-T0_run-01_acq-P4_tobii.tsv.gz	49.90767082202391	915.0945180000126	3.363841519379845	3.2289622574678267	3.3009824444866194	0.3165695759769179	5.979264960862706e-05	0.19241969740097656	0.8075803025990235
ses-20260319_grp-15_run01	T1	P1	C:\Users\amodica\Downloads\affectai_et_all\bids_release_no_video\sub-01\ses-20260319_grp-15_run01\et\sub-01_ses-20260319_grp-15_run01_task-T1_run-01_acq-P1_tobii.tsv.gz	49.90767082202391	900.9691719999973	3.1282771873243913	3.019562135739801	3.0671084129265576	0.2535116996759933	4.2236222865694487e-05	0.040718749305045925	0.9592812506949541
ses-20260319_grp-15_run01	T1	P2	C:\Users\amodica\Downloads\affectai_et_all\bids_release_no_video\sub-01\ses-20260319_grp-15_run01\et\sub-01_ses-20260319_grp-15_run01_task-T1_run-01_acq-P2_tobii.tsv.gz	49.91016170466452	900.9724790000037	2.6075779081066073	2.672571700688911	2.6409039478678977	0.27636325938362566	6.233019083853328e-05	0.1212640099626401	0.8787359900373599
ses-20260319_grp-15_run01	T1	P3	C:\Users\amodica\Downloads\affectai_et_all\bids_release_no_video\sub-01\ses-20260319_grp-15_run01\et\sub-01_ses-20260319_grp-15_run01_task-T1_run-01_acq-P3_tobii.tsv.gz	49.91016170466452	900.9553400000004	2.9754943498179256	2.8567373463569656	2.9132965617033006	0.1959721670230636	1.1699117389722086e-07	0.0317566215224498	0.9682433784775502
ses-20260319_grp-15_run01	T1	P4	C:\Users\amodica\Downloads\affectai_et_all\bids_release_no_video\sub-01\ses-20260319_grp-15_run01\et\sub-01_ses-20260319_grp-15_run01_task-T1_run-01_acq-P4_tobii.tsv.gz	49.90767082202391	900.9683590000059	3.2477775653103116	3.049547791774169	3.1644046523716702	0.334181750826168	2.37972261281084e-05	0.144353511542054	0.855646488457946
ses-20260319_grp-15_run01	T2	P1	C:\Users\amodica\Downloads\affectai_et_all\bids_release_no_video\sub-01\ses-20260319_grp-15_run01\et\sub-01_ses-20260319_grp-15_run01_task-T2_run-01_acq-P1_tobii.tsv.gz	49.90767082202391	1035.415267999997	3.1878660851935545	3.117576451112261	3.1487926475728356	0.22233996150312996	9.297389148141202e-06	0.058826944288561646	0.9411730557114384
ses-20260319_grp-15_run01	T2	P2	C:\Users\amodica\Downloads\affectai_et_all\bids_release_no_video\sub-01\ses-20260319_grp-15_run01\et\sub-01_ses-20260319_grp-15_run01_task-T2_run-01_acq-P2_tobii.tsv.gz	49.91016170466452	1035.4160779999947	2.7155644909431604	2.713045411120311	2.7075383667005997	0.30650346251789967	-1.7396990785217496e-07	0.14460698943457564	0.8553930105654244
ses-20260319_grp-15_run01	T2	P3	C:\Users\amodica\Downloads\affectai_et_all\bids_release_no_video\sub-01\ses-20260319_grp-15_run01\et\sub-01_ses-20260319_grp-15_run01_task-T2_run-01_acq-P3_tobii.tsv.gz	49.91016170466452	1035.4194080000016	3.0649985983392445	2.913609787723518	2.98491994174598	0.2349961990791568	-1.4227522889423949e-05	0.05661983822903363	0.9433801617709664
ses-20260319_grp-15_run01	T2	P4	C:\Users\amodica\Downloads\affectai_et_all\bids_release_no_video\sub-01\ses-20260319_grp-15_run01\et\sub-01_ses-20260319_grp-15_run01_task-T2_run-01_acq-P4_tobii.tsv.gz	49.90767082202391	1035.4173239999946	3.5016488777937402	3.2395394026922446	3.3987685704499726	0.3473451186179724	9.638580451452467e-06	0.09602136388265346	0.9039786361173465
ses-20260319_grp-15_run01	T3	P1	C:\Users\amodica\Downloads\affectai_et_all\bids_release_no_video\sub-01\ses-20260319_grp-15_run01\et\sub-01_ses-20260319_grp-15_run01_task-T3_run-01_acq-P1_tobii.tsv.gz	49.90767082202391	877.8668849999958	3.120168218901162	3.072319522438771	3.0933708058805593	0.195542209707181	4.0516319727453934e-05	0.026589674533254212	0.9734103254667458
ses-20260319_grp-15_run01	T3	P2	C:\Users\amodica\Downloads\affectai_et_all\bids_release_no_video\sub-01\ses-20260319_grp-15_run01\et\sub-01_ses-20260319_grp-15_run01_task-T3_run-01_acq-P2_tobii.tsv.gz	49.91016170466452	877.8706209999946	2.601268221185876	2.622780160081127	2.615497988162608	0.26626863468261486	6.293123763323014e-07	0.12080337783863973	0.8791966221613603
ses-20260319_grp-15_run01	T3	P3	C:\Users\amodica\Downloads\affectai_et_all\bids_release_no_video\sub-01\ses-20260319_grp-15_run01\et\sub-01_ses-20260319_grp-15_run01_task-T3_run-01_acq-P3_tobii.tsv.gz	49.91016170466452	877.8534070000023	2.970556935869349	2.8225581108424223	2.8906827192389417	0.24293368650970507	1.690005206908681e-05	0.05473136440407176	0.9452686355959282
ses-20260319_grp-15_run01	T3	P4	C:\Users\amodica\Downloads\affectai_et_all\bids_release_no_video\sub-01\ses-20260319_grp-15_run01\et\sub-01_ses-20260319_grp-15_run01_task-T3_run-01_acq-P4_tobii.tsv.gz	49.90767082202391	877.8655790000048	3.342567001370514	3.080001082351486	3.2404589275029916	0.34352881167757854	6.358615034911963e-05	0.08447264510533403	0.915527354894666
ses-20260319_grp-15_run01	T4	P1	C:\Users\amodica\Downloads\affectai_et_all\bids_release_no_video\sub-01\ses-20260319_grp-15_run01\et\sub-01_ses-20260319_grp-15_run01_task-T4_run-01_acq-P1_tobii.tsv.gz	49.90767082202391	418.02517100000114	3.1951455389375965	3.1946363129906308	3.19243568454322	0.212578534662526	-7.493405553482989e-05	0.04462231595092025	0.9553776840490797
ses-20260319_grp-15_run01	T4	P2	C:\Users\amodica\Downloads\affectai_et_all\bids_release_no_video\sub-01\ses-20260319_grp-15_run01\et\sub-01_ses-20260319_grp-15_run01_task-T4_run-01_acq-P2_tobii.tsv.gz	49.91016170466452	418.0174090000073	2.64366529820109	2.6924210230917254	2.661533109972408	0.3269775694639621	-0.0001515946985006884	0.14882093558282208	0.8511790644171779
ses-20260319_grp-15_run01	T4	P3	C:\Users\amodica\Downloads\affectai_et_all\bids_release_no_video\sub-01\ses-20260319_grp-15_run01\et\sub-01_ses-20260319_grp-15_run01_task-T4_run-01_acq-P3_tobii.tsv.gz	49.91016170466452	418.0387899999914	3.0112948844970537	2.870707954426675	2.933181260146104	0.2633361395157831	-0.00011948491377999902	0.055260004792715076	0.9447399952072849
ses-20260319_grp-15_run01	T4	P4	C:\Users\amodica\Downloads\affectai_et_all\bids_release_no_video\sub-01\ses-20260319_grp-15_run01\et\sub-01_ses-20260319_grp-15_run01_task-T4_run-01_acq-P4_tobii.tsv.gz	49.90767082202391	418.034090000001	3.418958420455224	3.1278775868652158	3.318659553831232	0.3424806078935245	-9.043365632827746e-05	0.11052530674846625	0.8894746932515337
ses-20260320_grp-16_run01	T0	P1	C:\Users\amodica\Downloads\affectai_et_all\bids_release_no_video\sub-01\ses-20260320_grp-16_run01\et\sub-01_ses-20260320_grp-16_run01_task-T0_run-01_acq-P1_tobii.tsv.gz	49.78839930297585	381.991064	3.2130063227696817	3.0782445224954005	3.119934428024083	0.33275496119605735	0.00012107068962314072	0.0	1.0
ses-20260320_grp-16_run01	T0	P2	C:\Users\amodica\Downloads\affectai_et_all\bids_release_no_video\sub-01\ses-20260320_grp-16_run01\et\sub-01_ses-20260320_grp-16_run01_task-T0_run-01_acq-P2_tobii.tsv.gz	49.778485738467076	381.710653	3.0475523474767763	2.8224222265072627	2.9355653979667737	0.1755242589116193	-4.701231266790397e-06	0.0	1.0
ses-20260320_grp-16_run01	T0	P3	C:\Users\amodica\Downloads\affectai_et_all\bids_release_no_video\sub-01\ses-20260320_grp-16_run01\et\sub-01_ses-20260320_grp-16_run01_task-T0_run-01_acq-P3_tobii.tsv.gz	49.79831681695047	381.971089	2.7837819226198337	2.7678495508982035	2.7815464387974225	0.19233776845318304	2.6552564503985e-05	0.0	1.0
ses-20260320_grp-16_run01	T0	P4	C:\Users\amodica\Downloads\affectai_et_all\bids_release_no_video\sub-01\ses-20260320_grp-16_run01\et\sub-01_ses-20260320_grp-16_run01_task-T0_run-01_acq-P4_tobii.tsv.gz	49.776007964135566	381.971071	2.769057586289549	2.9336647467389465	2.852481582877054	0.2416326773746446	-0.00011505519570740052	0.0	1.0
ses-20260320_grp-16_run01	T1	P1	C:\Users\amodica\Downloads\affectai_et_all\bids_release_no_video\sub-01\ses-20260320_grp-16_run01\et\sub-01_ses-20260320_grp-16_run01_task-T1_run-01_acq-P1_tobii.tsv.gz	49.78839930297585	307.97714999999994	3.0073262533321867	3.003908591950128	3.00812395805324	0.29774971160079916	0.00032397077555869076	0.0	1.0
ses-20260320_grp-16_run01	T1	P2	C:\Users\amodica\Downloads\affectai_et_all\bids_release_no_video\sub-01\ses-20260320_grp-16_run01\et\sub-01_ses-20260320_grp-16_run01_task-T1_run-01_acq-P2_tobii.tsv.gz	49.77600796420598	307.35607600000003	3.060187416014544	2.8530191650099406	2.955106219426974	0.1819038464992173	7.108855969266065e-05	0.0	1.0
ses-20260320_grp-16_run01	T1	P3	C:\Users\amodica\Downloads\affectai_et_all\bids_release_no_video\sub-01\ses-20260320_grp-16_run01\et\sub-01_ses-20260320_grp-16_run01_task-T1_run-01_acq-P3_tobii.tsv.gz	49.800796812731136	307.997242	2.8650570136549036	2.9020557647480723	2.873058330112099	0.19188770618534648	0.00010539014548488897	0.0	1.0
ses-20260320_grp-16_run01	T1	P4	C:\Users\amodica\Downloads\affectai_et_all\bids_release_no_video\sub-01\ses-20260320_grp-16_run01\et\sub-01_ses-20260320_grp-16_run01_task-T1_run-01_acq-P4_tobii.tsv.gz	49.77353043656482	307.97714399999995	2.881630195012788	2.985641153846154	2.9327104005880194	0.24893878837691794	-0.00011866899574790218	0.0	1.0
ses-20260320_grp-16_run01	T2	P1	C:\Users\amodica\Downloads\affectai_et_all\bids_release_no_video\sub-01\ses-20260320_grp-16_run01\et\sub-01_ses-20260320_grp-16_run01_task-T2_run-01_acq-P1_tobii.tsv.gz	49.78839930297585	401.98723600000005	2.9068665074626865	2.9389764730162007	2.931866341212744	0.3547535238878793	-0.0002823982542238607	0.0	1.0
ses-20260320_grp-16_run01	T2	P2	C:\Users\amodica\Downloads\affectai_et_all\bids_release_no_video\sub-01\ses-20260320_grp-16_run01\et\sub-01_ses-20260320_grp-16_run01_task-T2_run-01_acq-P2_tobii.tsv.gz	49.77848573850229	401.90708399999994	2.979113324663041	2.7350967626114535	2.8645350294774192	0.2540972881831973	-0.0002515350791662596	0.0	1.0
ses-20260320_grp-16_run01	T2	P3	C:\Users\amodica\Downloads\affectai_et_all\bids_release_no_video\sub-01\ses-20260320_grp-16_run01\et\sub-01_ses-20260320_grp-16_run01_task-T2_run-01_acq-P3_tobii.tsv.gz	49.79831681716192	401.9672549999999	2.613216556842173	2.5555714532274765	2.6202445110942865	0.23702677361048932	-0.00013714455869033704	0.0	1.0
ses-20260320_grp-16_run01	T2	P4	C:\Users\amodica\Downloads\affectai_et_all\bids_release_no_video\sub-01\ses-20260320_grp-16_run01\et\sub-01_ses-20260320_grp-16_run01_task-T2_run-01_acq-P4_tobii.tsv.gz	49.77600796378347	401.98722599999996	2.746315141690682	2.8298281211825067	2.788848808101496	0.2413826425630316	7.206740037957967e-05	0.0	1.0
ses-20260320_grp-16_run01	T3	P1	C:\Users\amodica\Downloads\affectai_et_all\bids_release_no_video\sub-01\ses-20260320_grp-16_run01\et\sub-01_ses-20260320_grp-16_run01_task-T3_run-01_acq-P1_tobii.tsv.gz	49.78839930325766	181.96922199999995	2.9726958794970746	3.0060974857142857	2.9966442383806395	0.300750752685258	0.0008234576695766949	0.0	1.0
ses-20260320_grp-16_run01	T3	P2	C:\Users\amodica\Downloads\affectai_et_all\bids_release_no_video\sub-01\ses-20260320_grp-16_run01\et\sub-01_ses-20260320_grp-16_run01_task-T3_run-01_acq-P2_tobii.tsv.gz	49.778485738784	181.9892030000001	3.0608376001050286	2.820937568306011	2.9540559395801336	0.22128111849930063	0.0005521427605763489	0.0	1.0
ses-20260320_grp-16_run01	T3	P3	C:\Users\amodica\Downloads\affectai_et_all\bids_release_no_video\sub-01\ses-20260320_grp-16_run01\et\sub-01_ses-20260320_grp-16_run01_task-T3_run-01_acq-P3_tobii.tsv.gz	49.800796812731136	181.98920999999996	2.7926976778583055	2.7717260377358492	2.8019703584273845	0.212721749075025	2.1382121635449597e-06	0.0	1.0
ses-20260320_grp-16_run01	T3	P4	C:\Users\amodica\Downloads\affectai_et_all\bids_release_no_video\sub-01\ses-20260320_grp-16_run01\et\sub-01_ses-20260320_grp-16_run01_task-T3_run-01_acq-P4_tobii.tsv.gz	49.77600796420598	181.92914999999994	2.8211497819953837	2.9301051983247106	2.8789010624169986	0.2331505137013316	-0.00026487116861778767	0.0	1.0
ses-20260320_grp-16_run01	T4	P1	C:\Users\amodica\Downloads\affectai_et_all\bids_release_no_video\sub-01\ses-20260320_grp-16_run01\et\sub-01_ses-20260320_grp-16_run01_task-T4_run-01_acq-P1_tobii.tsv.gz	49.78839930325766	899.9882790000001	2.8128003083474047	2.8783529357798163	2.851805644241733	0.3217511382723378	1.4351311988006988e-05	0.0	1.0
ses-20260320_grp-16_run01	T4	P2	C:\Users\amodica\Downloads\affectai_et_all\bids_release_no_video\sub-01\ses-20260320_grp-16_run01\et\sub-01_ses-20260320_grp-16_run01_task-T4_run-01_acq-P2_tobii.tsv.gz	49.778485738784	899.6676990000001	3.03703035999382	2.800597796986154	2.9169310740301966	0.21706532672827195	8.822266444402757e-05	0.0	1.0
ses-20260320_grp-16_run01	T4	P3	C:\Users\amodica\Downloads\affectai_et_all\bids_release_no_video\sub-01\ses-20260320_grp-16_run01\et\sub-01_ses-20260320_grp-16_run01_task-T4_run-01_acq-P3_tobii.tsv.gz	49.800796812731136	899.9682010000001	2.7529271020336092	2.717827185577336	2.7510081820382477	0.24803331041444937	5.6855900755384395e-05	0.0	1.0
ses-20260320_grp-16_run01	T4	P4	C:\Users\amodica\Downloads\affectai_et_all\bids_release_no_video\sub-01\ses-20260320_grp-16_run01\et\sub-01_ses-20260320_grp-16_run01_task-T4_run-01_acq-P4_tobii.tsv.gz	49.77600796364263	899.9882809999999	2.751233777442149	2.857993789665786	2.8081340262167553	0.2597522945097227	-9.985796027837056e-06	0.0	1.0
