#	group_id	task_id	onset_b	speaker_a	context_a_prev	text_a	speaker_b	text_b	gap_s	is_completion	is_repetition
0	grp-07	T1	178.2	P2		yeah	P3	when I talk, but do you have a favourite candidate?	-14.81		
1	grp-07	T1	183.0	P2		yeah	P3	If yes, why?	-10.0		
2	grp-07	T1	184.0	P2		yeah	P3	Which candidate would you hire for this AI adoption and transformation specialist role?	-9.0		
3	grp-07	T1	263.0	P4		I mean, I would agree to that.	P3	mmh	-14.43		
4	grp-07	T1	264.0	P3	If yes, why? | Which candidate would you hire for this AI adoption and transformation specialist role?	mmh	P4	I think A also has facilitated the rollout of trainings.	0.0		
5	grp-07	T2	126.0	P3	Shall we get started? | I think before we can decide format, we should maybe start with the topics.	Topic selection.	P4	That's correct.	0.28		
7	grp-07	T2	127.0	P3	I think before we can decide format, we should maybe start with the topics. | Topic selection.	Do you have any opinions on that?	P4	I have one topic which is people and culture.	-0.44		
8	grp-07	T2	282.0	P1	Yeah, but we need to choose one of them, right? | So, if it's one of the…	One of the four.	P3	One of the four.	0.0		
9	grp-07	T2	283.0	P3	I'm fine with those two. | One of three or four?	One of the four.	P4	mmh	0.0		
10	grp-07	T2	284.0	P4	So we agree on the topics? | Then we go for people and culture?	mmh	P1	And then in that case, if we agree, it would be people and culture, which will zoom on one between three and four.	0.0		
11	grp-07	T2	294.5	P1	One of the four. | And then in that case, if we agree, it would be people and culture, which will zoom on one between three and four.	So we could actually choose one of them which actually makes the most sense, and I think...	P4	Yeah, I agree, which is one of them.	-5.04		
12	grp-07	T2	375.0	P3	mmh | mmh	mmh	P4	about environmental topics.	0.0		
13	grp-07	T2	389.0	P3	mmh | mmh	All good.	P1	All good?	0.39		
14	grp-07	T2	391.3	P1	So we vote for three, or do we have some other points anyone would like to bring up? | All good?	What do you say?	P2	Honestly, I don't understand.	-0.69		
15	grp-07	T2	417.8	P2	So what are we talking about here? | What our workshop should be on or what?	Ah, okay, yes.	P1	Yeah so first one, we were talking about what makes sense to have as a workshop out of those four.	0.04		
16	grp-07	T2	430.4	P2	What our workshop should be on or what? | Ah, okay, yes.	Yes.	P1	Olena and me, and I think even you agree with it, that going with sustainability would be a better topic to start with, so we can engage everyone.	0.4		
17	grp-07	T2	604.0	P3	I think that should be the first one to go, and those workshops they can always come later. | You need a more specific topic, I think, for those, as opposed to—you can start broadly in the independent format.	mmh	P2	and in sustainability I think it is very, as you said, it is something new in our society and I think it is almost necessary in some departments, for example like mine, where you need to read it and understand better what you are working with and how you could protect your colleagues from what you are working with.	0.0		
18	grp-07	T2	622.5	P2	Yes. | That depends on which department you are working in. I think with the continue, continue, because there are some departments that are really using these online trainings and the quizzes,	and in sustainability I think it is very, as you said, it is something new in our society and I think it is almost necessary in some departments, for example like mine, where you need to read it and understand better what you are working with and how you could protect your colleagues from what you are working with.	P3	mmh	-7.08		
19	grp-07	T2	654.7	P3	And then you could, for example, give a prize. | And I think the participation rate was much higher than it would have been otherwise because they were promised a prize.	yeah	P4	So it's very new and it's a lot of learning there.	-4.37		
20	grp-07	T2	715.6	P4	Yeah. Yeah, I see what you mean. | But I think I would still schedule a session and say this is mandatory, right?	Same with online learning.	P3	Mmh	-2.46		
21	grp-07	T2	810.2	P1	quite used on daily basis within certain or most of the teams. | It is mostly like, yes, we have a sustainability team, but then we also have all the other teams which indirectly contribute to sustainability, but not directly seen like that.	So I think something like an interactive workshop, again in my opinion, would actually create some good output in terms of the knowledge and stuff. So, uuh, if...	P3	So we give it a vote. I think we are out of time. So with the online training	-0.9		
22	grp-07	T2	850.0	P1	So I think something like an interactive workshop, again in my opinion, would actually create some good output in terms of the knowledge and stuff. So, uuh, if... | yeah	yeah	P2	Of course each of us needs to sustain its cards.	0.26		
23	grp-07	T2	892.0	P1	yeah | yeah	Now, I just did it	P4	Just one of us.	-0.63		
24	grp-07	T2	899.7	P2	Of course each of us needs to sustain its cards. | But you can find out both from online training first time and also from an interactive workshop.	You did it?	P1	Okay.	-0.12		
25	grp-07	T3	347.3	P1		yeah	P3	How many are we now? 7,000?	-0.77		
26	grp-07	T3	350.5	P1	yeah	Yeah	P4	Yeah, seven and something, yeah.	-1.98		
27	grp-07	T3	351.0	P4	So we're talking about the whole GN, bringing…	Up to 8,000.	P3	Yeah, of course.	0.35		
29	grp-07	T3	377.6	P1	I think we can expect at least 5,000, right? | Yep.	Yeah.	P3	Yeah.	-3.42		
30	grp-07	T3	383.4	P3	mmh | Yeah.	Yeah	P1	That is what I was also thinking with my third point, the charity concert, where we go for a concert which also includes snacks and like some quick bites.	0.39		
31	grp-07	T3	409.9	P3	Yeah | mh	mh	P1	and I think it would be socially responsible to have that as well.	-0.31		
32	grp-07	T3	422.0	P3	mh | mh	mh	P2	Yeah.	-5.0		
34	grp-07	T3	422.3	P3	mh | mh	mh	P1	but then it would be limited groups, and then the treasure hunt is like it would be interesting for certain age groups, the treasure hunt, but then the others will be bored, so I think something engaging for everyone would be like a charity concert.	-4.73		
37	grp-07	T3	424.0	P2	Yeah.	Yeah.	P3	Yeah.	0.0		
38	grp-07	T3	443.9	P3	Yeah. | Yeah.	mmh	P4	If we just rent it for GN. I think Novo has actually done it in the past.	-3.07		
39	grp-07	T3	449.7	P3	mmh | Oh, wow.	I didn't know that.	P4	Yeah, like two or three years ago.	-0.65		
40	grp-07	T3	459.0	P3	I didn't know that. | mmh	mmh	P4	People with different interests can find exactly what they want because it's so diverse.	-0.97		
41	grp-07	T3	503.4	P4	We can also have the charity concert on the Tivoli stage. | mmh, yeah	Mmh, that's fun also.	P2	and traditional, and I think it's also cheaper from the budget point of view. We only need to pay for the food.	-0.15		
42	grp-07	T3	549.0	P2	But I think it's very interesting to see a lot of us. | Yeah, a little bit from its own culture and country, and maybe make also some spots with different countries' habits.	What is called games?	P4	Yeah, and actually food can also be traditional food; you can have different stands.	0.19		
43	grp-07	T3	584.0	P1	but then it would be limited groups, and then the treasure hunt is like it would be interesting for certain age groups, the treasure hunt, but then the others will be bored, so I think something engaging for everyone would be like a charity concert. | No, but it's a nice idea.	Can we do that?	P3	Can we combine things?	-1.34		
44	grp-07	T3	586.0	P3	That's true, we can combine everything at Tivoli. | That's also a good idea	Can we combine things?	P4	Okay.	0.0		
45	grp-07	T3	629.3	P1	No, but it's a nice idea. | Can we do that?	Yeah.	P2	I mean, we've been doing this for almost three years.	-10.64		
46	grp-07	T3	630.8	P1	No, but it's a nice idea. | Can we do that?	Yeah.	P2	mmh	-9.14		
47	grp-07	T3	632.2	P2	A little bit also from Eastern Europe, because we always eat from the other side, which is such a big difference between the tastes and everything. | I mean, we've been doing this for almost three years.	mmh	P1	Yeah, that is the thing. So it's now a bit boring.	-2.33		
48	grp-07	T3	637.1	P1	No, but it's a nice idea. | Can we do that?	Yeah.	P3	Got it. Not so original.	-2.85		
49	grp-07	T3	638.0	P1	No, but it's a nice idea. | Can we do that?	Yeah.	P3	So maybe Tivoli then.	-1.97		
50	grp-07	T3	640.3	P1	No, but it's a nice idea. | Can we do that?	Yeah.	P4	Depends also on the budget I would say, because Tivoli will be quite costly.	0.31		
52	grp-07	T3	660.0	P3	Got it. Not so original. | So maybe Tivoli then.	mmh	P4	I think once they're here, I guess they would see it anyway, right? At least I would expect…	-5.0		
53	grp-07	T3	676.5	P4	Maybe with the HQ and the people who are coming from abroad seeing the office. | I think once they're here, I guess they would see it anyway, right? At least I would expect…	I would expect they would come to the office a couple of days. So they arrive earlier, see the office, and then we go, I don't know, Friday to Tivoli, something like that.	P3	To round it off.	-0.55		
54	grp-08	T1	17.3	P3		At this one?	P4	The circle? The target?	-0.88		
55	grp-08	T1	92.6	P3	At this one?	Yes.	P1	Mhm.	-0.32		
56	grp-08	T1	446.7	P3	So that's not... | Yes, if it was needed because A may have more managerial skills.	I don't know if that's important for this specific role or...	P1	But I think the role will sort of lead the team, right?	0.26		
57	grp-08	T1	475.9	P1	I am a transformation specialist. | Yeah, it's a senior one	I agree.	P2	So maybe that could be expected.	-0.38		
58	grp-08	T1	511.6	P3	I don't know if that's important for this specific role or... | Yes.	The best, yeah.	P4	Yeah.	-0.55		
59	grp-08	T1	512.4	P3	I don't know if that's important for this specific role or... | Yes.	The best, yeah.	P1	So C it is?	0.25		
61	grp-08	T1	516.6	P4	Yeah. | Yes.	I think so.	P1	We got a candidate.	0.25		
62	grp-08	T1	517.9	P1	I agree. | So C it is?	We got a candidate.	P3	Yes.	0.28		
63	grp-08	T1	562.0	P3	The best, yeah. | Yes.	P1, P2, P3, P4.	P4	Yeah, yeah, ok.	-2.08		
64	grp-08	T1	576.9	P2	Um, that is from from the prompt giving given the this candidate C seems best fit | Just one?	Yes.	P1	Yeah, what about...	0.22		
65	grp-08	T1	578.8	P1	We got a candidate. | Yeah, what about...	Okay.	P2	Just put seven or...	-0.82		
66	grp-08	T1	579.7	P1	We got a candidate. | Yeah, what about...	Okay.	P3	Seven.	0.09		
68	grp-08	T1	580.3	P2	Just one? | Yes.	Just put seven or...	P4	Yeah.	0.48		
70	grp-08	T1	722.6	P4	Do I have to write about myself? | Yeah.	Stuck something here.	P3	Ah, there.	0.23		
71	grp-08	T1	757.9	P2	Just put seven or... | It's not pleasant... rest of the nose.	No,	P3	No,	-0.39		
72	grp-08	T1	757.9	P2	Just put seven or... | It's not pleasant... rest of the nose.	No,	P1	No,	-0.36		
74	grp-08	T1	801.3	P3	No, | Can we put it back on?	Oh, something fell.	P2	Something...	0.17		
75	grp-08	T1	821.4	P1	Okay. | No,	Yeah,	P4	Yeah,	-0.16		
76	grp-08	T1	821.4	P1	Okay. | No,	Yeah,	P3	Yeah,	-0.16		
78	grp-08	T2	349.4	P2	You know, it could help us, you know, be more, | productive um help us with the work which could in in terms of as you wanted to help reduce some some stress potentially um so i'm not really into some of that um yeah	The what?	P3	How to manage a stress?	0.45		
79	grp-08	T2	363.9	P4	Yeah. | Yes.	Yes.	P1	Yeah, I agree.	0.23		
80	grp-08	T2	365.8	P4	Yes. | Yes.	Yeah.	P1	I fully agree.	0.17		
81	grp-08	T2	426.1	P2	There is a sort of split here between two halves of the table. | So now we've at least we're in two parts of the topic they're in let's say we don't agree with any of the others like um not the environment sustainability i don't know uh but also the the work better across teams topic we feel about those two i think we mentioned number one and number four now so two and three any feelings i for one could make do with with number two well working across teams again	Yeah.	P4	So I think it's not productive when GN is investing so much money on their employees and then they just feel the stress and they want to leave.	0.06		
82	grp-08	T2	530.8	P2	So now we've at least we're in two parts of the topic they're in let's say we don't agree with any of the others like um not the environment sustainability i don't know uh but also the the work better across teams topic we feel about those two i think we mentioned number one and number four now so two and three any feelings i for one could make do with with number two well working across teams again | Yeah.	No.	P4	So for the fourth one, I think it's targeted towards more people who are mainly stressed.	0.12		
83	grp-08	T2	557.1	P1	So I think it's a very strong item. | So both a topic and a format, right?	In 10 seconds.	P2	Yeah.	0.16		
84	grp-08	T2	557.5	P2	Yeah, we still split, right? | There's no...	Yeah.	P3	Okay.	0.15		
85	grp-08	T2	557.6	P2	Yeah, we still split, right? | There's no...	Yeah.	P1	Okay.	0.22		
87	grp-08	T2	562.2	P1	In 10 seconds. | Okay.	I don't know if we can manage that.	P2	Seven.	-1.01		
88	grp-08	T2	562.5	P1	In 10 seconds. | Okay.	I don't know if we can manage that.	P3	I don't know...	-0.7		
90	grp-08	T2	568.8	P2	Yeah. | Seven.	Yeah.	P3	Okay.	0.03		
91	grp-08	T2	693.6	P2	Well, that that could work for me | I mean.	Yeah, so getting the AI as a topic the three of us could agree, and then I would compromise on the interactive...	P1	Yeah?	-7.12		
92	grp-08	T2	706.6	P1	Could that work for you too? | Yeah?	Yeah, please do.	P3	Yes.	-0.06		
93	grp-08	T2	708.9	P1	Yeah? | Yeah, please do.	Log it.	P2	AI, productive, and there was interactive informal workshop.	0.37		
94	grp-08	T2	713.2	P1	Yeah, please do. | Log it.	Yes, please.	P4	Yeah, yeah.	-0.18		
95	grp-08	T2	720.4	P1	Log it. | Yes, please.	Okay, good.	P3	Ah, okay.	-1.91		
96	grp-08	T2	722.6	P1	Log it. | Yes, please.	Okay, good.	P2	Could you go back an cheat it?	0.32		
97	grp-08	T2	775.9	P2	No. | I have to scroll up.	So next to you is oh because the other one is front of...	P1	Yeah. Next must be... Right?	-2.19		
98	grp-08	T2	907.8	P4	Yes. | Hard to do that again.	yeah	P3	All in the... Like on your seat.	-0.18		
99	grp-08	T3	77.8	P3		We will get some information of how the idea should be, or like in the tablet? This is our own...	P2	Or is this...	-2.38		
100	grp-08	T3	83.9	P1		Great.	P4	So it's just like... Do we need to write?	-0.44		
101	grp-08	T3	87.0	P1	Great. | And no budget.	Okay.	P2	Infinite.	-0.53		
102	grp-08	T3	89.1	P1	And no budget. | Okay.	Great.	P3	We are talking.	-0.32		
103	grp-08	T3	435.2	P2	I don't know what's going to be put up. | We could present the ideas when we're all reading the thing I don't know.	Okay.	P4	Pick one.	0.26		
104	grp-08	T3	526.8	P2	It's sort of what we are we doing in some party something but being in a different location people might not usually get to and it was sort of forced to be there on not forced people can their fairies leaving but this is I think more the location was for me has been interesting and nice to be there it's | More confined um then with kayaking canals is something I've done before it's probably hard for all of you and i don't think they're characters and we'll block the whole canal but the prompt also there with team things so that's more maybe for a smaller and then just yesterday i was talking with a different colleague about he had done...	Some team event in Legoland that was on the hotel and they were building stuff but I previously actually worked in Legoland and we've had for the Legoland employees after our events where they closed down the park and we got to do stuff in some of the theme park rides that you normally wouldn't do like you start going in one and you throw peep stuff at each other you have to catch while hanging out the side of one of the boats or whatever or ride around in the little...	P1	Cool.	-21.18		
105	grp-08	T3	587.0	P2	But yeah, I think there's some overlaps in the other, right? | Concerts and...	Lego!	P3	Lego, yeah.	-0.0		
106	grp-08	T3	590.9	P2	Concerts and... | Lego!	I mean, the...	P3	The mystery game and the haunted house.	-0.11		
107	grp-08	T3	633.1	P3	Is a... | I would like to do that also.	Yeah, tropical.	P2	Outside Denmark? Or...	0.32		
108	grp-08	T3	636.1	P4	Yes. | Pick one.	Yeah, yeah.	P2	Sunny day.	0.2		
109	grp-08	T3	636.4	P2	Finding something tropical. | Outside Denmark? Or...	Sunny day.	P3	Take a plane somewhere.	-0.34		
110	grp-08	T3	640.2	P1	Lego. | You're right.	Yeah, sounds nice.	P2	Yeah.	-1.22		
111	grp-08	T3	640.4	P1	Lego. | You're right.	Yeah, sounds nice.	P3	Yeah.	-1.09		
113	grp-08	T3	641.4	P1	Lego. | You're right.	Yeah, sounds nice.	P2	Yeah, we had the infinite budget, right? So...	-0.06		
114	grp-08	T3	643.0	P2	Closest we get it. | Yeah.	Yeah, we had the infinite budget, right? So...	P3	Budget, yes.	-0.46		
115	grp-08	T3	676.2	P3	And Legoland is in Billund, right? | Yes.	Yeah, no, me neither.	P2	No, it's a theme park for LEGO as a brand.	0.3		
116	grp-08	T3	686.4	P2	Except if you work in Prestøy or Aalborg and some of the other places they're coming from to visit right now. | No, it's a theme park for LEGO as a brand.	Come again?	P4	So there will be some rides?	0.43		
117	grp-08	T3	688.3	P1	You're right. | Yeah, sounds nice.	Yeah, rollercoasters and stuff like that.	P2	Yeah, so it's it's it's a theme park alongside like Tivoli and others but it's so as a theme park in general it's geared more towards kids that's sort of why the after hour things where you can do stuff you normally wouldn't do and it's...	-1.53		
118	grp-08	T3	693.0	P2	No, it's a theme park for LEGO as a brand. | Come again?	Yeah, so it's it's it's a theme park alongside like Tivoli and others but it's so as a theme park in general it's geared more towards kids that's sort of why the after hour things where you can do stuff you normally wouldn't do and it's...	P4	Okay.	-14.84		
119	grp-08	T3	735.2	P3	Yeah, no, me neither. | But that's with including the family and kids, I think it's a good idea.	Not only because you always talk at home, maybe, ah, my colleague, this and that.	P1	Yeah, to bring them as well.	-0.05		
120	grp-08	T3	736.5	P3	But that's with including the family and kids, I think it's a good idea. | Not only because you always talk at home, maybe, ah, my colleague, this and that.	And then it's, yeah.	P4	Mhm, yeah.	-0.2		
121	grp-08	T3	737.0	P3	But that's with including the family and kids, I think it's a good idea. | Not only because you always talk at home, maybe, ah, my colleague, this and that.	And then it's, yeah.	P1	Mmh.	0.3		
123	grp-08	T3	954.7	P4	Just try to find out if there is something in the list. | Yes, you have.	Yeah.	P3	Yes.	-0.08		
124	grp-09	T2	520.6	P1	Like one of the workshops, not the harsh sit down and fall asleep ones. | Do we need to take a vote here? Yeah, anyone is close to an agreement? Are we allowed to do that or is it just supposed to be...	I mean, should we take a vote then?	P2	So maybe, what is the alternative like what are you suggesting concretely?	0.5		
125	grp-09	T2	540.6	P1	Do we need to take a vote here? Yeah, anyone is close to an agreement? Are we allowed to do that or is it just supposed to be... | I mean, should we take a vote then?	Yep, agreed.	P2	And you?	-0.06		
126	grp-09	T2	541.3	P2	So maybe, what is the alternative like what are you suggesting concretely? | Just put your position out there	And you?	P3	I will go with the lecture and independent type of training.	0.09		
127	grp-09	T2	572.2	P3	I will go with the lecture and independent type of training. | I will.	Okay, so final workshop.	P2	All right.	-0.67		
128	grp-09	T2	580.7	P4	you're to be able to compromise within 15 seconds i think i think uh cross department working group with the, yeah | Come on, guys.	Show some team spirit.	P2	All in favor to manage stress and workload?	-0.14		
129	grp-09	T3	14.8	P2		Yes.	P1	Yeah.	-0.03		
130	grp-09	T3	257.1	P4		Oh, no.	P1	Enterprise vs. Hearing	-1.25		
131	grp-09	T3	311.6	P1	I feel like a participant P4-2 and mine from P1-3 are very, very similar. | Similar vibes.	No, and I don't know what it's called, but like a type of place that has like big foam obstacle courses and like kind of jungle gym that you like.	P3	Ah, Adventure Park	-1.05		
132	grp-09	T3	313.5	P3	Mine are really short because I didn't see the others. | I was like, okay, I'll just pop in something quick.	Ah, Adventure Park	P1	Adventure Park, yeah.	-0.0		
133	grp-09	T3	333.9	P4	Oh, no.	Yeah, and then if you have grievances against your boss, you can just...	P2	Would you like to elaborate on the back to the 80's suggestion?	-2.33		
134	grp-09	T3	433.4	P1	I was trying to hit on the inclusive bullet point. | They'd also, like, rent out golf carts for every team so you could, like, drive around.	We had some people do that.	P3	Race car competition.	0.01		
135	grp-09	T3	487.5	P3	You can start with salsa dancing and then end up in like whatever. | Everybody will start dancing now.	I think bowling can become a little bit difficult sometimes depends how big the groups are like personally if i play bowling and there's like seven people in a team then until you're like it's your turn again it just becomes a little bit boring but i guess you can yeah talk to other people just i'm also quite competitive so i feel like...	P2	But I think it's good.	0.41		
136	grp-09	T3	517.5	P3	Everybody will start dancing now. | I think bowling can become a little bit difficult sometimes depends how big the groups are like personally if i play bowling and there's like seven people in a team then until you're like it's your turn again it just becomes a little bit boring but i guess you can yeah talk to other people just i'm also quite competitive so i feel like...	That's true	P4	True but i think in in the same vein like if you get to shoot uh your co-workers that you don't like that much that could also release some pressure	0.39		
137	grp-09	T3	543.0	P1	It's tough to mingle past the people just next to you. | I do feel like in an adventure park situation, you could choose how much aggression you want to let out	Like you could go to the you could go to the foam source area and have a duo with the person you've been biffing with	P3	I think the only issue with that is being inclusive, because if somebody has any issues, physically speaking, then it can become a problem.	0.0		
138	grp-09	T3	543.1	P1	It's tough to mingle past the people just next to you. | I do feel like in an adventure park situation, you could choose how much aggression you want to let out	Like you could go to the you could go to the foam source area and have a duo with the person you've been biffing with	P4	That is true	0.12		
139	grp-09	T3	553.4	P1	I do feel like in an adventure park situation, you could choose how much aggression you want to let out | Like you could go to the you could go to the foam source area and have a duo with the person you've been biffing with	It's tougher to jump in.	P3	Or if you're afraid of heights or things like that.	0.42		
140	grp-10	T1	478.2	P3	um yeah help alignment and stuff help alignment between different stakeholders um but i don't know how much experience they have like in general how much uh yeah | I think it's more about as I understand it like um identifying the use cases and adopting it and stuff so I guess you don't need to be get your hands that dirty as I like as I kind of understand it's more about change management and stuff like that um	Yeah	P4	I think either A or C might be a good choice.	0.17		
141	grp-10	T1	536.1	P3	Yeah | I would probably go with C I think would be my preferred one but A is also a strong candidate and B is not necessarily very preferred in my mind because B is more technical so they would maybe work with the other candidate for like another position	I agree	P4	I can agree with that as well.	-0.04		
142	grp-10	T1	540.6	P3	I would probably go with C I think would be my preferred one but A is also a strong candidate and B is not necessarily very preferred in my mind because B is more technical so they would maybe work with the other candidate for like another position | I agree	What do you think?	P2	What do you think, Grace?	-1.45		
143	grp-10	T1	542.0	P3	I would probably go with C I think would be my preferred one but A is also a strong candidate and B is not necessarily very preferred in my mind because B is more technical so they would maybe work with the other candidate for like another position | I agree	What do you think?	P1	Yeah, I think it's fine… with C.	0.0		
145	grp-10	T1	552.6	P1	Yeah, I think it's fine… with C. | Um, I agree with what you said.	yeah	P4	We agree?	0.28		
146	grp-10	T1	555.0	P2	yeah | What do you think, Grace?	yeah	P1	Okay, then I'm going to send to all of you a form to select the candidate, but you have to choose one person among you who feels in the form and send it in.	-0.42		
147	grp-10	T1	555.0	P2	yeah | What do you think, Grace?	yeah	P3	Alright	-0.41		
149	grp-10	T1	572.8	P1	yeah | Okay, then I'm going to send to all of you a form to select the candidate, but you have to choose one person among you who feels in the form and send it in.	You want me to send it?	P4	I mean, you're P1.	0.13		
150	grp-10	T2	384.9	P4	No stress. | it shouldn't be their, I don't know how to say this, you know, they shouldn't worry about coordinating with other teams, they should have somebody taking care of that I think, but I agree that it reduces the stress if you're working better.	We can agree on the fact that sustainability, we we don't care about that.	P3	I think	-3.81		
151	grp-10	T2	388.3	P4	No stress. | it shouldn't be their, I don't know how to say this, you know, they shouldn't worry about coordinating with other teams, they should have somebody taking care of that I think, but I agree that it reduces the stress if you're working better.	We can agree on the fact that sustainability, we we don't care about that.	P3	Apparently.	-0.47		
152	grp-10	T2	388.9	P4	No stress. | it shouldn't be their, I don't know how to say this, you know, they shouldn't worry about coordinating with other teams, they should have somebody taking care of that I think, but I agree that it reduces the stress if you're working better.	We can agree on the fact that sustainability, we we don't care about that.	P3	It's not that much of a pressing issue here.	0.16		
153	grp-10	T2	410.0	P2	the ones that focus on and the formats | Yeah.	Or structure.	P3	Yeah.	-1.12		
154	grp-10	T2	664.1	P3	Yeah, I think like cut downs and stuff across the industry. | And I don't know if it's necessarily something that you can see as extra.	I think everyone needs to incorporate AI into their routine to be that efficient and actually meet the targets of an exceedingly demanding job roles and stuff like that.	P2	I agree.	0.49		
155	grp-10	T2	835.0	P2	So it really summarizes things well. | My personal opinion would be to incorporate AI because Denmark already is a very stress-free environment and you just have seven and a half hours of work per day and there are strict laws controlling that.	So do we agree?	P1	I disagree, but majority rules.	0.04		
156	grp-10	T2	866.5	P3	Yeah. | So I'm selecting the first topic for this one.	yeah, I would still argue for the other thing but I guess that's what it comes up to.	P1	But wouldn't that require like a cross-department working group, I'm thinking?	0.49		
157	grp-10	T2	888.0	P4	I can. | We had to at some point.	lecture maybe	P2	Lecture.	0.0		
158	grp-10	T2	891.0	P2	yeah so I think like an online training or a lecture | Lecture.	I think that's yeah	P4	and then next...	0.0		
159	grp-10	T3	270.0	P4	Should we take like 30 seconds each to explain their ideas	Me?	P3	Yeah let’s go now the other direction	-0.37		
160	grp-10	T3	316.3	P4	And then blind disco, that one just came out of the blue. | I was thinking blindfolded, but that doesn't make much sense.	But it could actually be a disco with no lights and you maybe have like starlight bands and you cannot see people, so that could also be like	P3	and a lot of, like a fog machine	-1.63		
161	grp-10	T3	325.0	P4	I was thinking blindfolded, but that doesn't make much sense. | But it could actually be a disco with no lights and you maybe have like starlight bands and you cannot see people, so that could also be like	yes i like that yes and that is like pure chaos and i just like that	P3	(unintelligible)	0.1		
162	grp-10	T3	425.7	P1		Oh dear	P2	we could choose and after that grab food together at a cafe and just have food together	0.12		
163	grp-10	T3	441.2	P3	Yeah. | At the same time?	(unintelligible)	P1	Party, party, party.	-0.65		
164	grp-10	T3	507.9	P1	And then my third idea was like a paintball shooting event. | Just go around shooting annoying colleagues.	After the paintball?	P3	Yeah.	0.41		
165	grp-10	T3	508.7	P3	(unintelligible) | I'm just tryna, answer this thing	Yeah.	P4	But the other two, I'm going to be early, actually.	0.35		
166	grp-10	T3	538.2	P3	It's pretty fun. | But I also like the blind disco.	Because that's something, yeah.	P1	That sounds dangerous, though.	-1.52		
167	grp-10	T3	539.7	P3	It's pretty fun. | But I also like the blind disco.	Because that's something, yeah.	P1	Yeah, well, that's fun.	-0.08		
168	grp-10	T3	540.0	P3	It's pretty fun. | But I also like the blind disco.	Because that's something, yeah.	P2	yeah we want people to show up at work the next day	0.25		
170	grp-10	T3	597.8	P1	Yeah, but we're not allowed to do that. | Blind and silent MasterChef.	So do we narrow it down to three or...	P2	Or one.	0.43		
171	grp-10	T3	618.2	P1	I'm between the | silent disco and the	and the paintball	P4	If it's just one idea, I'm going to have to go with paintball.	0.27		
172	grp-10	T3	624.2	P2	Or one. | One idea.	paintball	P4	Silent paintball.	0.34		
173	grp-10	T3	625.4	P4	Okay. | If it's just one idea, I'm going to have to go with paintball.	Silent paintball.	P3	Silent paintball?	-0.57		
174	grp-10	T3	626.1	P4	Okay. | If it's just one idea, I'm going to have to go with paintball.	Silent paintball.	P3	Blind paintball?	0.17		
175	grp-10	T3	627.1	P3	Yeah, I think paintball as well. | Silent paintball?	Blind paintball?	P4	Yeah.	0.25		
176	grp-10	T3	633.8	P3	Silent paintball? | Blind paintball?	So I guess paintball?	P4	Yes, paintball rules.	-0.57		
177	grp-11	T1	48.1	P2	Well, I've looked into it, and my primary candidate is candidate C. I like the background, and I think it's good that he has been on the floor. | I don't know if candidate B is too technical.	I don't know.	P1	We need soft skills.	0.37		
178	grp-11	T1	57.2	P1	And the C has many soft skills. | With the change management, the new tools, adoption of new tools.	Look good, yeah.	P2	And I also think candidate A was good, but candidate A doesn't want to try new things, so I was a little bit...	0.03		
179	grp-11	T1	79.8	P4		Yeah, I think I kind of feel the same way because B could be really, really good if he has those soft skills, but we don't know if he does or not.	P2	No, we don't.	0.19		
180	grp-11	T1	81.0	P2	Exactly. | And I also think candidate A was good, but candidate A doesn't want to try new things, so I was a little bit...	No, we don't.	P4	So if he has them, he would probably be the best, but C does seem to have them and highly rated by, oh, sorry.	0.21		
181	grp-11	T1	167.3	P2	Yeah, because candidate B doesn't take care of the end user. | I think that's something we would like to engage.	Yeah.	P3	Yeah, definitely.	0.24		
182	grp-11	T1	188.1	P2	I think that's something we would like to engage. | Yeah.	I don't know.	P1	I don't know.	0.41		
183	grp-11	T1	189.1	P1	But you don't want to pick one of them. | I don't think so, because one...	I don't know.	P4	I can't read out of the text what it said.	0.46		
184	grp-11	T1	193.1	P1	I don't think so, because one... | I don't know.	It doesn't say.	P2	No, it doesn't say... I believe it would have been mentioned.	-0.65		
185	grp-11	T1	211.3	P4	I can't read out of the text what it said. | No, it doesn't say anything.	Oh, absolutely.	P1	Yeah.	-0.12		
186	grp-11	T1	211.6	P1	I don't know. | It doesn't say.	Yeah.	P4	Absolutely.	0.02		
187	grp-11	T1	226.2	P2	No. | No, it doesn't say... I believe it would have been mentioned.	One final candidate, we have to find one...	P4	Yeah, we have to find one.	-2.73		
188	grp-11	T1	227.1	P2	No. | No, it doesn't say... I believe it would have been mentioned.	One final candidate, we have to find one...	P1	Yeah, we have to pick one.	-1.91		
189	grp-11	T1	231.7	P2	No, it doesn't say... I believe it would have been mentioned. | One final candidate, we have to find one...	Exactly.	P1	Yeah, sorry too.	0.21		
190	grp-11	T1	270.8	P4	Should we then make a prioritized list who we want to call in first? | Yeah, we have to find one.	If you look at the role, it looks like it's...	P2	It's supporting function, yeah?	-2.04		
191	grp-11	T1	270.9	P4	Should we then make a prioritized list who we want to call in first? | Yeah, we have to find one.	If you look at the role, it looks like it's...	P1	It's a change, it's a big change.	-1.88		
193	grp-11	T1	302.0	P3	So it's also a little bit down to what we expect from the role or from the person, right? | Is it someone who can support technically or is it more someone who can convince and sell?	Sounds right, yeah.	P4	So I think with that, I think I would do the C, but we don't know in C if he actually has AI knowledge because it says the first A has limited knowledge, right?	-0.07		
194	grp-11	T1	330.8	P3	Sounds right, yeah. | He's familiar with common AI tools.	Who isn't?	P1	I think it's... Yeah.	0.48		
195	grp-11	T1	347.1	P2	Exactly. | Yeah, I think it's a good choice.	Do we agree?	P4	Yeah, I think.	-0.08		
196	grp-11	T1	347.5	P2	Exactly. | Yeah, I think it's a good choice.	Do we agree?	P3	Yeah.	0.28		
198	grp-11	T1	366.8	P2	Yeah, I think it's a good choice. | Do we agree?	Okay, do you do it?	P4	Yeah, so I'm sending candidate C. One, two, three, submit.	-0.6		
199	grp-11	T1	530.8	P1	Do you understand the last one? | Yeah, we agreed.	Ah, you don't think so?	P4	No.	-0.06		
200	grp-11	T2	4.6	P2		Yeah.	P4	No, that's okay.	-0.25		
201	grp-11	T2	244.5	P1	But we are going to go through a big organizational change. | And I think the last one, stress and workload at work could help a lot.	A lot of people.	P3	Really?	0.45		
202	grp-11	T2	246.0	P1	And I think the last one, stress and workload at work could help a lot. | A lot of people.	Yeah.	P4	Yeah, I agree with that stress and workload.	0.42		
203	grp-11	T2	466.9	P2	You can do that in many ways. | So i think i for that one i use this um some lecture for myself and and i also speak with my colleague or my manager i i need much more um guidance for the AI and and much more support.	Yeah.	P4	Maybe we have to agree on one topic, right?	0.42		
204	grp-11	T2	518.1	P3	Because I think it sounds very abstract to me how that will help our group really. | Makes a lot of sense, I think.	Yeah.	P4	I mean, AI is not so mature just yet, and it will take a long time to really...	0.49		
205	grp-11	T2	523.1	P4	Because then we can incorporate the AI within it. | But then if that's the focus of our topic, then we know that AI is a tool.	I mean, AI is not so mature just yet, and it will take a long time to really...	P2	But you have to engage people	0.41		
206	grp-11	T2	554.4	P1	And yeah, it's a topic. | It's a hot topic these days.	Really?	P3	I mean, if you sit around and just talk forever, nothing happens.	-0.64		
207	grp-11	T2	567.2	P2	To use it, I can feel it on myself. | Yeah.	And you can do it whenever you want to.	P4	Yeah, I think I feel the opposite.	-0.42		
208	grp-11	T2	598.1	P1	Yeah, we need to be active, seriously. | Oh, there is no final decision.	Oops.	P2	So, what will we ask?	0.29		
209	grp-11	T2	607.5	P3	I think give them the online training and the quiz. | That's the way to go.	I don't think there was an agreement, so...	P1	No, there was no agreement.	-0.05		
210	grp-11	T2	607.5	P3	I think give them the online training and the quiz. | That's the way to go.	I don't think there was an agreement, so...	P2	No, there wasn't.	0.01		
212	grp-11	T2	617.0	P2	No, there wasn't. | Not at all.	Yeah.	P4	But how about we do the last one and then we do your on the format.	0.3		
213	grp-11	T2	626.4	P2	Not at all. | Yeah.	No.	P1	You mean the online training?	0.02		
214	grp-11	T2	628.1	P3	That's the way to go. | I don't think there was an agreement, so...	No.	P2	I would rather keep the topic, because that's the one we have the most benefit.	0.44		
215	grp-11	T2	637.7	P2	No. | I would rather keep the topic, because that's the one we have the most benefit.	And I think a lot of us would have the most benefit of.	P1	With the online training?	0.38		
216	grp-11	T2	643.0	P1	You mean the online training? | With the online training?	Ah, ok.	P4	Oh, but I'm thinking that the topic is the bottom topic, and then the format is the online.	0.11		
217	grp-11	T2	647.9	P2	And I think a lot of us would have the most benefit of. | No, with the use of AI.	No.	P4	The format is...	0.07		
218	grp-11	T2	649.9	P4	Yeah, yeah. | Oh, but I'm thinking that the topic is the bottom topic, and then the format is the online.	The format is...	P2	Yeah, you are thinking, but I'm thinking the AI is the topic.	0.07		
219	grp-11	T2	666.1	P2	No. | Yeah, you are thinking, but I'm thinking the AI is the topic.	So we stucked.	P3	No, how about we let you decide this time and then maybe the next decision goes to someone else.	0.3		
220	grp-11	T2	682.3	P3	No. | No, how about we let you decide this time and then maybe the next decision goes to someone else.	If we disagree, I'm fine with that.	P4	So who gets to choose the topic?	0.5		
221	grp-11	T2	704.9	P2	So we stucked. | We can.	So, but should I do it?	P4	Yeah...	0.45		
223	grp-11	T2	705.5	P2	We can. | So, but should I do it?	And you choose it?	P1	Yeah, just one...	-0.75		
225	grp-11	T2	706.5	P1	Okay. | Thank you.	Yeah, just one...	P2	You just tell me what to select, right?	-0.82		
226	grp-11	T2	722.6	P2	So, what do you want? | And what do you want for the format?	Interactive informal workshop.	P1	Yes.	-0.0		
227	grp-11	T2	723.2	P1	So for the topic it's the first topic. | The interactive workshop.	Yes.	P2	Okay.	0.17		
228	grp-11	T3	9.8	P2		Yeah, exactly, yeah.	P4	I'm thinking.	0.2		
229	grp-11	T3	12.1	P1		Time to prepare.	P3	Yes.	0.19		
230	grp-11	T3	89.9	P1	Sorry, what is the example? | Team cutting?	No.	P2	Outing?	0.33		
231	grp-11	T3	90.7	P2	Yeah, exactly, yeah. | Okay, no discussion?	Outing?	P1	Outing?	0.33		
232	grp-11	T3	93.7	P1	No. | Outing?	To go out?	P4	Yeah.	0.28		
233	grp-11	T3	93.9	P4	Maybe, I mean, in those types of situations we would have more information. | I'm thinking.	Yeah.	P1	Yeah.	-0.42		
234	grp-11	T3	95.5	P1	To go out? | Yeah.	It's... okay.	P2	Team's party or group execution.	-0.47		
235	grp-11	T3	188.5	P1	I could use Edge Yacht. | Great inspiration.	Sorry, we cannot speak.	P3	Go idea, good idea.	-1.76		
236	grp-11	T3	202.6	P1	Sorry, we cannot speak. | It's a totally new experience.	I mean, for me.	P4	For me too.	0.11		
237	grp-11	T3	203.5	P4	Anyway. | Yeah, that would be new.	For me too.	P1	You too?	0.17		
238	grp-11	T3	203.6	P1	It's a totally new experience. | I mean, for me.	You too?	P4	Yeah, yeah, yeah.	-1.89		
239	grp-11	T3	204.4	P4	Yeah, that would be new. | For me too.	Yeah, yeah, yeah.	P1	Ready? Oh...	-2.99		
240	grp-11	T3	204.6	P1	It's a totally new experience. | I mean, for me.	You too?	P2	No no no	-0.91		
243	grp-11	T3	206.9	P4	Yeah, that would be new. | For me too.	Yeah, yeah, yeah.	P2	No experience at all.	-0.47		
244	grp-11	T3	207.5	P2	Yeah, thanks. | No no no	No experience at all.	P4	Never, I think I've seen one moose in my life.	-0.64		
245	grp-11	T3	214.1	P2	No experience at all. | I did once.	We were in Sweden.	P4	Oh, really?	0.29		
246	grp-11	T3	214.6	P4	Yeah, yeah, yeah. | Never, I think I've seen one moose in my life.	Oh, really?	P2	And we did for a walk with our two children.	0.13		
247	grp-11	T3	274.7	P4	So, and then the Pétanque party is maybe also a summer party. | So, should we do summer party?	Yeah,	P2	Yeah, it's also a nice...	-0.32		
248	grp-11	T3	276.4	P2	It was just, they were really, really high. | Okay.	Yeah, it's also a nice...	P4	Yeah, I mean, it's a lot of those things.	0.34		
249	grp-11	T3	294.4	P2	Yeah. | No, I think we should, we have to choose one of them, right?	Exactly, okay.	P4	Should we just do the summer party?	0.02		
250	grp-11	T3	298.5	P2	No, I think we should, we have to choose one of them, right? | Exactly, okay.	Where's the summer party?	P1	Is it, is it specific enough?	-0.21		
251	grp-11	T3	334.4	P4	Should we just do the summer party? | Oh, well then we'll choose one of the other ones, that's fine.	Well, I think the beach party sounds really fun, but I just wonder if... people will feel a little bit...	P2	Yeah, if they would go...	-4.39		
252	grp-11	T3	353.0	P4	Oh, well then we'll choose one of the other ones, that's fine. | Well, I think the beach party sounds really fun, but I just wonder if... people will feel a little bit...	Well, it's...	P3	And there is no, there is also, you can, we have also rented place to stay there, and food, and games, so... there is no getting away.	-0.66		
253	grp-11	T3	384.6	P1	Yeah, I was going to jump on this aspect. | This promise on the weather...	It's kind of tricky, but if we have...	P4	No, I you do it at the right time during the year, I agree, it's...	-2.28		
254	grp-11	T3	387.3	P4	Okay, well then, it sounds nice. | Yeah, I like it.	No, I you do it at the right time during the year, I agree, it's...	P1	Yeah.	-0.88		
255	grp-11	T3	401.5	P3	And the weather will be nice. | It will not be windy at all.	Of course, the budget will also be...	P1	Wohoo, you will be generous	0.05		
256	grp-11	T3	413.8	P4	No, I you do it at the right time during the year, I agree, it's... | It will be wort it.	I think it sounds, I think it's...	P1	If it's unlimited budget, it's fine.	-2.65		
257	grp-11	T3	424.6	P2	It would be different. | Yeah.	Sounds good.	P4	Okay.	0.06		
258	grp-11	T3	426.1	P4	Should we then do a beach party? | Okay.	Let's do beach party.	P2	That's different.	0.16		
259	grp-11	T3	427.0	P2	Yeah. | Sounds good.	That's different.	P4	Yeah.	-0.06		
260	grp-11	T3	468.2	P2	Yeah, I did one and then it came back with one more. | Okay.	It was your idea, you could put it in.	P3	We can take turns here.	-0.09		
261	grp-12	T1	115.9	P2		Not right now.	P4	So we get the same information for all the three candidates?	-0.58		
262	grp-12	T1	381.7	P1	The only thing I'm wondering is if C is too experienced. | It's difficult to figure out what level that role is.	I think it's purely communication, right? It's just a question of, there is no doubt  C has a lot of facilitation, a lot of this like being the bridge between different stakeholders. But I am just wondering if they used to exactly have more infuence than what this role is entitled to.	P4	Exactly, exactly.	-19.58		
263	grp-12	T1	437.9	P3	That's a good question. | That's true.	All the skills in Python and machine learning would help if we were candidate B, but I think we already overlooked that.	P1	That's not AI, is it?	-1.07		
264	grp-12	T1	439.3	P1	And they have limited formal training on AI, but the other two doesn't really have any AI training. | At least not from my knowledge.	That's not AI, is it?	P3	Well, depends how nitty-gritty you get into it.	0.06		
265	grp-12	T1	495.7	P1	At least not from my knowledge. | That's not AI, is it?	What were you talking for?	P2	So the candidate A says that it tends to maintain existing processes rather than introduce new ones, which is kind of against the task line here that adopting AI and also make sure the transformation across different departments functions.	0.34		
266	grp-12	T1	645.2	P4	Yeah, complex systems IT and sales and conveying information between the different departments | Yes.	No, okay, I wasn't...	P3	So, decision made.	0.32		
267	grp-12	T2	268.1	P3	The most efficient way of handling these kind of things is to not take away too much from people's time to do their work tasks. | If they can just do it at their own pace whenever they want to do it.	And when they have good time for it, so I would say something like online trainings and quizes are quite good for that.	P4	Yes yeah i mean yes i mean especially across teams and like if you have a lot of people with different opinions and ways of thinking mindsets like i think online training because it's anonymous so there's no like way that you have to like expose yourself too much in terms of like uh	-2.15		
268	grp-12	T2	512.9	P2	Format-wise I think, first of all should be engaging and people should have the option to attend either online or physically, so maybe online training would be more flexible for everyone | Yeah, for sure.	Different locations, different sessions	P1	It's all depending on the impact we want to have, right?	0.04		
269	grp-12	T2	541.1	P3	It's hard to generalize for everyone. | I would personally even feel like I'm being talked down to if I got a workshop about how to manage my own stress.	But the interactive workshop that will take a lot of resources if we had to roll out throughout GN...	P1	I know, but we were not told that we have limited resources, right?	-0.79		
270	grp-12	T2	598.5	P3	I would personally even feel like I'm being talked down to if I got a workshop about how to manage my own stress. | But the interactive workshop that will take a lot of resources if we had to roll out throughout GN...	If you engage with it at all, that is.	P4	Yeah, exactly.	-0.07		
271	grp-12	T2	631.9	P2	And also feel like... | Have we agreed on anything?	Mhm, topic-wise you mean?	P3	In topics-wise?	-1.02		
272	grp-12	T2	632.0	P2	And also feel like... | Have we agreed on anything?	Mhm, topic-wise you mean?	P4	Yeah, topic-wise, yes.	-0.98		
274	grp-12	T2	633.4	P2	And also feel like... | Have we agreed on anything?	Mhm, topic-wise you mean?	P4	I mean, you can maybe also, one can easily combine them if you want to twist it like that.	0.48		
275	grp-12	T2	679.1	P2	Right? | Like, do we do a stress test afterwards and then people rating high or low got the prize or the other way around?	I do agree.	P1	We all have that.	-0.05		
276	grp-12	T2	741.9	P4	Yes, small and the most generic. | Yeah, four is the most generic, I would think.	I agree.	P3	I guess we are extending the conversation time now or the discussion time a lot.	-0.07		
277	grp-12	T2	801.5	P1	Oh, but all of them make sense. | There's none of them you can't do.	Okay.	P2	Yeah, I would go with online training too	-0.83		
278	grp-12	T3	307.6	P4	Yes, it's submitted. | You're not supposed to tell.	Danish pastry class?	P2	Yes.	0.33		
279	grp-12	T3	311.9	P4	Danish pastry class? | Where would you do that?	You need some kitchen.	P3	You can rent massive kitchens	0.16		
280	grp-12	T3	315.3	P4	You need some kitchen. | Yeah, you can.	Yeah, of course.	P2	So it's a place downtown and they offer this Danish pastry making class and also instruction of the basics.	0.14		
281	grp-12	T3	396.3	P1	but i'm just if you're looking across and i'm just thinking if you're looking across there's a lot of themes going across them right actually a lot of synergies yeah a lot yeah so so if if the idea is we should pick something maybe we should zone in on and we want to do some sport we want to do some more social just get together cause I see sports on most of them | Right?	There's laser tech, paintball, river rafting, maybe it's difficult to find a river we could do rafting on in Denmark, but...	P3	Boat trip, river rafting, campus, laser tech, cooking, pastry class, we have some nice like a...	-0.16		
282	grp-12	T3	397.1	P3	You can rent massive kitchens | There's actually a lot of synergies, right? That's quite nice	Boat trip, river rafting, campus, laser tech, cooking, pastry class, we have some nice like a...	P4	i didn't have i didn't have time to elaborate uh...	-6.18		
283	grp-12	T3	422.2	P3	Boat trip, river rafting, campus, laser tech, cooking, pastry class, we have some nice like a... | But in the end we have to have one thing only, right?	Wasn't that the task?	P1	Is it just one?	0.25		
284	grp-12	T3	442.1	P1	Is it just one? | It should be something that most people would like to participate in, right?	Yeah.	P2	Everybody gets bruises and pains the day after	0.34		
285	grp-12	T3	506.8	P4	I think it's too passive. | I mean, social dining.	Yeah.	P2	I mean, mini golf is, I would say, easy to organize - you just go to the venue, tell them how many people are and people just show up	0.27		
286	grp-12	T3	579.6	P2	I mean, mini golf is, I would say, easy to organize - you just go to the venue, tell them how many people are and people just show up | So it's very low maintenance.	We don't talk to each other, right? In the paintball...	P1	It's the calmer version of that	-2.23		
287	grp-12	T3	582.4	P1	You mean new people, right? That should be the option | And also movie night is not social, right? It's very passive and you're not really talking to anybody	It's the calmer version of that	P2	We shoot against each other.	0.31		
288	grp-12	T3	601.8	P2	We don't talk to each other, right? In the paintball... | We shoot against each other.	I don't think R&D people would be happy about it	P3	Hey, I am R&D people, I consent.	0.08		
289	grp-12	T3	651.8	P3	That'd be great. | No?	No, just me? Okay.	P1	You can make each team has a theme they have to dress up.	0.16		
290	grp-12	T3	658.4	P3	No? | No, just me? Okay.	No one dressed up for the Halloween Party, no one here...	P4	I mean...	-1.97		
291	grp-12	T3	659.6	P3	No? | No, just me? Okay.	No one dressed up for the Halloween Party, no one here...	P1	I know, as soon as you ask me to dress up they back out	-0.81		
292	grp-12	T3	673.6	P1	You can make each team has a theme they have to dress up. | I know, as soon as you ask me to dress up they back out	Of course.	P4	So it's just a start, right?	-0.08		
293	grp-12	T3	678.5	P4	You can also have, you can have some dinner afterwards. | So it's just a start, right?	You can, you can, you can extend your...	P2	Yeah, that's right, and also...	0.31		
294	grp-12	T3	694.3	P2	Yeah, that's right, and also... | Yeah, and also one player is playing and the other from the same team can also chat and socialize, so...	So mini-golf it is?	P3	Yes.	0.37		
295	grp-13	T1	481.0	P1	I saw candidate A and B has been kind of similar because they both didn't have that deep of a technical background but as you already mentioned seems like they are both experienced in project coordination within various teams good at communication and change management so | just like my first impression was that i didn't have a preference between those two um but depending on how much technical knowledge you need or if it's not that deep of a technical knowledge you need but more like a high level then i would also tend towards either aoc yeah but yeah	I think the only thing that I see...	P3	Probably A could do it as well, right?	-0.25		
296	grp-13	T1	496.6	P3	Yeah, I'm not supposed to read. | Probably A could do it as well, right?	C.	P1	But...	-0.08		
297	grp-13	T1	498.2	P1	The only thing is that A also mentioned something around AI, even though it doesn't seem like it's very in-depth training. | But...	No...	P3	C mentioned something about, is for me, AlphaEI, right?	-0.1		
298	grp-13	T1	559.7	P2	Also candidate A is not into that much of new um new content in GN but more keeping the old one for longer and that's also why I'm more for C than for A | I don't think we have uh but yeah also candidate has a lot of experience as a project coordinator but yeah you can you can say that but again i'm still more for for C and that's because they also have some basics into the AI the things so they know they know what it is and how it can be used and i'll also have been like in cooperation with IT and so on and I see it as a pro in this context	I'm still most for C than for A	P3	Also because it doesn't really call for a specialist, right?	0.21		
299	grp-13	T2	283.6	P3	And I think also speaking of being productive, I mean, I think the format... | since we are, if it's when we're looking at AI and productivity, online training and quizzes,	would be a good way to go, also looking at how much time we spend on this.	P2	I want to see lectures and Q&A could be used and that uh especially in AI then you have some uh how you use AI in the daily task and then you have a lecture online training on how to use it in most efficient way and so on to make it make the best use of it	-0.07		
300	grp-13	T2	579.9	P2	I want to see it for idea. | Also vote for the number one in topics and but the lecture in Q&A that sometimes you have when you have the lectures, you have you can get a deeper understanding and ask questions in between.	so that's that's what i would vote for	P3	Yeah, but I can...	-0.88		
301	grp-13	T2	677.9	P2	Ok, so let's go for topic, so that's number one | Number one.	Number one	P1	No, yeah, okay.	-0.25		
302	grp-13	T2	678.8	P1	Yes, I guess I guess we have to, yeah | If we have to agree on something, then I guess what do you guys want?	No, yeah, okay.	P3	I'm fine with number one over there.	0.08		
303	grp-14	T1	436.7	P4	And same information? | I see.	Now it's...	P1	We shouldn't ask that.	-0.86		
304	grp-14	T1	461.6	P3	But I'm happy to hear other thoughts. | I think because I see your point Nikita because candidate A is like I got like a steady hand and I feel like it's not so like yeah it seems like a bit more like too tight on track so I would be worried that he will just try to keep the process as it is and not try to be flexible with other opinions	So....	P2	Yeah.	-0.0		
305	grp-14	T1	606.7	P4	transmit that's like the part that takes the longer and that requires kind of like of a skilled person in in communication and yeah that's | Okay.	I'm bought.	P3	So we decided candidate C. If...	-0.33		
307	grp-14	T1	612.0	P3	So.... | So what would be our choice?	So we decided candidate C. If...	P4	Yeah.	0.44		
308	grp-14	T1	655.1	P2	I don't know. | I don't care.	Does anyone want to send it in?	P4	Yeah, sure.	0.37		
309	grp-14	T2	213.1	P1	Should we start? | Should we start saying which topic we think we need to follow?	Yes.	P3	Yep.	-1.44		
310	grp-14	T2	222.0	P2	Yes, okay. | What's everyone thinking?	Why?	P1	Well, because it’s important	-0.11		
311	grp-14	T2	231.1	P2	What's everyone thinking? | Why?	yeah	P1	and everyone can suffer that	-0.13		
312	grp-14	T2	276.8	P2	I think it's relevant to what's going on at GN at the moment. | And it also just helps with productivity and effectiveness.	But if you can get your work done quicker, then you can go home and	P1	Then you get more work.	-0.72		
313	grp-14	T2	485.6	P4	Probably four would be the best one I'd pick. | or not having the comfort to talk	Yeah.	P1	We can agree on that	0.46		
315	grp-14	T2	486.0	P4	or not having the comfort to talk | Yeah.	yeah	P2	um so in my opinion then maybe like how to work better across teams kind of fits with all of us of what we're you know you you're one better well-being in the workplace	0.32		
317	grp-14	T2	543.1	P4	yeah | I think if the topic is how to work better across teams then it should be more proactive and an interactive informal workshop across department working group.	I think the fourth one would be would be perfect for it.	P1	I would say to do it more interactively cause also we are talking about across teams you need to know people, get comfortable with them	0.38		
318	grp-14	T2	597.0	P4	I think if the topic is how to work better across teams then it should be more proactive and an interactive informal workshop across department working group. | I think the fourth one would be would be perfect for it.	But also I feel like the cross department working group, I feel like working and applying helps more than just an online training or a lecture, it’s more hands on	P1	Yeah, I agree.	-3.78		
319	grp-14	T2	600.8	P4	I think if the topic is how to work better across teams then it should be more proactive and an interactive informal workshop across department working group. | I think the fourth one would be would be perfect for it.	But also I feel like the cross department working group, I feel like working and applying helps more than just an online training or a lecture, it’s more hands on	P3	Yeah, I agree.	-0.04		
320	grp-14	T2	643.1	P2	Yeah, okay, I was thinking more of, yeah, either the lecture and Q&A or the online training and quiz. | But maybe just from hearing your guys' points of view, maybe the lecture is like a little bit of an in-betweener than half a touch points with other people and not just an online click, click, click onto the next button.	And maybe just easier to coordinate with the lecture and q&a, but	P3	But I can feel like all the four topics, four formats are quite relevant.	0.09		
321	grp-14	T2	687.1	P1	So should we say three and four are more aligned? | with working across teams.	So...	P4	Yeah, I would go for the fourth one.	-0.54		
322	grp-14	T2	747.4	P4	Yeah, I would go for the fourth one. | But also from the point of view that it's a big corporation, so any opportunity that we can get to get closer and to work with people, to do this cross-collaboration, cross-department work, it helps for everyone's comfort in a big corporation.	Good solution.	P3	Oh yeah... I won't say it's right.	0.49		
323	grp-14	T2	774.4	P3	Oh yeah... I won't say it's right. | My bad.	You can go.	P4	Okay.	-1.11		
324	grp-14	T2	781.1	P1	We don't have four days. | I sent it before so I will put it down	Yes	P4	And the final answer.	0.04		
325	grp-14	T2	805.4	P1	Yes | I would say three and four.	Yes.	P4	Then three wins probably.	0.42		
326	grp-14	T2	807.2	P4	You said two. | You said three and four.	Then three wins probably.	P1	Okay.	0.44		
327	grp-14	T2	807.5	P1	I would say three and four. | Yes.	Okay.	P4	If it's the most mentioned because I'm also going for three or four.	-0.02		
328	grp-14	T3	375.4	P2	Demolition party, yes, I love it. | Oh, that's interesting.	Fits all	P1	So a good answer would include all of ours, right?	0.5		
330	grp-14	T3	421.1	P2	And then you're wearing a mask, so no one cares how crazy you dance. | And then a board game event.	Yeah.	P1	We do that already.	0.47		
331	grp-14	T3	527.5	P2	I would only be worried that people... | would be like some people are very scared and introvert and to talk to new people but I think you could make it an option of like sign up to randomly be in a in a group with people you don't know to meet new people or form a group yourself um I think it'd be super cool and not super expensive	Esports?	P1	So then instead of flying everyone to Denmark, there could be people that say, yeah, I play Counter-Strike from home, so then we can have a tournament here as part of the Olympics.	-0.51		
332	grp-14	T3	544.7	P2	would be like some people are very scared and introvert and to talk to new people but I think you could make it an option of like sign up to randomly be in a in a group with people you don't know to meet new people or form a group yourself um I think it'd be super cool and not super expensive | Esports?	a lot of computers though that we have to	P1	It's okay.	0.28		
333	grp-14	T3	545.9	P1	I think SteelSeries will be happy with that. | It's okay.	We can get them.	P2	awesome	-0.84		
334	grp-14	T3	553.7	P2	a lot of computers though that we have to | awesome	Can we make it, umm, like	P4	Can we combine it and write a new idea now?	-0.77		
335	grp-14	T3	562.7	P4	And things like that. | Can we combine it and write a new idea now?	Okay.	P2	That’s my vote	0.22		
336	grp-14	T3	565.7	P2	Can we make it, umm, like | Then actually I vote for the GN Olympics	That’s my vote	P4	Thank you.	-0.46		
337	grp-14	T3	600.0	P2	That’s my vote | One and the same.	nice	P3	Me too, I’m just concerned about like	-0.57		
338	grp-14	T3	633.0	P3	what kind of sport we need to include in the Olympics because some people have disability. | No, so it's not like if we like eSport is fine, but some also have like some eyes issues and then like some other like sport can also be like.	you know people have some issues with their legs and other type of other issues so I think we just need also to be like we can go with that but be mindful to include everybody in it	P4	To be inclusive.	-0.62		
339	grp-14	T3	633.9	P3	what kind of sport we need to include in the Olympics because some people have disability. | No, so it's not like if we like eSport is fine, but some also have like some eyes issues and then like some other like sport can also be like.	you know people have some issues with their legs and other type of other issues so I think we just need also to be like we can go with that but be mindful to include everybody in it	P4	Yeah.	0.24		
340	grp-14	T3	639.6	P3	No, so it's not like if we like eSport is fine, but some also have like some eyes issues and then like some other like sport can also be like. | you know people have some issues with their legs and other type of other issues so I think we just need also to be like we can go with that but be mindful to include everybody in it	Olympics	P2	nice	-0.51		
341	grp-14	T3	640.1	P3	No, so it's not like if we like eSport is fine, but some also have like some eyes issues and then like some other like sport can also be like. | you know people have some issues with their legs and other type of other issues so I think we just need also to be like we can go with that but be mindful to include everybody in it	Olympics	P1	Do we all agree?	-0.06		
343	grp-14	T3	641.5	P1	Yes. | Yeah, I'll give my vote also to Olympics.	Do we all agree?	P2	Nice.	-0.31		
344	grp-14	T3	654.3	P3	you know people have some issues with their legs and other type of other issues so I think we just need also to be like we can go with that but be mindful to include everybody in it | Olympics	I’ll do it.	P2	You want to do it?	-1.74		
345	grp-15	T1	244.0	P3	Do you understand the same? | and agree on one final candidate as a group?	okay cool	P1	Maybe we should	-0.43		
346	grp-15	T1	252.0	P4	See where we’re all standing?	Okay.	P1	I don't know.	0.0		
348	grp-15	T1	268.0	P1	From my point of view, it's more like the project coordinating kind of type rather than the very technical one. | Yeah, because it's not about developing the AI.	It's more about the adoption part of it.	P3	And from the other two, then?	0.0		
349	grp-15	T1	299.0	P3	Do you have a preference? | Yes.	Yeah, I agree.	P4	I agree.	0.0		
350	grp-15	T1	302.0	P4	See where we’re all standing? | Okay.	I agree.	P3	Like for me it was the C	0.0		
351	grp-15	T1	306.0	P4	Okay. | I agree.	yes, that was my	P3	Yeah, right?	-0.32		
352	grp-15	T1	306.3	P4	Okay. | I agree.	yes, that was my	P1	I'm also about the C	0.0		
354	grp-15	T1	325.0	P1	I agree on that one | Yeah, and lots of experience in rolling out these kind of things.	Yeah.	P2	like there’s five years of experience with the first candidate and with the third candidate we don’t really know if it’s the same description we have	0.0		
355	grp-15	T1	362.0	P4	He is a good communicator as well. | Yeah, it doesn't really say anything about...	seems better than	P1	So I think that's a strong pro.	0.0		
356	grp-15	T1	371.0	P1	So I think that's a strong pro. | And Candidate C also has experience in consulting.	I don't know if you know that.	P3	I mean, I was only missing the bit of the amount of experience, I would say, to say that that quote is almost exactly the same as what I have here for Candidate C. Like someone who basically...	-0.27		
357	grp-15	T1	373.5	P3	Like for me it was the C | Yeah, right?	I mean, I was only missing the bit of the amount of experience, I would say, to say that that quote is almost exactly the same as what I have here for Candidate C. Like someone who basically...	P1	I think it sounds good.	-7.48		
358	grp-15	T1	408.0	P1	I don't know if you know that. | I think it sounds good.	okay	P3	No, I do.	-0.35		
359	grp-15	T1	408.7	P3	So I was like, okay, fine. | Seems like this is the guy, but if you say that he has that amount of experience, that's what I will suggest at least.	No, I do.	P1	Yeah I don’t have AI specifically there but	-1.27		
360	grp-15	T1	412.0	P3	Seems like this is the guy, but if you say that he has that amount of experience, that's what I will suggest at least. | No, I do.	I know about that.	P4	Well, even better.	0.0		
361	grp-15	T1	441.0	P3	Yeah, to be honest, I don't know, because I mean, the first one to me seems more like the one who is a bit detached to whatever it is that he has, at least for me, it doesn't say he has experience on this particular technology. | It's more like has experience on managing projects.	And that's like, okay.	P4	Mine says direct limited knowledge.	0.0		
362	grp-15	T1	502.0	P1	No. | Yeah, yeah, yeah, for sure.	Yeah.	P2	Also, the prompt seems like they're not really looking for like a specialist.	0.0		
363	grp-15	T1	541.0	P1	Yeah, yeah, yeah, for sure. | Yeah.	No, no, no, no.	P3	That's my feeling at least.	0.0		
364	grp-15	T1	570.0	P1	Yeah. | No, no, no, no.	I think it's good.	P3	Okay.	0.0		
365	grp-15	T1	571.0	P3	I don't know. | Maybe there's like a no-go for the C because it's asking for too much or something.	Okay.	P1	Yeah, I'm good.	0.0		
366	grp-15	T1	602.0	P1	So it sounds good to me. | Some kind of McKinsey kind of dude.	Yeah.	P3	Yeah.	0.0		
367	grp-15	T1	607.0	P3	Okay. | Yeah.	Yeah.	P1	Okay.	0.0		
369	grp-15	T1	619.0	P3	Yeah. | If he hasn't overpromised	OK.	P2	I can do it.	0.0		
370	grp-15	T2	172.0	P3		Yeah, yeah, go ahead.	P1	No, I don't know.	0.0		
371	grp-15	T2	217.0	P2	Also that we just had to hire someone from the previous task, right?	Within AI.	P3	Yes.	0.0		
372	grp-15	T2	218.1	P3	Like you could hear Igor talking about, we have to use AI. | So maybe it doesn't hurt to have one on that topic.	Yes.	P2	Maybe that's something that the company wants to push, right?	-0.91		
373	grp-15	T2	229.0	P3	Yes. | That could be, yeah, yeah.	like?	P4	Like right now, we just rolled out the new day commitments.	-0.63		
374	grp-15	T2	462.0	P4	At least that's what I've noticed since I started that I've signed up for a few of the of the workshops that's been there and it's already happening a lot. | But the whole like managing stress and workload.	the second one?	P2	like it might be if you have like a team where you have to work or gather a lot of data or work with it i don't know how it's structured but having someone else rather	0.0		
375	grp-15	T2	506.0	P3	So yeah, uhh yeah, that's how I would see it, of course. | That was not really related to the AI, but it as related to the working across teams.	No, but it's good.	P1	Okay, so I think we have to maybe move on a bit.	0.0		
376	grp-15	T2	513.8	P3	No, but it's good. | Number two.	And...	P1	All right, so we're leaning towards number two.	-4.24		
377	grp-15	T2	548.0	P4	Yeah, yeah, we have one minute left. | Let's discuss formats first.	I agree.	P3	Uhh I won’t say that you spend a lot of resources on something that some people understand and some not. Like I also have the feeling that many people say I spent these two hours right now going into SAFe and now there’s a new framework, so you’re burned out after the fist day. So I think it’s good to give them the chance to learn on their own, I think	0.0		
378	grp-15	T2	575.0	P4	I agree. | I feel the opposite with all of those things you have to go through on workday.	It's like, I don't know how much I actually take away from it.	P1	No, exactly	0.0		
379	grp-15	T2	577.0	P1	I definitely think the interactive ones are more engaging and I think people will also get more out of it. | All science suggests that as well.	No, exactly	P3	But at least you have the chance to take away when you have the time and the capacity and the focus, right?	0.0		
380	grp-15	T2	643.0	P2	yeah yeah but other teams work or like understand your workload might also help with the stress like especially with timelines and like okay we have all these tasks maybe we can yeah divide them or at least the teams you work with might get a better understanding of when to push you and when to not and stuff like that if that makes sense | Maybe we should if we only have 15 seconds got to the next one	Maybe a compromise could be like having, if it's like a lecture or something scheduled in the calendar. And then you could also if it’s recorded or something then you can look at it in your own time if the meetings are...	P1	It's just, I don't know, I just feel like if we have to talk about how to work better across teams, I guess you solve that topic by talking in workshops with the teams rather than having one giving a lecture about how to work in your team.	0.0		
381	grp-15	T2	668.0	P4	It doesn't even have to be that long, but it's engaging and you're like fully in the moment, like in person more than... | True.	That's true.	P1	So, if you had a workshop with your team, you could really manage those points of friction better, I guess.	0.0		
382	grp-15	T2	717.0	P1	It really depends on the team, right? | So, if you had a workshop with your team, you could really manage those points of friction better, I guess.	Then please, why don't you fill in the...	P4	Would you do it again?	0.0		
383	grp-15	T2	725.0	P4	Would you do it again? | I guess so.	Yeah.	P2	And then...	0.0		
384	grp-15	T2	737.0	P2	And then... | Oh, was it lecture or cross-department workgroup?	Oh no, I thought	P3	It was one of the last two	0.0		
385	grp-15	T2	739.0	P4	Yeah. | Yeah.	Yeah, one of the	P1	all right okay okay if you have a cross department is fine yeah we can do that	0.0		
386	grp-15	T2	744.0	P1	I think it was interactive workshop, right? | Was it not?	all right okay okay if you have a cross department is fine yeah we can do that	P2	Cross department or interactive?	0.0		
387	grp-15	T2	755.0	P3	I don’t think it’s an agreement | It was one of the last two	It has to be.	P2	Cross teams, cross departments	0.0		
388	grp-15	T2	758.0	P2	Cross department or interactive? | For me, they sound kind of similar.	Cross teams, cross departments	P1	Cross, cross	0.0		
389	grp-15	T2	759.0	P1	Was it not? | all right okay okay if you have a cross department is fine yeah we can do that	Cross, cross	P4	Let's cross, cross.	0.0		
390	grp-15	T2	762.0	P4	Yeah, one of the | Across team, so maybe cross… I don’t know	Let's cross, cross.	P2	Cool.	0.0		
391	grp-15	T3	334.7	P3		Go, P1	P1	Okay, so Falster, that's an island outside of Copenhagen, and now where we just sold half of GN, we have money to host that one.	0.04		
392	grp-15	T3	485.4	P3	It doesn't need to be a shooting one, right? | It can be any game.	So, yeah, that's it.	P2	So, get half a day off	0.02		
393	grp-15	T3	622.6	P1	but is nice though | Yeah. Exactly	So, I guess it's either 2-1 or 3-1, if I would have to...	P2	Do we only have to choose one?	-2.02		
394	grp-15	T3	624.3	P1	but is nice though | Yeah. Exactly	So, I guess it's either 2-1 or 3-1, if I would have to...	P3	I think so.	-0.4		
395	grp-15	T3	624.7	P3	but the job swap could be something more | If we have a budget of half a million kroner to spend	I think so.	P1	Yeah, we have to choose one, okay.	-0.17		
396	grp-15	T3	698.1	P2	Because I feel like it could also be a seasonal thing, like the secret Santa would be fun to have. | Should I do it again?	Ok so P....	P1	P2-1	-1.19		
397	grp-16	T1	498.0	P3	He has already helped with adopting new tools and processes in different teams and he also has like a strong knowledge of the why's. | Why should we be transforming or adopting something.	But we have to decide by...	P4	Yeah, there.	-0.98		
398	grp-16	T1	498.6	P3	He has already helped with adopting new tools and processes in different teams and he also has like a strong knowledge of the why's. | Why should we be transforming or adopting something.	But we have to decide by...	P1	We have to. We have to decide	-0.4		
400	grp-16	T1	500.0	P1	We don't have to decide. Or do we? | We have to. We have to decide	Based on.	P4	Yeah.	-0.61		
401	grp-16	T1	502.0	P4	But based only on the information we have, I would also vote for candidate C because for me, that's the strongest candidate. | Yeah, there.	Yeah.	P1	All right.	0.0		
402	grp-16	T1	503.0	P1	Based on. | Okay.	All right.	P3	and also if we go by your point candidate C he has already had like his colleagues saying that he helped them understand the stuff so we can also talk about those references here	0.0		
403	grp-16	T1	526.0	P1	We have to. | Then I will say I don't have strong opinion on any of those.	Everyone is just random to me, so.	P4	That is right.	0.0		
404	grp-16	T1	529.0	P4	Yeah, there. | Yeah.	That is right.	P3	What do you think, Patricia?	0.0		
405	grp-16	T1	580.0	P1	Then I will say I don't have strong opinion on any of those. | Everyone is just random to me, so.	Are we agreed?	P4	It seems like...	0.0		
406	grp-16	T1	580.0	P1	Then I will say I don't have strong opinion on any of those. | Everyone is just random to me, so.	Are we agreed?	P3	Yeah, it's three to one, yeah.	0.0		
407	grp-16	T1	587.0	P3	What do you think, Patricia? | Yeah, it's three to one, yeah.	Exactly.	P4	And we agree.	0.0		
408	grp-16	T1	591.0	P4	It seems like... | I mean, you don't care, apparently.	And we agree.	P3	Exactly.	0.0		
409	grp-16	T1	593.0	P3	Yeah, it's three to one, yeah. | Exactly.	Exactly.	P1	Maybe it doesn't matter whom to choose.	0.0		
410	grp-16	T1	612.0	P3	Exactly. | Yeah, that's true.	So, Fan, why don't you do that?	P1	Yeah, I can do that.	0.0		
411	grp-16	T1	613.0	P1	Maybe it doesn't matter whom to choose. | It's just the conversation that matters.	Yeah, I can do that.	P2	Oh I did it	0.0		
412	grp-16	T1	614.0	P2	And also the way to adapt quickly, that would definitely also be a good element to it. | So based on what given at this moment, only with the limited knowledge we have here I would say that candidate C is definitely the one who is my favorite.	Oh I did it	P3	You did it?	0.0		
413	grp-16	T1	615.0	P3	Yeah, that's true. | So, Fan, why don't you do that?	You did it?	P2	Yeah I did it	0.0		
414	grp-16	T1	616.0	P2	So based on what given at this moment, only with the limited knowledge we have here I would say that candidate C is definitely the one who is my favorite. | Oh I did it	Yeah I did it	P1	You did it?	0.0		
415	grp-16	T2	245.9	P2	I would agree.	I would say that in order to manage the workload, we need to start using the tools that are around us. And that would of course be…	P3	AI for productivity?	-0.14		
416	grp-16	T2	247.0	P3		AI for productivity?	P2	Exactly.	-0.63		
417	grp-16	T2	288.5	P3	AI for productivity? | I would also very much like to go for the AI for productivity in daily tasks because, well, we have something to help us out with everything.	And I also believe if that is enforced properly, then maybe the fourth point, how to manage stress, that would significantly reduce, so yeah...	P4	maybe maybe not because for some people it shows that it's very stressful to actually you know introduce these tools uh while they are out of control and spinning with the tasks they already have so I think if we want to, you know, look at the usage of AI to increase the productivity	-2.45		
418	grp-16	T2	332.0	P2	All aspects are important, but we need to start somewhere. | So it's more about the phasing aspects on what do we start with and how do we progress from there?	I…	P3	oh please go on	0.0		
419	grp-16	T2	449.5	P3	Bud do you… | oh please go on	Do you have any...?	P1	yeah still i don't have strong opinion on the topics i think they're all good um and i think it's uh it's it's not about uh which one to do we can do all of those it's just a matter of which one to do first or second is the sequence what to do so i think all of them are good um so regarding the format i think it's uh when we're talking about a workshop the most important thing is the um	0.43		
420	grp-16	T2	565.3	P1	Just to remind, we have 25 seconds left | it would be interesting that what if we don't come into agreement	Should we vote?	P3	Yeah, let's do that quick.	0.31		
422	grp-16	T2	582.0	P1	Should we vote? | Should we vote?	UNINTELLIGIBLE	P4	Well, it seemed like topic four had three people.	-1.98		
423	grp-16	T2	587.0	P2	I would say topic one. | So we did not agree	Was it?	P1	yeah, sort of	-0.57		
424	grp-16	T2	589.5	P1	Should we vote? | UNINTELLIGIBLE	yeah, sort of	P3	We could go with four maybe	-1.5		
425	grp-16	T2	591.0	P1	Should we vote? | UNINTELLIGIBLE	yeah, sort of	P4	If we go with democracy.	0.0		
426	grp-16	T2	596.0	P3	We did not agree. Did we agree on the format? | We could go with four maybe	Lecture and Q&A	P1	I would say interactive informal workshop.	0.11		
427	grp-16	T2	600.0	P4	Well, it seemed like topic four had three people. | If we go with democracy.	Yeah, me too.	P2	I would not. I would go with either online training or lecturing QA.	0.18		
428	grp-16	T2	605.2	P1	What about formats that we vote? | I would say interactive informal workshop.	Number three?	P4	We don't have any agreement.	0.43		
429	grp-16	T2	605.2	P1	What about formats that we vote? | I would say interactive informal workshop.	Number three?	P3	Then we are like split.	0.46		
430	grp-16	T3	331.0	P2	There's some really good ones.	Everybody has something good.	P4	I mean I have to say I'm all up for luxury cruise	-0.7		
431	grp-16	T3	337.6	P3		Me too, yeah	P4	like that's a win for me	0.2		
432	grp-16	T3	355.9	P3	Me too, yeah | Yes that's definitely a win	It would be great.	P4	It would be great	-0.33		
433	grp-16	T3	487.0	P1	We need to divide it into small groups. | Oh, yeah.	Yeah, we can combine some of those	P4	There can be a garden…	-4.9		
434	grp-16	T3	492.0	P1	We need to divide it into small groups. | Oh, yeah.	Yeah, we can combine some of those	P3	Or even speed dating in the luxury cruise	0.1		
435	grp-16	T3	496.3	P3	We could have a paintball over there ahahah | Or even speed dating in the luxury cruise	Sounds exotic.	P1	we sail to an island and do the thing	-0.86		
436	grp-16	T3	531.4	P3	yes | On the cruise, yes	We could also take the cruise to different departments, all the way to	P1	Different offices	0.44		
437	grp-16	T3	555.5	P4	and we can get the cocktails and dinner at the cruise you know even the fundraiser I mean we can do everything at the cruise | I mean if we take like the what is it the anthem of the sea the cruise ship we can all fit in you know it's fine and maybe then like some supportive smaller boats	I actually don't remember	P3	luxury cruise!	-0.4		
438	grp-16	T3	558.3	P3	We could also take the cruise to different departments, all the way to | yes	luxury cruise!	P4	I mean, if we have unlimited resources, which I don't remember if we have, but I'm totally up for it.	-1.03		
439	grp-16	T3	565.3	P4	I mean if we take like the what is it the anthem of the sea the cruise ship we can all fit in you know it's fine and maybe then like some supportive smaller boats | I actually don't remember	I mean, if we have unlimited resources, which I don't remember if we have, but I'm totally up for it.	P2	I don't remember.	-5.39		
440	grp-16	T3	575.0	P1	I can also see there are some similar things like walk and talk across departments and I also put the office tour abroad which could also be interesting | Different offices	No.	P4	No.	-1.52		
441	grp-16	T3	576.2	P1	I can also see there are some similar things like walk and talk across departments and I also put the office tour abroad which could also be interesting | Different offices	No.	P3	It was just an inclusive event for the entire organization	-0.24		
443	grp-16	T3	591.8	P1	So people might say this is not realistic. | That could be the reason to reject one of the ideas.	You could say.	P4	Oh then we have to give them reason why it's fair	0.39		
444	grp-16	T3	607.6	P3	It was just an inclusive event for the entire organization | And also they have like	received a lot of money recently. So we can spend it	P1	Now we have money	-0.43		
445	grp-16	T3	616.9	P1	Yeah, for example, if they want to go to Mars, then it's probably not realistic. | Now we have money	Yes, before it's wasted	P3	Exactly	-0.22		
446	grp-16	T3	618.8	P3	And also they have like | received a lot of money recently. So we can spend it	Exactly	P4	No, but I think if we sell it with the fundraiser, right, that we would be, like, on the cruise, but we would do, like, one evening where we would do a fundraiser.	0.37		
447	grp-16	T3	716.7	P4	Then they would be forced. | It's like, yeah.	I agree.	P2	I feel it sounds a lot of fun, but it's also more like we don't know the resources, but looking at like just GN, it's definitely not a thing that would happen anyway.	-0.94		
448	grp-16	T3	733.0	P3	Exactly | We could take the first point that you mentioned, the speed dating, into the cruise	Yeah.	P4	very party pooper vibe there	0.0		
449	grp-16	T3	737.0	P1	We got (…) already or | No, we have the power	UNINTELLIGIBLE	P3	It is cruise.	-1.71		
450	grp-16	T3	759.0	P1	No, we have the power | UNINTELLIGIBLE	definitely	P3	Yeah, we could like pick the treasure hunt or maybe like the under the sea party themed party.	-1.08		
451	grp-16	T3	786.0	P4	I'll do anything they tell me if they take me there. | No, I mean...	yeah I think so	P2	Because then I already know that it's going to be the luxury cruise. So I'm not completely sure but I'll go with	-0.54		
452	grp-16	T3	810.0	P2	Because then I already know that it's going to be the luxury cruise. So I'm not completely sure but I'll go with | No, it's more about like, it's the fun part.	But if I think of GN, like how do we get more together as a group, instead of being like in the clusters that people are always in.	P4	Well, I do believe we could specify there that we would like to go on the cruise, but we need to include some of the activities that will mean that we will maybe cross some of the bridges between departments, right?	0.0		
453	grp-16	T3	825.0	P3	Yeah, we could like pick the treasure hunt or maybe like the under the sea party themed party. | You'll have fun, join us!	That's true	P4	So that there would be also some structured activities and not just open bar and food for a few days.	0.4		
454	grp-16	T3	853.0	P2	Yeah, we need to | But that's only one of us that has to do that.	Are you doing it?	P3	I'm doing it	0.0		
